"cellcode","bio1","bio10","bio12","bio15","bio4"
"50kmE260N110",13.9291086196899,21.3754806518555,516.339965820312,29.798282623291,555.850708007812
"50kmE285N120",12.8645687103271,21.6639099121094,517.602172851562,47.0706405639648,649.273071289062
"50kmE285N125",14.1355228424072,22.5236186981201,745.660583496094,60.0523376464844,619.806823730469
"50kmE640N135",20.4263362884521,25.7087745666504,241.195816040039,112.679969787598,405.069671630859
"50kmE435N140",19.4463214874268,26.6955699920654,359.018493652344,54.6217155456543,547.889221191406
"50kmE470N140",19.1657447814941,25.0796298980713,510.008544921875,83.7502670288086,436.011932373047
"50kmE575N145",18.3879261016846,24.4898147583008,496.653930664062,91.9624252319336,460.090209960938
"50kmE635N155",20.0741329193115,25.978702545166,457.454040527344,102.533432006836,450.19287109375
"50kmE640N155",20.2835884094238,26.27366065979,518.319946289062,107.81428527832,457.107391357422
"50kmE630N160",19.8821887969971,25.8736972808838,499.290924072266,99.4479751586914,452.804656982422
"50kmE635N160",17.8900585174561,25.3082008361816,708.908630371094,91.5327835083008,574.677612304688
"50kmE640N160",18.490421295166,26.4204006195068,514.755554199219,89.9491424560547,614.973815917969
"50kmE645N160",20.1874008178711,26.3891429901123,424.985412597656,106.092781066895,473.758148193359
"50kmE650N160",20.2866439819336,26.116584777832,482.732727050781,111.54988861084,445.168975830078
"50kmE635N165",20.0472297668457,26.7601833343506,593.738830566406,96.9406509399414,511.809814453125
"50kmE640N165",19.7910842895508,28.1091899871826,452.453826904297,84.3056869506836,642.390380859375
"50kmE645N165",20.3636569976807,27.707799911499,370.756500244141,93.2226715087891,565.942443847656
"50kmE650N165",20.2373466491699,26.277250289917,434.21142578125,108.511085510254,459.725708007812
"50kmE655N165",20.3467502593994,26.2110595703125,614.795227050781,107.74560546875,450.852172851562
"50kmE660N165",20.3778324127197,26.2279586791992,1094.62060546875,100.68578338623,450.170166015625
"50kmE630N170",20.063549041748,26.6950016021729,1067.37902832031,97.4816589355469,503.512878417969
"50kmE635N170",20.1270408630371,26.9719314575195,934.066955566406,99.1518630981445,520.494018554688
"50kmE640N170",20.0334930419922,26.5727863311768,682.997497558594,102.378128051758,493.429748535156
"50kmE645N170",19.9873676300049,26.5317287445068,539.075500488281,103.848121643066,494.101348876953
"50kmE650N170",20.1903972625732,26.4348545074463,521.122985839844,105.739883422852,474.905822753906
"50kmE580N175",17.884916305542,24.4228248596191,724.716003417969,91.9076461791992,501.497711181641
"50kmE650N175",20.1381034851074,26.5347671508789,674.811157226562,104.904823303223,486.727111816406
"50kmE640N185",8.41508483886719,18.6522750854492,651.641052246094,53.4949989318848,803.181762695312
"50kmE570N190",16.8802680969238,24.2754516601562,565.169555664062,81.4985733032227,558.002685546875
"50kmE350N195",17.3427333831787,24.1997776031494,571.59912109375,43.4154930114746,504.587158203125
"50kmE275N200",15.3675622940063,22.0367851257324,911.880554199219,58.6725845336914,502.455657958984
"50kmE345N200",13.6659774780273,21.9187068939209,561.942016601562,31.1283760070801,607.661560058594
"50kmE350N200",15.6068754196167,23.1219539642334,556.81591796875,38.9375267028809,563.649475097656
"50kmE355N200",16.8593330383301,23.7280311584473,581.749633789062,43.4214477539062,507.519134521484
"50kmE360N200",17.0078735351562,23.627103805542,581.35546875,41.5541648864746,480.800201416016
"50kmE420N200",16.7841930389404,22.8884544372559,598.465942382812,54.5647392272949,447.406677246094
"50kmE425N200",16.9242496490479,23.4011993408203,546.915832519531,52.161563873291,476.620178222656
"50kmE345N205",16.2495746612549,25.0248641967773,359.291381835938,33.4464721679688,651.016418457031
"50kmE350N205",15.5730094909668,24.1411380767822,430.721069335938,38.2883262634277,641.735778808594
"50kmE355N205",14.1105699539185,22.3829498291016,518.861267089844,37.6037712097168,618.404663085938
"50kmE360N205",14.3290634155273,21.9285335540771,595.286254882812,33.5023498535156,572.837768554688
"50kmE365N205",15.4829072952271,22.4750919342041,640.105529785156,31.2488174438477,521.049926757812
"50kmE370N205",16.3427391052246,22.9129199981689,640.557800292969,37.2956733703613,480.716583251953
"50kmE420N205",14.8635835647583,21.7198276519775,975.308349609375,50.3298187255859,511.78857421875
"50kmE425N205",15.6163282394409,22.895544052124,748.193237304688,49.3949813842773,540.040344238281
"50kmE350N210",15.1106662750244,24.4235210418701,420.130432128906,33.8301048278809,695.297546386719
"50kmE355N210",14.0496301651001,23.0950832366943,524.375610351562,31.5067272186279,678.549133300781
"50kmE360N210",12.5937004089355,20.9930267333984,666.807983398438,30.5537643432617,631.628723144531
"50kmE365N210",11.9342565536499,19.7729511260986,878.834228515625,25.2825622558594,587.687438964844
"50kmE370N210",14.6576452255249,22.2117691040039,801.269470214844,26.4374504089355,567.992370605469
"50kmE375N210",16.0556316375732,22.0916309356689,591.839050292969,42.2207565307617,438.843048095703
"50kmE420N210",12.0730743408203,19.3547668457031,1179.90771484375,49.1690063476562,547.370971679688
"50kmE425N210",14.626898765564,21.872688293457,848.580200195312,44.4231605529785,541.513366699219
"50kmE355N215",9.52510643005371,18.1513080596924,837.555358886719,28.0742835998535,642.4873046875
"50kmE360N215",7.1952223777771,15.6191778182983,886.934265136719,25.3994922637939,628.900390625
"50kmE365N215",7.28492784500122,15.1456327438354,1008.74603271484,21.9734687805176,589.611328125
"50kmE370N215",13.1716394424438,20.9131031036377,875.846252441406,25.0557804107666,582.28271484375
"50kmE375N215",15.7097969055176,21.9759178161621,630.077819824219,41.3210525512695,464.210174560547
"50kmE420N215",16.0236282348633,22.8302917480469,697.969909667969,49.2938537597656,509.266784667969
"50kmE425N215",15.6344184875488,22.3881320953369,668.993530273438,46.5563659667969,501.590057373047
"50kmE345N220",7.35126686096191,15.6874160766602,1407.88208007812,26.5330867767334,612.13720703125
"50kmE350N220",5.42726612091064,13.6852045059204,1356.52221679688,20.5118007659912,614.299072265625
"50kmE355N220",5.2393217086792,13.1067419052124,1340.63037109375,17.3363876342773,592.608032226562
"50kmE360N220",6.75628852844238,14.4829940795898,1260.44714355469,15.6145296096802,585.564575195312
"50kmE365N220",9.35390949249268,16.7324981689453,989.174682617188,18.6218223571777,558.179382324219
"50kmE370N220",13.9179601669312,21.6440582275391,753.935119628906,32.9749870300293,578.323425292969
"50kmE375N220",15.5965185165405,22.1483421325684,587.600830078125,42.5337371826172,490.989074707031
"50kmE390N220",15.6901063919067,21.7303619384766,541.717041015625,50.0687828063965,453.734954833984
"50kmE395N220",15.4658012390137,21.8831081390381,640.060791015625,48.3951187133789,480.538146972656
"50kmE400N220",16.0707607269287,23.2189559936523,736.368041992188,48.8409080505371,533.490661621094
"50kmE405N220",16.4507484436035,22.6118717193604,702.707946777344,55.1480445861816,452.551513671875
"50kmE425N220",16.6215877532959,22.9108448028564,573.790100097656,49.6690368652344,460.886566162109
"50kmE335N225",11.2605314254761,17.9390316009521,1435.74047851562,30.2080821990967,512.320922851562
"50kmE340N225",9.82830905914307,16.6881198883057,1745.04125976562,26.8408889770508,519.477600097656
"50kmE345N225",9.60788917541504,16.5710258483887,1599.46875,19.9787082672119,526.160766601562
"50kmE350N225",10.7437295913696,17.8123779296875,1265.59509277344,17.8194389343262,536.727783203125
"50kmE355N225",12.410774230957,19.5558013916016,1013.89929199219,16.7518482208252,547.816589355469
"50kmE360N225",13.0222206115723,20.3188343048096,902.993469238281,17.529239654541,557.749389648438
"50kmE365N225",12.8676385879517,20.2679958343506,896.963256835938,20.2294082641602,560.568359375
"50kmE370N225",13.0618286132812,20.7269878387451,935.214050292969,32.0600738525391,573.116943359375
"50kmE375N225",14.7333831787109,22.0193309783936,713.191101074219,39.3725280761719,544.611694335938
"50kmE380N225",15.1936225891113,21.7160129547119,648.547485351562,42.3147926330566,492.192779541016
"50kmE385N225",15.4290132522583,22.2667007446289,589.204956054688,46.0030364990234,518.183044433594
"50kmE390N225",15.1616439819336,23.2725772857666,601.902709960938,43.5408401489258,608.852783203125
"50kmE395N225",13.2939653396606,21.5605487823486,738.109497070312,39.3803977966309,620.792419433594
"50kmE400N225",13.4570503234863,21.6609554290771,908.891723632812,38.9532814025879,615.191833496094
"50kmE405N225",14.9485578536987,22.1573810577393,914.448974609375,48.8529853820801,542.935913085938
"50kmE410N225",16.3825740814209,22.8027038574219,738.605590820312,55.0578575134277,474.823791503906
"50kmE335N230",13.8436002731323,19.3281936645508,1871.0517578125,26.5138854980469,419.454467773438
"50kmE340N230",13.8633613586426,20.1248588562012,1378.68322753906,24.5009117126465,488.56396484375
"50kmE345N230",13.6017694473267,20.400354385376,1136.44409179688,19.7310657501221,527.089599609375
"50kmE350N230",13.3812303543091,20.5387268066406,886.490356445312,16.3348064422607,549.501342773438
"50kmE355N230",13.3931131362915,20.8036556243896,734.892333984375,14.6130847930908,567.02392578125
"50kmE360N230",13.5508394241333,21.0953159332275,696.939208984375,16.8557529449463,574.462585449219
"50kmE365N230",13.2015762329102,20.7351226806641,890.679504394531,17.8270816802979,571.382873535156
"50kmE370N230",10.8822193145752,18.350133895874,1389.9580078125,25.615104675293,559.03955078125
"50kmE375N230",11.3201265335083,19.1004428863525,1192.86010742188,36.8217277526855,576.30908203125
"50kmE380N230",13.5660924911499,21.8372840881348,1083.34069824219,42.4230995178223,611.542175292969
"50kmE385N230",14.8594875335693,23.5913352966309,770.70849609375,41.2575225830078,646.563171386719
"50kmE390N230",14.039698600769,22.8584327697754,792.066284179688,38.8827247619629,657.243103027344
"50kmE395N230",11.4153823852539,19.952184677124,871.209594726562,32.576774597168,642.222595214844
"50kmE400N230",9.22196578979492,17.6853790283203,1092.86669921875,26.9141139984131,644.976867675781
"50kmE405N230",7.66670656204224,16.0008525848389,1209.75610351562,32.8507957458496,636.749145507812
"50kmE410N230",8.42680263519287,16.3826503753662,1188.6611328125,35.3305778503418,607.710571289062
"50kmE335N235",14.9155197143555,20.0383911132812,1395.66931152344,36.2425384521484,377.439727783203
"50kmE340N235",14.2998542785645,20.5094890594482,1228.38513183594,26.9791278839111,477.664184570312
"50kmE345N235",13.907054901123,21.0225410461426,982.111083984375,18.7415161132812,547.390380859375
"50kmE350N235",13.5684232711792,20.9788703918457,818.213134765625,14.8800954818726,565.272033691406
"50kmE355N235",13.5053958892822,21.0751285552979,754.123168945312,13.4186668395996,578.954162597656
"50kmE360N235",13.3882322311401,21.0174388885498,768.049682617188,13.8902502059937,580.322204589844
"50kmE365N235",12.455958366394,20.02614402771,930.656433105469,15.653751373291,571.280395507812
"50kmE370N235",10.6583490371704,18.2240810394287,1141.38977050781,17.8196430206299,565.084411621094
"50kmE375N235",9.61850166320801,17.360466003418,1117.15625,23.6918182373047,577.599670410156
"50kmE380N235",10.0404472351074,17.9978866577148,1490.56213378906,38.504467010498,589.252014160156
"50kmE385N235",13.7539777755737,22.4086418151855,1074.78894042969,39.8370361328125,641.872497558594
"50kmE390N235",12.4957675933838,21.1678867340088,1003.82672119141,32.8601989746094,649.152526855469
"50kmE395N235",9.11749172210693,17.5806217193604,1012.09973144531,29.7968158721924,647.218566894531
"50kmE400N235",6.46351861953735,15.4374322891235,1224.03247070312,25.6112861633301,696.462463378906
"50kmE405N235",2.0493266582489,11.1077356338501,1319.94873046875,26.0900020599365,691.074951171875
"50kmE340N240",14.4048404693604,20.3901767730713,1037.17846679688,30.5253734588623,457.765075683594
"50kmE345N240",13.7582502365112,20.8288955688477,963.759582519531,20.3174667358398,541.544982910156
"50kmE350N240",13.5259590148926,20.9057350158691,848.68359375,15.0758619308472,562.826110839844
"50kmE355N240",13.3192043304443,20.8199348449707,850.748291015625,13.2041988372803,572.241821289062
"50kmE360N240",12.7829074859619,20.271614074707,896.949890136719,12.4700117111206,568.638793945312
"50kmE365N240",12.0348787307739,19.543851852417,1069.21667480469,14.5344390869141,567.398376464844
"50kmE370N240",10.7413682937622,18.3298969268799,1366.48095703125,17.2800102233887,568.890686035156
"50kmE375N240",8.09352779388428,15.718204498291,1168.9912109375,19.1391334533691,568.430908203125
"50kmE380N240",7.52221632003784,15.2654724121094,1167.19958496094,27.1838474273682,578.618957519531
"50kmE385N240",9.9775972366333,18.050199508667,1352.97509765625,36.8022880554199,602.197143554688
"50kmE390N240",11.8432865142822,20.3691463470459,1151.9931640625,30.0272960662842,643.630554199219
"50kmE395N240",7.31198024749756,15.7788352966309,1352.82543945312,18.5406913757324,650.119995117188
"50kmE400N240",1.49699294567108,10.8433694839478,1669.69677734375,19.4714031219482,717.301330566406
"50kmE405N240",2.23421812057495,11.6700811386108,1109.11437988281,25.468864440918,723.023193359375
"50kmE340N245",14.2610530853271,19.9825572967529,954.991149902344,34.8347549438477,435.834411621094
"50kmE345N245",13.6701049804688,20.607292175293,900.676147460938,23.0116577148438,531.722412109375
"50kmE350N245",13.4638242721558,20.7192516326904,849.371520996094,17.630407333374,554.032409667969
"50kmE355N245",13.0621604919434,20.4570560455322,883.500915527344,14.8546829223633,562.314758300781
"50kmE360N245",12.6569299697876,20.1235122680664,940.261474609375,13.4181118011475,565.879028320312
"50kmE365N245",11.670636177063,19.1658267974854,1323.54602050781,14.5069198608398,564.599609375
"50kmE370N245",9.25981426239014,16.6331748962402,1640.92944335938,14.7362833023071,553.284790039062
"50kmE375N245",7.98786783218384,15.5865697860718,1100.45056152344,17.5699691772461,568.916809082031
"50kmE380N245",9.123215675354,16.9541358947754,905.615173339844,22.7258281707764,585.981567382812
"50kmE385N245",9.11844158172607,17.0057563781738,1011.83325195312,26.7318515777588,592.483947753906
"50kmE390N245",11.7974796295166,20.2703075408936,1004.75152587891,26.9050064086914,642.749267578125
"50kmE395N245",9.70200634002686,18.2361354827881,1471.669921875,14.2773914337158,656.470458984375
"50kmE400N245",4.32996940612793,13.3210802078247,1632.21557617188,10.9860515594482,698.3046875
"50kmE405N245",-0.210780754685402,9.25822162628174,1535.77966308594,15.7321910858154,724.418579101562
"50kmE515N245",12.2806348800659,22.1442546844482,684.928466796875,23.2262897491455,791.056701660156
"50kmE340N250",14.0331840515137,19.6337032318115,926.183471679688,37.542163848877,426.347778320312
"50kmE345N250",13.5850505828857,20.4214878082275,884.737243652344,25.7278385162354,524.066467285156
"50kmE350N250",12.968318939209,20.0996227264404,869.780334472656,20.1002635955811,543.745361328125
"50kmE355N250",12.5391283035278,19.8167572021484,955.900756835938,16.7030639648438,550.880493164062
"50kmE360N250",11.7512836456299,19.0825443267822,1098.71313476562,14.7872734069824,552.185729980469
"50kmE365N250",10.4874086380005,17.7933387756348,1460.14916992188,14.1472864151001,549.269958496094
"50kmE370N250",9.25352764129639,16.6058330535889,1384.71765136719,11.2315711975098,552.541442871094
"50kmE375N250",8.82161045074463,16.3613224029541,1142.9912109375,15.5383434295654,567.042358398438
"50kmE380N250",9.12174892425537,16.8976707458496,1091.67626953125,18.5892753601074,586.017028808594
"50kmE385N250",10.6221876144409,18.7847175598145,899.694458007812,23.0376224517822,617.191040039062
"50kmE390N250",11.9240856170654,20.3936862945557,902.139526367188,22.6422138214111,643.375732421875
"50kmE395N250",11.172290802002,19.7307395935059,1270.58666992188,15.1639995574951,657.887023925781
"50kmE400N250",7.88258838653564,16.5986576080322,1593.470703125,11.4116430282593,680.390075683594
"50kmE405N250",0.887436270713806,10.2759990692139,2127.03979492188,10.6417512893677,731.141174316406
"50kmE410N250",0.447137862443924,9.98590564727783,1428.14196777344,17.4628448486328,735.316528320312
"50kmE415N250",5.31866502761841,14.3959150314331,1735.32397460938,35.1379241943359,700.582153320312
"50kmE420N250",11.9296989440918,20.9513034820557,1642.30444335938,32.9634742736816,691.580200195312
"50kmE425N250",10.2518110275269,19.2572631835938,1534.6103515625,34.1148376464844,700.184631347656
"50kmE465N250",8.92572593688965,17.8323001861572,1677.29675292969,21.0899600982666,691.475158691406
"50kmE340N255",13.718635559082,19.176586151123,823.880065917969,34.733341217041,415.366333007812
"50kmE345N255",13.2379865646362,20.0199108123779,860.600952148438,27.2734184265137,518.437927246094
"50kmE350N255",12.7281093597412,19.7676067352295,880.358459472656,22.6381702423096,536.739929199219
"50kmE355N255",12.2670316696167,19.4477081298828,941.992004394531,19.1206474304199,543.462890625
"50kmE360N255",11.4879732131958,18.7566719055176,1085.69445800781,16.0196628570557,546.451843261719
"50kmE365N255",10.5032663345337,17.7491874694824,1249.2421875,13.6795539855957,544.802368164062
"50kmE370N255",9.99830722808838,17.352388381958,1022.2177734375,11.8439931869507,552.63671875
"50kmE375N255",10.1949663162231,17.7606716156006,875.137756347656,20.0121002197266,569.886291503906
"50kmE380N255",10.5946998596191,18.4186115264893,993.826416015625,18.1208343505859,590.197265625
"50kmE385N255",10.7815971374512,18.8759689331055,959.322509765625,16.7912616729736,611.449035644531
"50kmE390N255",11.7932605743408,20.1208362579346,1001.46319580078,15.9056692123413,633.681335449219
"50kmE395N255",10.3304443359375,18.5181312561035,1591.48681640625,13.6977386474609,625.303771972656
"50kmE400N255",9.40899181365967,17.7367000579834,1469.25463867188,11.7794141769409,643.832580566406
"50kmE405N255",5.59492063522339,14.4462938308716,1777.44372558594,12.0076341629028,693.007751464844
"50kmE410N255",0.762213945388794,10.2962522506714,1474.87451171875,13.9283256530762,752.582458496094
"50kmE415N255",0.565087080001831,9.96756553649902,1830.7841796875,22.5553188323975,727.787780761719
"50kmE420N255",5.00364446640015,13.9846649169922,2244.8134765625,33.5885887145996,695.881469726562
"50kmE425N255",3.49604988098145,12.5301990509033,1847.46716308594,35.8187484741211,711.776184082031
"50kmE430N255",1.30010509490967,10.8160562515259,1430.61608886719,33.8377532958984,763.759887695312
"50kmE435N255",0.645666420459747,10.1948118209839,1444.88525390625,40.674373626709,773.651550292969
"50kmE340N260",13.4296503067017,18.7506408691406,745.973510742188,30.2529258728027,407.072967529297
"50kmE345N260",12.9491481781006,19.5326690673828,805.809997558594,26.8101940155029,504.441284179688
"50kmE350N260",12.3335237503052,19.3191795349121,905.532165527344,23.4825115203857,530.178344726562
"50kmE355N260",12.0050201416016,19.1807804107666,854.595275878906,20.1778526306152,543.110412597656
"50kmE360N260",11.9584665298462,19.3027172088623,869.214477539062,16.1723747253418,552.28955078125
"50kmE365N260",11.3889455795288,18.7516822814941,957.889038085938,13.2641115188599,553.638305664062
"50kmE370N260",11.118992805481,18.62624168396,879.566833496094,12.6213064193726,564.155639648438
"50kmE375N260",11.2775192260742,18.9912662506104,831.350891113281,16.2165470123291,581.964416503906
"50kmE380N260",11.5398387908936,19.5305233001709,846.289367675781,15.9610586166382,602.146057128906
"50kmE385N260",11.2601270675659,19.3926620483398,944.880859375,13.5040397644043,614.058776855469
"50kmE390N260",11.7157640457153,20.0139312744141,940.329772949219,15.099910736084,630.069458007812
"50kmE395N260",11.267204284668,19.437047958374,1433.08776855469,13.0034322738647,623.750915527344
"50kmE400N260",8.10854721069336,15.8955249786377,1744.794921875,10.2158575057983,598.738586425781
"50kmE405N260",9.35618591308594,17.4768085479736,1351.90942382812,12.6124305725098,625.747192382812
"50kmE410N260",6.09810256958008,14.6418180465698,1590.12145996094,22.7499809265137,663.617309570312
"50kmE415N260",2.4225652217865,11.0057992935181,2033.49621582031,19.8026332855225,663.703186035156
"50kmE420N260",0.460396140813828,9.36847686767578,2307.87915039062,21.1690521240234,695.284729003906
"50kmE425N260",1.78361546993256,10.7402839660645,1641.78576660156,28.2516613006592,709.4443359375
"50kmE430N260",-1.13570475578308,8.06402206420898,1460.09228515625,32.4899673461914,732.365417480469
"50kmE435N260",-0.708994567394257,8.64425277709961,1146.88403320312,38.3686714172363,741.199096679688
"50kmE470N260",8.18779277801514,17.4115123748779,1210.40295410156,36.8616943359375,732.881469726562
"50kmE335N265",13.4527254104614,18.3570728302002,784.5771484375,32.1936874389648,370.094512939453
"50kmE340N265",12.8652210235596,18.6087493896484,838.844360351562,31.0591773986816,441.63037109375
"50kmE345N265",12.2116527557373,18.9068222045898,879.561401367188,27.8371658325195,508.1826171875
"50kmE350N265",11.6316614151001,18.5872783660889,878.265869140625,23.34934425354,525.281921386719
"50kmE355N265",11.9277324676514,19.130651473999,745.746765136719,18.8400211334229,544.097778320312
"50kmE360N265",12.0171966552734,19.4272022247314,753.055725097656,16.5730285644531,557.975524902344
"50kmE365N265",11.861988067627,19.3965435028076,806.110229492188,14.7305555343628,568.220336914062
"50kmE370N265",11.6978921890259,19.3281517028809,815.171936035156,12.7064638137817,576.01220703125
"50kmE375N265",11.5256681442261,19.302152633667,832.833374023438,12.3380298614502,586.636596679688
"50kmE380N265",11.2871341705322,19.1426849365234,964.437255859375,11.7235918045044,593.958801269531
"50kmE385N265",10.217604637146,18.111852645874,1111.818359375,13.6720609664917,597.601257324219
"50kmE390N265",10.7940664291382,18.9678573608398,866.561401367188,13.8585815429688,620.813903808594
"50kmE395N265",11.5910634994507,19.898401260376,1013.61065673828,14.5534801483154,633.398742675781
"50kmE400N265",10.1247186660767,18.118200302124,1479.27233886719,10.3189830780029,611.923217773438
"50kmE405N265",8.13975524902344,16.0597724914551,1499.67834472656,9.93018054962158,608.520690917969
"50kmE410N265",8.94342422485352,17.1329822540283,1318.33666992188,13.6738061904907,629.022583007812
"50kmE415N265",9.12765502929688,17.302942276001,1404.91162109375,19.8163642883301,630.178833007812
"50kmE420N265",7.93523836135864,16.2613716125488,1822.40270996094,24.2072486877441,647.217712402344
"50kmE425N265",5.79684638977051,14.309006690979,1798.09497070312,25.108362197876,673.58349609375
"50kmE430N265",2.20436882972717,10.8984231948853,2027.58911132812,26.8351955413818,688.109497070312
"50kmE470N265",8.07592105865479,17.3489761352539,939.3076171875,46.2285270690918,738.258972167969
"50kmE475N265",9.80049228668213,19.314395904541,819.914672851562,42.1397895812988,757.281494140625
"50kmE335N270",13.0083045959473,17.9859714508057,751.061950683594,32.0040702819824,382.266265869141
"50kmE340N270",12.433892250061,18.590799331665,833.336486816406,28.827091217041,472.636199951172
"50kmE345N270",11.8705158233643,18.5080738067627,851.636108398438,26.0095882415771,502.172302246094
"50kmE350N270",11.7660570144653,18.682638168335,740.633850097656,21.2661209106445,522.162719726562
"50kmE355N270",12.0192213058472,19.1593265533447,677.345458984375,17.0534439086914,539.225891113281
"50kmE360N270",11.8733406066895,19.2003192901611,714.906311035156,16.520679473877,553.2021484375
"50kmE365N270",11.7917785644531,19.3187618255615,732.045837402344,14.9802389144897,566.699523925781
"50kmE370N270",11.6349964141846,19.2319431304932,812.955749511719,12.3792028427124,574.025817871094
"50kmE375N270",11.1115989685059,18.7415790557861,852.232482910156,11.1604738235474,576.740966796875
"50kmE380N270",10.9550838470459,18.6517009735107,874.571044921875,10.4602241516113,582.946472167969
"50kmE385N270",10.5053262710571,18.2452716827393,970.052673339844,10.2764368057251,588.015686035156
"50kmE390N270",10.0318803787231,17.8912830352783,929.661193847656,11.6865091323853,597.449523925781
"50kmE395N270",10.8316879272461,19.0399913787842,945.374816894531,14.0633821487427,625.761291503906
"50kmE400N270",10.8648233413696,19.0580825805664,1129.30212402344,12.8984985351562,624.769775390625
"50kmE405N270",10.0316295623779,18.254035949707,1466.82653808594,14.9945764541626,628.876525878906
"50kmE410N270",10.0411472320557,18.4688453674316,1131.78503417969,14.5315446853638,644.296325683594
"50kmE415N270",8.79458236694336,17.0407581329346,1458.39916992188,12.7594366073608,635.798706054688
"50kmE420N270",9.50041389465332,17.9650478363037,1044.58349609375,17.6120662689209,653.737243652344
"50kmE425N270",9.56544780731201,18.2188835144043,1191.21252441406,24.7322273254395,675.114196777344
"50kmE430N270",7.41093969345093,15.8111515045166,1745.02575683594,21.3836307525635,655.934692382812
"50kmE475N270",7.70024585723877,16.7215003967285,926.205749511719,42.4797630310059,708.643249511719
"50kmE330N275",12.9728698730469,17.5200061798096,740.925598144531,30.4417686462402,343.486846923828
"50kmE335N275",12.5607481002808,17.89821434021,786.083984375,30.3887042999268,412.312133789062
"50kmE340N275",12.0558443069458,18.2452907562256,841.2490234375,28.3218688964844,473.936462402344
"50kmE345N275",11.8092670440674,18.3508911132812,792.080261230469,24.6031703948975,497.345306396484
"50kmE350N275",11.87353515625,18.7191295623779,706.197021484375,19.4243812561035,517.097045898438
"50kmE355N275",11.7759265899658,18.7835521697998,733.888732910156,17.5127201080322,529.49462890625
"50kmE360N275",11.4391183853149,18.6212730407715,721.090637207031,15.5964736938477,542.233337402344
"50kmE365N275",11.4739398956299,18.8702831268311,693.802795410156,14.6879291534424,558.072814941406
"50kmE370N275",11.4929800033569,18.9878253936768,761.295104980469,13.0263938903809,567.130249023438
"50kmE375N275",11.3012189865112,18.8798160552979,762.864929199219,10.8240699768066,573.61376953125
"50kmE380N275",11.0068883895874,18.6827411651611,802.204528808594,10.45960521698,579.982360839844
"50kmE385N275",10.8794412612915,18.6107788085938,828.077941894531,11.3976774215698,586.635559082031
"50kmE390N275",10.4542989730835,18.2409114837646,941.756225585938,11.811692237854,591.915649414062
"50kmE395N275",9.97610187530518,17.9185276031494,992.821105957031,13.3928298950195,603.125732421875
"50kmE400N275",10.1381225585938,18.2771530151367,1069.67504882812,13.6843252182007,619.543029785156
"50kmE405N275",8.67067432403564,16.6651210784912,1630.06640625,17.595272064209,611.531127929688
"50kmE410N275",9.93095111846924,18.4011325836182,999.394653320312,18.5227184295654,647.114318847656
"50kmE415N275",8.45804786682129,16.7216014862061,1424.25,14.607666015625,637.842468261719
"50kmE420N275",7.76039457321167,16.0431976318359,978.336853027344,17.6032257080078,639.850952148438
"50kmE325N280",12.7664604187012,17.1873168945312,888.595886230469,30.413646697998,331.752105712891
"50kmE330N280",12.2282772064209,17.1647186279297,917.981384277344,29.9191570281982,377.257110595703
"50kmE335N280",11.6149578094482,17.3478527069092,909.836364746094,27.8009548187256,439.566864013672
"50kmE340N280",11.5362186431885,17.6451244354248,849.970336914062,25.350679397583,466.966217041016
"50kmE345N280",11.4602708816528,17.8226375579834,807.748657226562,22.1154155731201,484.776641845703
"50kmE350N280",11.3286561965942,17.9819564819336,805.333374023438,20.6914710998535,503.908233642578
"50kmE355N280",11.2613162994385,18.1550750732422,786.100280761719,19.2477912902832,519.847900390625
"50kmE360N280",11.0478944778442,18.0757160186768,738.945922851562,16.1976146697998,531.780151367188
"50kmE365N280",10.8781490325928,18.0965671539307,692.014221191406,14.9440393447876,544.495971679688
"50kmE370N280",11.0882406234741,18.4326477050781,681.510498046875,12.6292629241943,555.921264648438
"50kmE375N280",11.240611076355,18.7526779174805,712.806335449219,11.4551553726196,567.473266601562
"50kmE380N280",11.0639953613281,18.7072563171387,745.83837890625,11.5416498184204,577.229797363281
"50kmE385N280",10.9560098648071,18.6755790710449,741.790832519531,11.8009815216064,583.993286132812
"50kmE390N280",10.8417263031006,18.6061859130859,872.403869628906,11.2334842681885,590.061706542969
"50kmE395N280",9.96091079711914,17.7498550415039,1057.85424804688,13.4780035018921,592.483581542969
"50kmE400N280",9.84991550445557,17.8562049865723,957.087951660156,12.8341341018677,609.144165039062
"50kmE405N280",9.99109554290771,18.1963691711426,1046.02758789062,12.9511795043945,624.915710449219
"50kmE410N280",9.60212898254395,17.818078994751,1050.68933105469,14.3307790756226,629.544494628906
"50kmE415N280",9.78295803070068,18.1129570007324,1285.42553710938,14.5531320571899,640.1171875
"50kmE460N280",8.32289981842041,17.2414398193359,924.916015625,22.8685703277588,701.949951171875
"50kmE465N280",7.67932176589966,16.5629978179932,910.639465332031,31.1153316497803,699.24658203125
"50kmE320N285",12.6282091140747,16.4891700744629,786.29833984375,28.4476985931396,285.778167724609
"50kmE325N285",11.7753505706787,16.4653568267822,1115.22644042969,30.4497947692871,356.413146972656
"50kmE330N285",10.8498106002808,16.2926349639893,1128.23950195312,29.2125816345215,414.494934082031
"50kmE335N285",10.8264236450195,16.4589023590088,908.582580566406,23.6114768981934,429.892944335938
"50kmE340N285",11.3056526184082,17.0895519256592,784.716918945312,19.9432888031006,444.486419677734
"50kmE345N285",11.2883291244507,17.2814197540283,859.781005859375,20.2876892089844,459.92138671875
"50kmE350N285",10.7428436279297,17.076208114624,962.463500976562,22.1346092224121,482.276275634766
"50kmE355N285",10.4525423049927,17.0481014251709,833.5830078125,20.1087169647217,498.466461181641
"50kmE360N285",10.3791484832764,17.1414394378662,781.91748046875,17.5191345214844,513.120544433594
"50kmE365N285",10.5801801681519,17.5894584655762,691.978332519531,14.571400642395,528.979370117188
"50kmE370N285",10.8238325119019,17.9778957366943,682.635681152344,12.3940887451172,541.398986816406
"50kmE375N285",11.1385736465454,18.4757804870605,702.067687988281,12.1430292129517,557.153381347656
"50kmE380N285",10.7213296890259,18.1790027618408,743.2255859375,12.6563081741333,566.126220703125
"50kmE385N285",10.5999097824097,18.1909523010254,752.207397460938,10.8814086914062,575.889343261719
"50kmE390N285",10.6727609634399,18.386360168457,839.501647949219,10.9941310882568,585.572937011719
"50kmE395N285",10.0208234786987,17.7525367736816,1038.97106933594,15.3520317077637,589.558227539062
"50kmE400N285",10.0599012374878,18.0477542877197,865.272033691406,12.7215347290039,608.863403320312
"50kmE405N285",10.0680084228516,18.2819766998291,882.67431640625,13.0150728225708,623.5029296875
"50kmE410N285",9.87173652648926,18.1289253234863,928.487609863281,13.7413139343262,628.55322265625
"50kmE415N285",10.5108299255371,19.0129089355469,936.444091796875,13.646409034729,651.040588378906
"50kmE455N285",6.56732368469238,15.3584136962891,1290.78076171875,17.8561897277832,692.042724609375
"50kmE460N285",7.42139053344727,16.2436752319336,818.164855957031,31.5112552642822,693.838989257812
"50kmE465N285",8.20322799682617,17.1466255187988,732.164916992188,37.2364845275879,703.277221679688
"50kmE470N285",8.36248970031738,17.5514698028564,652.954040527344,36.5819702148438,719.136474609375
"50kmE475N285",9.77896022796631,19.4251708984375,524.182922363281,41.1542091369629,753.980346679688
"50kmE480N285",10.2215967178345,19.9400615692139,555.253845214844,33.0475273132324,764.203735351562
"50kmE485N285",9.41246318817139,18.9191665649414,642.085632324219,26.7824020385742,750.512817382812
"50kmE320N290",12.3461170196533,16.1410713195801,829.27734375,29.0269908905029,276.818939208984
"50kmE325N290",11.6394510269165,16.0704956054688,1117.66259765625,30.0343399047852,332.212127685547
"50kmE330N290",11.2048768997192,15.9113349914551,1121.82873535156,31.149787902832,355.305358886719
"50kmE335N290",11.6068019866943,16.4786148071289,838.827575683594,26.2146015167236,365.455322265625
"50kmE340N290",11.9295749664307,16.7849197387695,799.581237792969,26.1743259429932,363.029022216797
"50kmE345N290",11.6315860748291,16.9194679260254,900.520629882812,24.6193580627441,402.292358398438
"50kmE350N290",10.5756149291992,16.5547161102295,1093.6923828125,23.0894145965576,457.678863525391
"50kmE355N290",10.8480072021484,17.1510982513428,794.659851074219,17.1598682403564,480.377532958984
"50kmE360N290",10.4448080062866,16.9046287536621,804.873229980469,16.4915218353271,492.123596191406
"50kmE365N290",10.6593713760376,17.3856563568115,733.277526855469,14.6320714950562,510.814697265625
"50kmE370N290",10.7349767684937,17.6499938964844,739.998474121094,13.9185628890991,525.616577148438
"50kmE375N290",10.8194122314453,17.890193939209,725.281066894531,12.3276300430298,539.391540527344
"50kmE380N290",10.6365222930908,17.8286399841309,752.052307128906,13.0930624008179,550.084594726562
"50kmE385N290",10.5527305603027,17.9235172271729,735.935729980469,11.238489151001,562.578186035156
"50kmE390N290",10.4484548568726,17.9766693115234,845.231689453125,10.613224029541,574.130737304688
"50kmE395N290",9.87489128112793,17.4945449829102,1021.88995361328,15.081374168396,582.093872070312
"50kmE400N290",9.65316581726074,17.4653835296631,929.319946289062,14.0555734634399,596.179504394531
"50kmE405N290",9.61277294158936,17.6371898651123,924.228393554688,13.1415233612061,611.794311523438
"50kmE450N290",7.87787389755249,16.7863101959229,854.668151855469,20.1508598327637,698.154418945312
"50kmE455N290",7.72214698791504,16.6096973419189,757.924072265625,30.4967823028564,694.558959960938
"50kmE460N290",8.29777908325195,17.2136135101318,646.628356933594,39.309814453125,696.938354492188
"50kmE465N290",7.94498014450073,16.8642292022705,708.293701171875,32.0013771057129,701.427490234375
"50kmE470N290",7.53235387802124,16.5457916259766,701.844421386719,31.342248916626,708.035705566406
"50kmE475N290",8.41993236541748,17.7856349945068,577.246887207031,35.5302085876465,734.631225585938
"50kmE480N290",9.10108757019043,18.5262622833252,581.343017578125,36.3146018981934,741.345153808594
"50kmE485N290",9.01675224304199,18.3920383453369,685.369323730469,29.8912029266357,741.54833984375
"50kmE490N290",7.73550033569336,16.9178466796875,858.421508789062,23.0940570831299,730.189636230469
"50kmE345N295",11.7266654968262,16.8842811584473,912.628051757812,29.0694198608398,390.484100341797
"50kmE350N295",11.5048542022705,17.0142288208008,899.887878417969,25.8085136413574,418.553436279297
"50kmE355N295",11.547064781189,17.2505550384521,842.82080078125,21.5564842224121,433.611236572266
"50kmE360N295",10.914571762085,16.8806095123291,915.066040039062,20.9985942840576,457.71484375
"50kmE365N295",10.4856748580933,16.9125156402588,913.297058105469,17.6665954589844,491.867767333984
"50kmE370N295",10.1706514358521,16.7739887237549,833.664001464844,15.635778427124,504.952697753906
"50kmE375N295",10.5009622573853,17.3149089813232,720.779479980469,13.3396234512329,521.637268066406
"50kmE380N295",10.6225728988647,17.6148071289062,739.395385742188,12.8784322738647,536.470458984375
"50kmE385N295",10.340313911438,17.4897956848145,841.305908203125,11.4913778305054,549.412658691406
"50kmE390N295",9.67244911193848,16.9594192504883,1064.77368164062,14.9642429351807,558.349975585938
"50kmE395N295",8.94190502166748,16.3155136108398,1183.63452148438,17.009204864502,567.461181640625
"50kmE400N295",8.67003059387207,16.253547668457,993.522521972656,15.3309621810913,581.912231445312
"50kmE405N295",9.02902698516846,16.9143238067627,871.15087890625,11.0892562866211,603.075256347656
"50kmE445N295",7.49126768112183,16.2068729400635,887.101501464844,15.4364986419678,679.593383789062
"50kmE450N295",7.33585023880005,16.1204280853271,729.552368164062,22.4407176971436,683.173950195312
"50kmE455N295",8.13919448852539,17.0713977813721,581.301208496094,37.5891227722168,695.127685546875
"50kmE460N295",8.49863910675049,17.4397373199463,597.844787597656,41.3868141174316,697.119323730469
"50kmE465N295",8.3739709854126,17.20774269104,663.9541015625,34.9262237548828,690.687622070312
"50kmE470N295",8.03496646881104,16.9219970703125,705.837768554688,33.6659736633301,698.24072265625
"50kmE475N295",7.48485469818115,16.4647121429443,701.187866210938,29.678783416748,706.302062988281
"50kmE480N295",8.24149131774902,17.6047821044922,650.042724609375,31.8502712249756,738.803283691406
"50kmE485N295",8.17012691497803,17.3603286743164,730.892150878906,34.5558738708496,725.418762207031
"50kmE490N295",7.65480613708496,16.6241416931152,955.110107421875,32.865966796875,712.342956542969
"50kmE495N295",6.43900489807129,15.4204502105713,1142.99096679688,30.5863342285156,715.026489257812
"50kmE345N300",11.5974493026733,16.2516555786133,867.39306640625,36.8691368103027,345.159820556641
"50kmE350N300",11.6346302032471,16.3436756134033,897.190063476562,39.6815528869629,346.759307861328
"50kmE360N300",11.4206590652466,16.5869770050049,889.85791015625,27.9709243774414,385.903747558594
"50kmE365N300",11.105372428894,16.8176002502441,921.950012207031,25.6149749755859,436.521148681641
"50kmE370N300",10.6111125946045,16.8108978271484,867.25341796875,18.2033004760742,479.021606445312
"50kmE375N300",10.3217668533325,16.8990287780762,819.696838378906,14.0517454147339,505.505676269531
"50kmE380N300",10.3992614746094,17.1829986572266,776.361572265625,11.4279279708862,521.675048828125
"50kmE385N300",10.0384674072266,16.9483318328857,881.012817382812,11.3494739532471,531.376098632812
"50kmE390N300",9.54250431060791,16.5761642456055,1013.49523925781,12.2086048126221,541.076232910156
"50kmE395N300",9.20418453216553,16.3564929962158,1037.43286132812,10.8099460601807,552.260559082031
"50kmE400N300",8.17262840270996,15.4878797531128,1088.00036621094,11.2236280441284,564.674865722656
"50kmE405N300",7.86946439743042,15.3692665100098,999.759643554688,11.7849893569946,577.876159667969
"50kmE445N300",7.23603916168213,15.7416276931763,869.9931640625,17.4016799926758,663.532531738281
"50kmE450N300",6.41262340545654,15.0542039871216,886.260070800781,19.2665500640869,672.607482910156
"50kmE455N300",8.38778877258301,17.474702835083,579.733459472656,34.4673843383789,703.18408203125
"50kmE460N300",9.13739585876465,18.2961025238037,551.51953125,41.7841110229492,710.432556152344
"50kmE465N300",9.32155990600586,18.4380626678467,622.045532226562,34.2596244812012,709.528015136719
"50kmE470N300",9.03346538543701,18.1343421936035,636.233947753906,28.6463832855225,711.174621582031
"50kmE475N300",7.48824787139893,16.4917640686035,862.847473144531,23.2765731811523,708.760498046875
"50kmE480N300",6.28408241271973,15.1647510528564,906.971130371094,27.7744522094727,697.64697265625
"50kmE485N300",8.20034885406494,17.2995586395264,690.774597167969,38.6400833129883,719.596252441406
"50kmE490N300",9.05702877044678,18.2176818847656,747.259643554688,37.1425361633301,726.492980957031
"50kmE320N305",12.0683240890503,16.1216773986816,969.880187988281,29.6585826873779,289.185821533203
"50kmE370N305",10.872163772583,16.7156276702881,926.347595214844,26.9680862426758,447.721435546875
"50kmE375N305",10.250804901123,16.5990028381348,906.068176269531,16.7178363800049,490.447845458984
"50kmE380N305",10.5912857055664,17.2329711914062,795.6318359375,12.1688070297241,511.845184326172
"50kmE385N305",10.4641160964966,17.2897434234619,830.863586425781,11.5241241455078,525.444396972656
"50kmE390N305",10.1482105255127,17.0991764068604,874.279113769531,11.1486396789551,535.686462402344
"50kmE395N305",10.0539989471436,17.1264934539795,866.091613769531,10.5603103637695,546.818298339844
"50kmE400N305",9.60347938537598,16.7849445343018,984.103881835938,9.83030128479004,556.865051269531
"50kmE405N305",9.43987369537354,16.7964420318604,844.595764160156,9.5576868057251,568.1552734375
"50kmE450N305",7.80895471572876,16.2482662200928,881.924194335938,20.1704692840576,659.273254394531
"50kmE455N305",7.23873901367188,15.8469047546387,876.647827148438,23.1722774505615,669.651611328125
"50kmE460N305",8.11792659759521,17.0642051696777,712.802062988281,28.3379344940186,697.706848144531
"50kmE465N305",7.67890548706055,16.6115474700928,930.006103515625,23.1347198486328,699.569641113281
"50kmE470N305",6.42474555969238,15.4160079956055,1007.66033935547,21.6191692352295,704.57666015625
"50kmE475N305",7.32713651657104,16.2090473175049,744.548217773438,33.742790222168,695.8974609375
"50kmE480N305",8.70842170715332,17.6905899047852,704.733032226562,39.8802223205566,703.796325683594
"50kmE485N305",9.22314357757568,18.3262100219727,657.558288574219,37.8754920959473,716.923522949219
"50kmE315N310",12.0031499862671,15.952564239502,938.683654785156,26.5973644256592,281.865783691406
"50kmE320N310",11.5946769714355,15.8454828262329,1042.81555175781,27.2796955108643,309.338653564453
"50kmE325N310",11.205171585083,15.7972974777222,1143.3857421875,27.20041847229,342.382263183594
"50kmE330N310",10.7563829421997,15.4482975006104,1347.92797851562,27.1834754943848,350.431610107422
"50kmE335N310",11.1408090591431,15.8485260009766,1013.24536132812,29.273946762085,351.212982177734
"50kmE340N310",11.2717971801758,16.0852737426758,910.826965332031,30.708610534668,359.532318115234
"50kmE345N310",11.2330989837646,16.2346477508545,859.805480957031,30.9590034484863,373.783233642578
"50kmE350N310",11.2527837753296,16.4842147827148,807.007202148438,29.8859195709229,391.803680419922
"50kmE355N310",11.1225090026855,16.2856597900391,830.43896484375,29.2830982208252,385.109680175781
"50kmE360N310",10.9387454986572,16.198938369751,839.955993652344,29.6474800109863,393.611572265625
"50kmE365N310",11.0131273269653,16.4805889129639,835.042419433594,28.9380149841309,409.766571044922
"50kmE370N310",10.9535760879517,16.5137424468994,855.939514160156,29.6096324920654,416.285034179688
"50kmE375N310",10.8287086486816,16.9266929626465,794.712829589844,19.7170333862305,467.984466552734
"50kmE380N310",10.6760730743408,17.0270099639893,828.250793457031,14.596529006958,490.46435546875
"50kmE385N310",10.5556411743164,17.2642192840576,839.45751953125,13.9207458496094,518.936462402344
"50kmE390N310",10.5641431808472,17.4534034729004,845.680908203125,12.8040475845337,533.469543457031
"50kmE395N310",10.471755027771,17.5492305755615,842.458374023438,11.863564491272,547.219360351562
"50kmE400N310",10.449517250061,17.703685760498,825.880859375,11.5316848754883,560.18017578125
"50kmE405N310",10.3930778503418,17.7746143341064,825.021606445312,11.2066268920898,569.699951171875
"50kmE460N310",8.68668556213379,17.2993049621582,761.395935058594,21.319185256958,670.6376953125
"50kmE465N310",8.5056791305542,17.221830368042,786.625549316406,25.3429546356201,681.839172363281
"50kmE325N315",11.2681064605713,15.7020254135132,1163.95581054688,28.4268836975098,327.053009033203
"50kmE330N315",10.1422023773193,15.0711193084717,1275.27294921875,25.6512451171875,372.719177246094
"50kmE335N315",9.97968196868896,15.2193794250488,1221.35485839844,24.6394786834717,396.403747558594
"50kmE340N315",10.4074287414551,15.9393453598022,959.624267578125,21.2686157226562,416.044738769531
"50kmE345N315",10.1618633270264,15.8421564102173,941.409973144531,21.7372035980225,427.074096679688
"50kmE350N315",10.2565908432007,16.115291595459,869.131286621094,23.0521945953369,441.131958007812
"50kmE355N315",10.3362998962402,16.3448505401611,788.850769042969,19.9846229553223,452.268127441406
"50kmE360N315",10.2993183135986,16.360034942627,747.430114746094,20.0163021087646,457.371215820312
"50kmE365N315",10.6091613769531,16.5877075195312,684.021240234375,18.0149822235107,452.750213623047
"50kmE370N315",10.9759063720703,16.6385402679443,688.796630859375,23.7501449584961,421.015289306641
"50kmE380N315",10.9051313400269,16.7722568511963,839.434875488281,24.5499820709229,438.618438720703
"50kmE385N315",10.6904792785645,17.0589008331299,848.614440917969,18.8475933074951,491.406097412109
"50kmE390N315",10.4661178588867,17.2455635070801,869.816711425781,16.4572486877441,525.554809570312
"50kmE395N315",10.3525428771973,17.3101100921631,865.860046386719,13.2716436386108,539.25634765625
"50kmE400N315",10.3285989761353,17.4668006896973,829.24951171875,12.1764001846313,552.324951171875
"50kmE405N315",10.3084268569946,17.6057415008545,835.236328125,12.5606737136841,564.067260742188
"50kmE330N320",11.1950407028198,15.7545442581177,1101.99670410156,27.4635601043701,335.741607666016
"50kmE335N320",10.5813398361206,15.6188011169434,1306.75256347656,25.9793910980225,378.224670410156
"50kmE340N320",10.5504064559937,16.0619926452637,1066.64721679688,21.3802108764648,416.904571533203
"50kmE345N320",10.122106552124,15.9012937545776,893.865539550781,18.4444961547852,433.773040771484
"50kmE350N320",9.992356300354,15.9433641433716,777.447265625,16.5278491973877,446.482971191406
"50kmE355N320",10.1386737823486,16.2059211730957,686.263610839844,14.9765872955322,455.332611083984
"50kmE360N320",10.2845449447632,16.4199562072754,650.31640625,13.7842063903809,461.217193603516
"50kmE365N320",10.483829498291,16.4862060546875,591.433776855469,13.1404304504395,453.460174560547
"50kmE370N320",10.8005170822144,16.5658893585205,606.769104003906,17.5146102905273,429.126434326172
"50kmE385N320",10.7122001647949,16.6541233062744,850.066223144531,26.3652839660645,443.475616455078
"50kmE390N320",10.4198017120361,16.8047180175781,915.230224609375,21.1380939483643,493.003662109375
"50kmE395N320",10.167181968689,16.9467639923096,895.802917480469,16.2196273803711,525.998474121094
"50kmE400N320",10.0175275802612,17.0349769592285,905.418518066406,13.920919418335,543.646667480469
"50kmE405N320",10.0235300064087,17.2227439880371,873.304016113281,14.3660497665405,557.453125
"50kmE410N320",9.83753490447998,17.2077217102051,869.2177734375,13.3563671112061,570.003723144531
"50kmE325N325",11.2157049179077,15.4282341003418,1089.8369140625,26.6281356811523,307.78662109375
"50kmE330N325",10.7355489730835,15.4269218444824,1285.19409179688,26.2266902923584,351.799926757812
"50kmE335N325",9.39442348480225,14.6696243286133,1682.39294433594,26.6807613372803,400.071624755859
"50kmE340N325",9.13506698608398,14.787428855896,1260.29675292969,24.1783199310303,424.609039306641
"50kmE345N325",10.0808362960815,15.9483766555786,819.415954589844,16.2112693786621,440.301086425781
"50kmE350N325",9.84294986724854,15.8279190063477,748.92529296875,12.7045974731445,448.301330566406
"50kmE355N325",9.9212474822998,16.0172023773193,673.21630859375,12.7016639709473,456.894653320312
"50kmE360N325",10.197322845459,16.3868408203125,631.427978515625,13.0669689178467,464.450866699219
"50kmE365N325",10.134425163269,16.2680606842041,630.143981933594,13.0543518066406,463.602661132812
"50kmE370N325",10.2292470932007,16.2085456848145,632.320495605469,12.7764873504639,451.327209472656
"50kmE375N325",10.5733556747437,16.2170867919922,666.011413574219,20.6980876922607,413.429168701172
"50kmE390N325",10.5156364440918,16.5240535736084,939.441772460938,30.3236656188965,450.966949462891
"50kmE395N325",10.166766166687,16.6101551055908,919.669738769531,21.5821323394775,500.774566650391
"50kmE400N325",10.0321817398071,16.7849884033203,888.90625,16.26123046875,525.380432128906
"50kmE405N325",9.78334808349609,16.8628997802734,883.133178710938,15.2064247131348,548.608215332031
"50kmE410N325",9.69509983062744,16.9413814544678,846.608337402344,15.0733661651611,561.12451171875
"50kmE455N325",9.28799629211426,17.9799194335938,608.074523925781,18.1070747375488,673.860717773438
"50kmE295N330",11.2280578613281,15.0909414291382,1549.81115722656,24.4436683654785,281.104064941406
"50kmE300N330",11.0141696929932,15.0844774246216,1394.23022460938,24.5036392211914,296.357666015625
"50kmE305N330",11.2607698440552,15.351957321167,1145.72094726562,21.5972003936768,296.447235107422
"50kmE310N330",11.3311910629272,15.3794755935669,1098.556640625,22.5346851348877,293.191558837891
"50kmE325N330",10.9340000152588,14.9297914505005,1095.08837890625,30.3402309417725,291.796569824219
"50kmE330N330",10.3812389373779,14.9659833908081,1342.61108398438,29.3473052978516,343.556884765625
"50kmE335N330",8.97777462005615,14.1545791625977,1756.21752929688,26.7404556274414,391.937652587891
"50kmE340N330",8.66705131530762,14.2294273376465,1269.07946777344,22.8576164245605,418.331604003906
"50kmE345N330",9.66287326812744,15.4631376266479,807.811401367188,13.5021600723267,435.438568115234
"50kmE350N330",9.79177284240723,15.7445878982544,748.977233886719,12.0611591339111,445.722961425781
"50kmE355N330",9.70709133148193,15.7695980072021,680.181640625,10.9893770217896,454.422149658203
"50kmE360N330",10.1936082839966,16.3360328674316,627.511047363281,11.4680166244507,460.680633544922
"50kmE365N330",10.2097682952881,16.2092514038086,663.755249023438,12.7431726455688,453.206146240234
"50kmE370N330",10.0523710250854,15.8749752044678,687.228698730469,13.4402809143066,438.577697753906
"50kmE375N330",10.3176975250244,15.8761835098267,673.016479492188,19.5753231048584,408.647796630859
"50kmE385N330",10.5090665817261,15.9640083312988,798.008239746094,34.547176361084,401.533721923828
"50kmE395N330",10.335618019104,16.4589748382568,864.043640136719,26.0329551696777,462.966888427734
"50kmE400N330",10.0492067337036,16.4932632446289,873.247802734375,19.567195892334,497.786346435547
"50kmE405N330",9.52434921264648,16.4359397888184,902.300659179688,16.2003383636475,536.515258789062
"50kmE410N330",9.5110330581665,16.5649127960205,836.94189453125,16.5549068450928,549.518798828125
"50kmE290N335",11.3923788070679,14.9050312042236,1972.88793945312,25.8814678192139,251.012329101562
"50kmE295N335",9.85044574737549,14.1589336395264,2301.32153320312,24.7333087921143,322.420196533203
"50kmE300N335",9.36527442932129,13.9673528671265,1776.70593261719,25.1468353271484,342.5927734375
"50kmE305N335",9.88719272613525,14.5341968536377,1245.95678710938,19.503849029541,345.737762451172
"50kmE310N335",9.9974365234375,14.6216230392456,1232.46850585938,18.9637508392334,343.803436279297
"50kmE315N335",10.4142637252808,14.8383207321167,1081.49353027344,18.818660736084,328.616424560547
"50kmE320N335",10.6829519271851,14.8173160552979,1037.79016113281,22.7295074462891,304.142913818359
"50kmE330N335",10.8145599365234,14.9271831512451,1099.90246582031,30.812463760376,303.257659912109
"50kmE335N335",9.74637985229492,14.6494474411011,1684.34313964844,26.8160190582275,372.895782470703
"50kmE340N335",8.61184024810791,14.0561056137085,1562.642578125,24.8387203216553,409.925567626953
"50kmE345N335",9.69832420349121,15.385627746582,778.9267578125,13.7135601043701,428.274597167969
"50kmE350N335",9.3632984161377,15.1841297149658,877.191467285156,13.0738506317139,437.131225585938
"50kmE355N335",9.74923229217529,15.7400388717651,712.568908691406,10.5469560623169,449.574951171875
"50kmE360N335",10.0060510635376,16.0552883148193,646.556030273438,11.026421546936,454.715270996094
"50kmE365N335",10.0361671447754,15.6514673233032,663.762756347656,12.9266204833984,418.412933349609
"50kmE370N335",10.1075057983398,15.3693799972534,649.947631835938,18.7676448822021,387.254425048828
"50kmE395N335",10.3073272705078,16.218376159668,839.349670410156,29.038875579834,439.876739501953
"50kmE400N335",10.0801477432251,16.3294734954834,877.383483886719,24.5040092468262,472.428863525391
"50kmE405N335",9.79251670837402,16.3246326446533,889.551818847656,21.3862857818604,501.205078125
"50kmE410N335",9.55736446380615,16.4082946777344,861.286804199219,19.8367919921875,530.862121582031
"50kmE430N335",9.10651874542236,16.8867416381836,814.119934082031,15.3636159896851,599.456604003906
"50kmE290N340",11.2918977737427,14.8451318740845,1689.47180175781,26.3148040771484,253.699356079102
"50kmE295N340",10.3796758651733,14.5580110549927,1715.0166015625,25.9390144348145,313.151000976562
"50kmE300N340",9.60566329956055,14.1610145568848,1505.2490234375,23.131628036499,341.697601318359
"50kmE305N340",9.67332363128662,14.4315938949585,1168.24145507812,18.8878402709961,355.486968994141
"50kmE310N340",9.3996753692627,14.3117876052856,1200.10876464844,17.8870429992676,366.694000244141
"50kmE315N340",9.59091663360596,14.6273698806763,1008.34411621094,16.0118503570557,373.471832275391
"50kmE320N340",9.5741491317749,14.4688749313354,1228.10461425781,18.9527816772461,363.656372070312
"50kmE325N340",10.5805568695068,14.5086050033569,1086.11889648438,29.8329524993896,287.241180419922
"50kmE330N340",10.6525764465332,14.5783576965332,965.93115234375,30.8640556335449,290.009857177734
"50kmE335N340",9.63733291625977,14.4538078308105,1487.67553710938,26.859073638916,365.090393066406
"50kmE340N340",9.29819679260254,14.573504447937,1146.20092773438,22.6317157745361,398.621490478516
"50kmE345N340",10.0144882202148,15.5329542160034,867.362426757812,17.1939659118652,418.455352783203
"50kmE350N340",8.67317485809326,14.2886276245117,1254.83703613281,16.7812385559082,424.474212646484
"50kmE355N340",9.53279209136963,15.4049882888794,797.249816894531,11.6728162765503,440.798004150391
"50kmE360N340",9.86886501312256,15.8144235610962,666.773010253906,10.6947641372681,448.453704833984
"50kmE365N340",9.88535785675049,15.2491464614868,668.983520507812,13.311544418335,397.801208496094
"50kmE420N340",9.49482440948486,16.4819164276123,895.270263671875,24.277379989624,543.151916503906
"50kmE430N340",8.8416862487793,16.5109939575195,871.929077148438,16.0805511474609,590.122985839844
"50kmE295N345",11.1357612609863,14.8439388275146,1531.23876953125,28.9554290771484,267.430694580078
"50kmE300N345",10.4886150360107,14.6761798858643,1391.57861328125,23.9157886505127,312.547271728516
"50kmE305N345",9.7847318649292,14.4742746353149,1320.84875488281,19.6289730072021,352.764343261719
"50kmE310N345",9.77487754821777,14.6793165206909,1083.74377441406,16.839635848999,367.413055419922
"50kmE315N345",9.74254322052002,14.7847347259521,974.845458984375,14.7471046447754,375.0478515625
"50kmE320N345",9.48134803771973,14.5624256134033,1119.60144042969,15.8797979354858,376.344573974609
"50kmE325N345",10.4688177108765,14.593599319458,984.176025390625,23.6991157531738,303.846160888672
"50kmE330N345",10.5328617095947,14.3539524078369,939.020874023438,29.8354206085205,280.634307861328
"50kmE335N345",10.4500007629395,14.6924924850464,906.116149902344,26.8122367858887,314.258361816406
"50kmE345N345",9.97419166564941,15.1315927505493,1079.79870605469,21.7763614654541,390.396881103516
"50kmE350N345",8.50534629821777,14.0337162017822,1373.650390625,20.0631828308105,417.806579589844
"50kmE355N345",9.48941040039062,15.2458028793335,802.059753417969,12.0671215057373,432.037536621094
"50kmE360N345",9.57062721252441,15.3130922317505,689.213073730469,10.9373140335083,432.317321777344
"50kmE365N345",9.74571228027344,14.6555404663086,680.503295898438,16.4260692596436,356.617370605469
"50kmE400N345",10.0703392028809,15.8518438339233,841.291442871094,36.3730850219727,428.986938476562
"50kmE300N350",10.4600086212158,14.5694990158081,1719.40087890625,24.9892997741699,305.842407226562
"50kmE305N350",9.91037654876709,14.5964918136597,1316.34301757812,20.0609703063965,352.507781982422
"50kmE310N350",9.80831909179688,14.7031097412109,1079.49975585938,16.9426879882812,366.533111572266
"50kmE315N350",9.73953819274902,14.7481126785278,1021.74798583984,14.8633489608765,373.344757080078
"50kmE320N350",9.82951927185059,14.9171953201294,984.388732910156,14.0792589187622,377.023406982422
"50kmE325N350",10.3451442718506,14.7220754623413,976.106384277344,18.1034755706787,324.540069580078
"50kmE335N350",10.2674217224121,14.2789621353149,958.441345214844,26.9357490539551,294.019592285156
"50kmE345N350",9.63878917694092,14.7516059875488,1391.04626464844,24.2294826507568,388.641082763672
"50kmE350N350",7.63374137878418,13.0828504562378,1572.033203125,25.0806312561035,411.100189208984
"50kmE355N350",8.93252944946289,14.5520534515381,858.351135253906,14.6931982040405,421.267852783203
"50kmE360N350",9.06402969360352,14.3074254989624,735.776000976562,14.6966190338135,387.846588134766
"50kmE365N350",9.83959674835205,14.6929445266724,666.302856445312,16.2812366485596,347.864410400391
"50kmE295N355",10.9577884674072,14.4636449813843,1462.75671386719,26.4936847686768,249.914291381836
"50kmE300N355",9.98115062713623,14.030065536499,1802.68762207031,24.6742515563965,300.663360595703
"50kmE305N355",9.60765171051025,14.2285299301147,1505.95788574219,23.4660968780518,349.376861572266
"50kmE310N355",9.46990871429443,14.3317432403564,1280.78088378906,18.3758449554443,364.833435058594
"50kmE315N355",9.45572090148926,14.4268035888672,1275.42993164062,17.6694831848145,371.929840087891
"50kmE320N355",9.42803192138672,14.4215106964111,1081.24340820312,14.8595838546753,372.463134765625
"50kmE325N355",9.55438423156738,14.2807750701904,1124.67932128906,15.1192283630371,353.212890625
"50kmE330N355",10.1782445907593,14.2045946121216,961.567016601562,18.9049758911133,296.780212402344
"50kmE335N355",10.0385303497314,14.0582294464111,998.147827148438,24.5576190948486,294.925506591797
"50kmE340N355",10.0591745376587,14.6523313522339,1167.35815429688,26.2398223876953,342.513000488281
"50kmE345N355",8.40233516693115,13.5993223190308,1668.92907714844,25.077262878418,394.422058105469
"50kmE350N355",7.48749542236328,12.9413194656372,1528.90856933594,23.1401023864746,410.081359863281
"50kmE355N355",8.95644855499268,14.4703760147095,831.875183105469,13.5607414245605,412.575744628906
"50kmE360N355",9.75460243225098,14.6187105178833,679.495483398438,17.445915222168,353.725128173828
"50kmE445N355",8.68367862701416,16.3271484375,632.038696289062,20.9710350036621,581.401306152344
"50kmE450N355",8.61535167694092,16.2094306945801,665.314514160156,21.8256931304932,573.32666015625
"50kmE455N355",8.60440826416016,16.2042617797852,663.8037109375,22.2676334381104,568.190795898438
"50kmE300N360",10.4430570602417,14.2022047042847,1625.20166015625,24.3375511169434,274.415069580078
"50kmE305N360",9.86717414855957,14.0022125244141,1548.48315429688,24.6220741271973,308.479583740234
"50kmE310N360",9.75808715820312,14.194580078125,1467.48315429688,21.539134979248,334.251708984375
"50kmE315N360",9.20586490631104,14.0526905059814,1502.6298828125,20.247163772583,365.515808105469
"50kmE320N360",9.07954502105713,14.0021905899048,1244.92370605469,16.5080547332764,368.988128662109
"50kmE325N360",9.62833309173584,14.5248212814331,1107.85766601562,15.1558513641357,367.599090576172
"50kmE330N360",9.72519207000732,13.7461633682251,1107.06384277344,18.9801063537598,297.551452636719
"50kmE335N360",9.63628959655762,13.8102207183838,1296.37951660156,24.5731868743896,310.753692626953
"50kmE340N360",9.13214778900146,14.071174621582,1570.28063964844,26.5413208007812,374.286560058594
"50kmE345N360",9.11316108703613,14.4916734695435,1362.49047851562,23.4330005645752,404.971405029297
"50kmE350N360",8.08856773376465,13.5468845367432,1323.1806640625,18.5833377838135,409.183319091797
"50kmE355N360",9.03047943115234,14.2710790634155,828.761962890625,13.3195562362671,390.550140380859
"50kmE445N360",8.37030029296875,16.2918491363525,663.1728515625,22.1508369445801,600.8115234375
"50kmE450N360",7.9264554977417,16.0459003448486,734.824401855469,20.4410190582275,614.542419433594
"50kmE455N360",7.8255615234375,15.6705484390259,735.986389160156,19.5795440673828,591.9345703125
"50kmE310N365",10.2348127365112,14.1152219772339,1674.32763671875,26.0527172088623,285.469482421875
"50kmE315N365",9.21176052093506,13.6194324493408,1810.73852539062,22.7595481872559,331.715698242188
"50kmE320N365",9.30713367462158,13.88743019104,1265.66735839844,19.1044750213623,344.704376220703
"50kmE325N365",9.32081985473633,13.499810218811,1298.90100097656,20.2122268676758,310.008148193359
"50kmE330N365",9.62578296661377,13.4012413024902,1281.91357421875,23.8122711181641,278.116485595703
"50kmE335N365",9.51886177062988,13.6551790237427,1398.88708496094,25.6681785583496,308.631195068359
"50kmE340N365",8.1401309967041,13.1224184036255,1618.12268066406,26.7243213653564,376.547027587891
"50kmE345N365",7.45107126235962,12.7733755111694,1551.60888671875,24.051290512085,400.016479492188
"50kmE350N365",8.12113761901855,13.5719699859619,1113.07287597656,16.3521118164062,407.522094726562
"50kmE355N365",8.98506641387939,13.8786382675171,817.931030273438,15.843677520752,361.148590087891
"50kmE445N365",8.39362144470215,16.2488479614258,706.801330566406,24.1700000762939,599.295471191406
"50kmE450N365",7.29689931869507,15.4080715179443,890.655639648438,20.4324550628662,617.259643554688
"50kmE455N365",7.47694683074951,15.6581020355225,744.990783691406,19.0540008544922,617.757019042969
"50kmE460N365",7.92402219772339,15.7237701416016,640.608459472656,20.8649215698242,586.556579589844
"50kmE465N365",8.02476978302002,15.7750558853149,594.401245117188,21.7763347625732,577.237365722656
"50kmE470N365",8.16938495635986,15.9062185287476,512.474548339844,25.1246757507324,564.665893554688
"50kmE315N370",10.2794990539551,13.9759206771851,1477.06994628906,25.1495494842529,266.934295654297
"50kmE320N370",10.0933847427368,13.9375324249268,1324.87487792969,23.7707443237305,279.812225341797
"50kmE325N370",9.91932010650635,13.528450012207,1329.13366699219,27.4329090118408,262.140808105469
"50kmE330N370",9.57831859588623,13.3109407424927,1452.85424804688,27.5078392028809,275.04443359375
"50kmE335N370",9.16911506652832,13.3737716674805,1777.19018554688,27.5631465911865,313.591674804688
"50kmE340N370",8.88055229187012,13.9647226333618,1629.33581542969,25.5959396362305,382.549224853516
"50kmE345N370",8.66829872131348,13.9647579193115,1084.01831054688,19.6899433135986,396.163848876953
"50kmE350N370",8.87456130981445,13.7889451980591,824.553649902344,15.6562337875366,367.187591552734
"50kmE355N370",9.2779369354248,13.6653099060059,700.310119628906,18.7265491485596,319.350036621094
"50kmE390N370",9.36973857879639,14.5139083862305,813.72412109375,29.8322849273682,364.050384521484
"50kmE445N370",8.30103206634521,16.2092208862305,849.224609375,24.0299797058105,604.74560546875
"50kmE450N370",7.02022552490234,15.3271780014038,1053.0302734375,20.5058689117432,631.836181640625
"50kmE455N370",6.86320066452026,15.2971725463867,822.678344726562,19.7426376342773,638.323059082031
"50kmE460N370",6.98295402526855,15.4712915420532,721.81494140625,20.98583984375,640.060729980469
"50kmE465N370",7.32917308807373,15.8087501525879,654.871154785156,21.5307426452637,634.023803710938
"50kmE470N370",7.90488433837891,15.9174222946167,525.954956054688,23.5477275848389,592.411865234375
"50kmE325N375",9.94063186645508,13.4904222488403,1318.97973632812,27.9670162200928,257.258361816406
"50kmE330N375",9.52157783508301,13.2045621871948,1596.82092285156,28.3098812103271,270.457916259766
"50kmE335N375",8.69766426086426,13.148509979248,2473.9912109375,30.8761577606201,337.415130615234
"50kmE340N375",7.56813097000122,12.8292627334595,2610.22045898438,31.169340133667,398.176422119141
"50kmE345N375",8.01306438446045,13.4558382034302,1406.1865234375,23.2299747467041,408.094818115234
"50kmE350N375",8.97455501556396,14.2000818252563,870.27392578125,15.9183750152588,390.213714599609
"50kmE355N375",9.12922668457031,13.4349803924561,717.37744140625,19.4082279205322,312.490875244141
"50kmE440N375",8.66776371002197,16.0066680908203,751.367065429688,23.2275314331055,566.479370117188
"50kmE445N375",7.59115648269653,15.7327470779419,1016.63519287109,21.6898231506348,619.664916992188
"50kmE450N375",6.73107576370239,15.2204370498657,1057.57763671875,20.6709041595459,642.657958984375
"50kmE455N375",6.55538558959961,15.1604385375977,814.24853515625,21.8302822113037,651.163391113281
"50kmE460N375",6.41817092895508,15.11732006073,736.6337890625,23.4877910614014,655.946411132812
"50kmE465N375",6.89163970947266,15.6336822509766,635.433532714844,25.0257415771484,652.781311035156
"50kmE470N375",7.74488115310669,16.0714378356934,547.958618164062,23.4079570770264,616.251220703125
"50kmE480N375",8.01987838745117,15.9792938232422,553.136962890625,22.8115520477295,578.656311035156
"50kmE325N380",9.89868259429932,13.3668336868286,1292.91540527344,27.8938293457031,250.72705078125
"50kmE330N380",9.37578201293945,13.0737733840942,1909.97778320312,29.604434967041,272.707763671875
"50kmE335N380",8.47749328613281,13.1278562545776,2701.58349609375,30.4820861816406,355.484497070312
"50kmE340N380",6.56206178665161,11.8780565261841,2623.37475585938,34.1262054443359,403.679351806641
"50kmE345N380",6.16358518600464,11.690016746521,1545.91564941406,28.5394973754883,415.189453125
"50kmE350N380",6.67383337020874,12.234920501709,1237.93334960938,20.3487567901611,415.201721191406
"50kmE355N380",8.56587696075439,13.2762680053711,916.525024414062,19.7093963623047,347.721801757812
"50kmE440N380",8.28414344787598,15.9497241973877,822.797790527344,21.3748588562012,586.44287109375
"50kmE445N380",7.02815437316895,15.3885822296143,1066.67224121094,20.5328464508057,633.308715820312
"50kmE450N380",6.34932708740234,14.9394121170044,995.375915527344,20.8256034851074,650.368957519531
"50kmE455N380",6.09299850463867,14.8108758926392,850.096984863281,22.2943420410156,657.471862792969
"50kmE460N380",6.16573047637939,14.9987783432007,720.666931152344,24.6923217773438,663.250915527344
"50kmE465N380",6.79669523239136,15.7428932189941,633.546447753906,27.843391418457,668.627685546875
"50kmE470N380",7.60263586044312,16.2424011230469,574.754150390625,23.4283008575439,639.328369140625
"50kmE475N380",7.78387069702148,15.921314239502,497.454162597656,24.4235057830811,589.208312988281
"50kmE480N380",7.82551097869873,16.1112670898438,569.811096191406,24.7564105987549,612.262268066406
"50kmE485N380",7.92898416519165,16.0452270507812,613.482666015625,29.4127235412598,586.837524414062
"50kmE325N385",9.76114845275879,13.1807165145874,1367.74963378906,28.6552276611328,246.294815063477
"50kmE330N385",9.47761154174805,13.0701189041138,2149.03857421875,30.9615955352783,263.952819824219
"50kmE335N385",8.36847686767578,12.8534126281738,2898.39282226562,31.4168949127197,342.665649414062
"50kmE340N385",6.77763748168945,12.0319890975952,2295.34692382812,33.5831756591797,398.187255859375
"50kmE345N385",6.64423131942749,12.0353994369507,1315.54626464844,23.7456970214844,403.402099609375
"50kmE350N385",6.91458606719971,12.3276052474976,1144.22338867188,17.1686000823975,404.126434326172
"50kmE355N385",8.44992065429688,13.4478940963745,977.380065917969,18.308931350708,372.490875244141
"50kmE360N385",9.02076816558838,13.1943531036377,839.968444824219,24.8623371124268,302.108612060547
"50kmE385N385",9.1076488494873,13.8162651062012,896.487365722656,30.35693359375,329.317626953125
"50kmE410N385",8.54561519622803,14.5259027481079,1474.86560058594,31.3501720428467,442.265289306641
"50kmE415N385",8.38660144805908,15.0444107055664,1419.75134277344,30.7292156219482,499.345092773438
"50kmE420N385",8.66623687744141,15.3047533035278,1234.75183105469,32.4452972412109,499.287994384766
"50kmE440N385",7.87183475494385,15.707160949707,903.598327636719,21.7201461791992,597.726623535156
"50kmE445N385",6.81934452056885,15.3042106628418,971.729797363281,19.7146453857422,641.550231933594
"50kmE450N385",6.09824323654175,14.7085905075073,893.986083984375,20.7815341949463,649.829528808594
"50kmE455N385",6.25978231430054,15.0566759109497,718.257385253906,25.1577110290527,658.526550292969
"50kmE460N385",6.14432668685913,14.9993352890015,653.597534179688,26.7363014221191,663.545959472656
"50kmE465N385",6.64566993713379,15.6649951934814,637.016235351562,28.0466537475586,673.022033691406
"50kmE470N385",7.43874788284302,16.0758533477783,615.89501953125,24.271354675293,636.890625
"50kmE480N385",7.70268249511719,16.1123924255371,572.174987792969,25.7338924407959,620.076782226562
"50kmE485N385",7.83768272399902,16.0084381103516,592.222290039062,28.3682460784912,589.270202636719
"50kmE530N385",5.99423027038574,16.4643936157227,692.057067871094,25.0041675567627,809.500061035156
"50kmE325N390",9.61380195617676,12.9989757537842,1336.85168457031,28.5348777770996,242.566162109375
"50kmE330N390",9.39400291442871,13.0246229171753,1897.11926269531,30.4836769104004,267.21337890625
"50kmE335N390",8.60758113861084,12.7291011810303,2283.61499023438,32.2835311889648,310.325073242188
"50kmE340N390",6.79750204086304,11.8983402252197,2368.17919921875,32.3423805236816,386.462432861328
"50kmE345N390",8.35275077819824,13.679497718811,1124.04541015625,20.3287696838379,398.299774169922
"50kmE350N390",8.97203922271729,13.5758094787598,819.108642578125,18.5906715393066,338.984466552734
"50kmE355N390",8.97037792205811,13.1041193008423,840.875671386719,23.9897613525391,298.571441650391
"50kmE360N390",8.98624706268311,12.8824157714844,834.136840820312,29.4532604217529,277.868072509766
"50kmE405N390",8.3355598449707,14.1500959396362,1757.70007324219,32.1727180480957,430.121032714844
"50kmE410N390",6.59766435623169,13.7116088867188,2471.81860351562,35.0706672668457,536.398193359375
"50kmE415N390",5.95118379592896,13.8737506866455,2039.64184570312,31.1813106536865,591.093566894531
"50kmE420N390",7.26419925689697,15.4354724884033,1479.98205566406,28.4857234954834,606.45849609375
"50kmE425N390",8.50097274780273,15.9573383331299,1118.80944824219,29.390157699585,558.789184570312
"50kmE435N390",8.43882656097412,15.7584657669067,851.138366699219,26.5237941741943,559.427856445312
"50kmE440N390",7.24996185302734,15.6776504516602,975.619445800781,20.9580574035645,634.943115234375
"50kmE445N390",7.15345239639282,15.9754180908203,794.429260253906,20.9725475311279,660.968994140625
"50kmE450N390",6.6874475479126,15.4845275878906,711.485900878906,24.5881080627441,659.729797363281
"50kmE455N390",6.8056435585022,15.8527631759644,639.428405761719,29.5913467407227,671.282104492188
"50kmE460N390",6.58234310150146,15.6461572647095,596.235290527344,28.5083904266357,676.299194335938
"50kmE465N390",6.72917461395264,15.8485059738159,613.104919433594,27.4787616729736,681.087219238281
"50kmE470N390",7.23789548873901,15.8256063461304,594.876647949219,25.1032466888428,633.880004882812
"50kmE480N390",7.65547704696655,15.8622570037842,544.766174316406,25.3846645355225,592.896850585938
"50kmE485N390",7.7060604095459,15.9073629379272,570.140747070312,26.9555702209473,587.030578613281
"50kmE325N395",9.57347297668457,12.9331665039062,1395.30773925781,30.1304683685303,238.627883911133
"50kmE330N395",9.23404502868652,12.9001922607422,1640.45861816406,30.2005767822266,267.970794677734
"50kmE335N395",9.23970413208008,12.9841346740723,1652.15539550781,33.1679077148438,272.947418212891
"50kmE340N395",8.24468612670898,12.6131372451782,2143.12622070312,29.7817764282227,327.076385498047
"50kmE345N395",7.62057018280029,12.7039394378662,1609.13500976562,26.0043659210205,383.685791015625
"50kmE350N395",8.38726234436035,12.9888067245483,1007.46966552734,20.6947689056396,341.610687255859
"50kmE355N395",8.9225435256958,12.7843408584595,831.752075195312,26.2745094299316,277.346008300781
"50kmE405N395",7.70266485214233,13.7719459533691,2019.82495117188,32.5196151733398,455.845062255859
"50kmE410N395",3.89549422264099,11.4905672073364,3303.13525390625,35.4791259765625,561.766296386719
"50kmE415N395",3.40786647796631,11.6907367706299,2066.66845703125,30.2432651519775,610.546508789062
"50kmE420N395",5.11332178115845,13.7292098999023,1519.37292480469,27.6265392303467,643.223754882812
"50kmE425N395",7.2730827331543,15.628927230835,1183.63012695312,27.8360939025879,625.395751953125
"50kmE430N395",8.24072360992432,15.9500455856323,969.879150390625,27.9032573699951,583.892578125
"50kmE435N395",8.05428123474121,16.0080375671387,887.829895019531,26.7899513244629,603.665588378906
"50kmE440N395",6.65039253234863,15.3661937713623,983.447387695312,23.0523433685303,655.802124023438
"50kmE445N395",7.04072093963623,16.1437129974365,802.951965332031,21.9085159301758,679.027954101562
"50kmE450N395",7.13077831268311,16.2102947235107,697.039428710938,25.1042175292969,673.138549804688
"50kmE455N395",6.52609014511108,15.6309309005737,723.000549316406,25.2082538604736,678.061706542969
"50kmE460N395",6.44631958007812,15.7148494720459,688.387084960938,24.9351711273193,691.773864746094
"50kmE465N395",6.65456771850586,15.9555330276489,637.533325195312,26.5086631774902,694.861938476562
"50kmE470N395",6.89493989944458,15.7872896194458,598.54443359375,26.1376819610596,658.64794921875
"50kmE475N395",7.2008318901062,15.6403541564941,525.94189453125,24.550500869751,617.235595703125
"50kmE485N395",7.5129919052124,15.7339372634888,567.143615722656,26.9762191772461,587.971618652344
"50kmE505N395",6.86910343170166,16.2847576141357,620.963562011719,29.0360546112061,708.058715820312
"50kmE525N395",5.76181888580322,16.1690883636475,731.429870605469,27.3648281097412,800.3876953125
"50kmE530N395",5.6150164604187,16.1704120635986,729.668090820312,30.4748611450195,812.106079101562
"50kmE330N400",9.34517478942871,12.980544090271,1592.94445800781,32.4160270690918,262.820251464844
"50kmE335N400",9.25298500061035,13.0661907196045,1490.65490722656,30.8531398773193,276.941223144531
"50kmE340N400",9.02543926239014,12.7327575683594,1802.34790039062,32.8221435546875,265.686218261719
"50kmE345N400",8.32533550262451,12.3662700653076,1608.9814453125,29.4011116027832,294.408355712891
"50kmE350N400",8.6984167098999,12.7193584442139,1097.36535644531,25.6973419189453,291.393890380859
"50kmE355N400",8.70511054992676,12.3789844512939,983.457885742188,27.6975555419922,263.400085449219
"50kmE400N400",8.55652046203613,13.8864049911499,1311.73950195312,31.3569564819336,384.028503417969
"50kmE405N400",7.81058883666992,14.2084369659424,2015.33215332031,31.7399787902832,486.859680175781
"50kmE410N400",3.50193548202515,11.1519298553467,3226.74755859375,34.1982040405273,559.555114746094
"50kmE415N400",1.67707872390747,10.2042121887207,1954.52368164062,28.0984210968018,616.869506835938
"50kmE420N400",3.79715991020203,12.8358030319214,1293.27465820312,26.28249168396,680.228149414062
"50kmE425N400",5.31775045394897,14.6924381256104,1148.19213867188,27.0846710205078,713.012512207031
"50kmE430N400",6.45798015594482,15.5225276947021,1114.28161621094,26.7281970977783,687.494445800781
"50kmE435N400",7.12964200973511,16.2460556030273,929.726745605469,24.89280128479,689.004821777344
"50kmE440N400",6.32526016235352,15.4015846252441,913.946411132812,23.5122756958008,682.523742675781
"50kmE445N400",6.38664436340332,15.6262903213501,836.330444335938,22.3494167327881,693.875854492188
"50kmE450N400",6.753746509552,16.2897853851318,765.705505371094,24.2434883117676,710.092834472656
"50kmE455N400",6.13618612289429,15.6043071746826,796.299743652344,24.55517578125,707.06591796875
"50kmE460N400",6.3563027381897,15.8874940872192,706.51318359375,25.6914196014404,714.948669433594
"50kmE465N400",6.47639560699463,16.0247001647949,635.194885253906,28.00244140625,713.711303710938
"50kmE470N400",6.4710693359375,15.9313745498657,616.698852539062,27.748161315918,704.467346191406
"50kmE475N400",6.66777181625366,15.7104425430298,603.171569824219,25.9327583312988,669.77294921875
"50kmE480N400",7.01513242721558,15.3481616973877,553.131652832031,25.9979209899902,604.238159179688
"50kmE515N400",6.03240728378296,16.2403736114502,787.581665039062,28.4837284088135,774.9658203125
"50kmE520N400",5.81663370132446,16.1776905059814,767.751525878906,28.8856105804443,790.872924804688
"50kmE525N400",5.8451828956604,16.3669376373291,706.2353515625,30.8581314086914,805.599731445312
"50kmE530N400",6.03099393844604,16.8321628570557,697.844177246094,33.429271697998,824.2001953125
"50kmE355N405",8.64462661743164,12.1181631088257,1111.8876953125,31.3460216522217,246.764251708984
"50kmE360N405",8.68561553955078,12.0944051742554,999.110534667969,31.5807762145996,243.331573486328
"50kmE400N405",8.39802265167236,13.660135269165,1454.767578125,32.1836776733398,377.457794189453
"50kmE405N405",6.85805225372314,13.4854650497437,2699.76416015625,30.8959178924561,503.723693847656
"50kmE410N405",2.77261161804199,10.9062795639038,3588.759765625,34.4192504882812,587.298217773438
"50kmE415N405",0.408317267894745,9.32468509674072,2015.90380859375,27.7929668426514,639.103698730469
"50kmE420N405",1.395352602005,10.6080284118652,1394.34289550781,26.0063400268555,674.542236328125
"50kmE425N405",3.67281603813171,13.5483064651489,1085.84033203125,29.4889831542969,743.402770996094
"50kmE430N405",5.22844648361206,15.2259531021118,1030.36267089844,25.7587242126465,767.970947265625
"50kmE435N405",6.0817403793335,15.8387775421143,989.541381835938,24.7258453369141,743.012145996094
"50kmE440N405",5.73724508285522,15.2541122436523,907.208862304688,25.6991939544678,719.247436523438
"50kmE445N405",5.80414247512817,15.4124021530151,833.139404296875,25.5724544525146,725.165466308594
"50kmE450N405",5.62390232086182,15.3840379714966,842.436279296875,25.1287670135498,737.713806152344
"50kmE455N405",5.30050086975098,14.9429559707642,902.096862792969,23.3142929077148,724.830139160156
"50kmE460N405",5.75823736190796,15.4672327041626,797.562805175781,24.7597808837891,728.4912109375
"50kmE465N405",6.18868970870972,15.9411773681641,670.162048339844,28.2851047515869,729.67041015625
"50kmE470N405",6.2819652557373,16.0410327911377,598.046752929688,29.4024410247803,727.833984375
"50kmE475N405",6.34870481491089,15.8299045562744,599.856384277344,28.2977771759033,705.874084472656
"50kmE480N405",6.60135841369629,15.1406145095825,560.192749023438,26.3022441864014,627.600280761719
"50kmE485N405",6.86250019073486,15.1853866577148,484.728942871094,27.0417957305908,600.161254882812
"50kmE365N410",8.53311634063721,11.991436958313,1085.93395996094,32.4302215576172,243.306762695312
"50kmE400N410",8.23154926300049,13.4533739089966,1664.21716308594,33.4828834533691,374.674560546875
"50kmE405N410",6.68322801589966,13.7711572647095,2831.19458007812,30.3029441833496,536.795288085938
"50kmE410N410",2.31661629676819,10.8988313674927,3403.18725585938,32.6676330566406,619.680236816406
"50kmE415N410",-0.381041169166565,8.53432655334473,1929.64660644531,26.6026973724365,631.720153808594
"50kmE420N410",0.0400635302066803,9.4577579498291,1167.82312011719,28.3586082458496,678.92431640625
"50kmE425N410",2.27001333236694,12.28955078125,1075.45617675781,33.9344940185547,742.046875
"50kmE430N410",4.46797800064087,14.8163728713989,958.340942382812,29.0502986907959,793.979187011719
"50kmE435N410",4.76359844207764,14.6540422439575,1028.98327636719,25.5512809753418,757.314208984375
"50kmE440N410",5.04176902770996,15.0562448501587,899.984008789062,28.4546298980713,763.643310546875
"50kmE445N410",4.8324818611145,14.9042272567749,934.682189941406,26.6607131958008,764.272216796875
"50kmE450N410",4.69251441955566,14.6725568771362,923.383544921875,26.3654232025146,754.087158203125
"50kmE455N410",4.59986209869385,14.4317445755005,894.169494628906,25.4640159606934,739.005615234375
"50kmE460N410",5.15346574783325,15.0323944091797,788.959899902344,26.3603572845459,741.852172851562
"50kmE465N410",5.766761302948,15.7047004699707,690.869995117188,28.6070365905762,744.853698730469
"50kmE470N410",5.95299434661865,15.7935333251953,654.627685546875,29.0917530059814,736.082702636719
"50kmE475N410",6.10987424850464,15.7412700653076,663.264343261719,28.7903385162354,718.822937011719
"50kmE480N410",6.3267707824707,15.0974102020264,599.456604003906,27.1055068969727,650.324157714844
"50kmE485N410",6.47899150848389,14.9554376602173,531.294006347656,28.788703918457,617.416625976562
"50kmE490N410",6.56114053726196,15.132884979248,564.649047851562,29.1180191040039,626.777526855469
"50kmE495N410",6.49394989013672,15.271258354187,614.50341796875,29.7532482147217,647.1435546875
"50kmE500N410",6.28060626983643,15.3455581665039,651.354553222656,30.9692974090576,675.342041015625
"50kmE505N410",6.01335144042969,15.4136714935303,669.061279296875,32.0915756225586,702.944274902344
"50kmE510N410",5.84062480926514,15.5898723602295,674.857482910156,32.340950012207,734.411987304688
"50kmE515N410",5.73167276382446,15.8499631881714,711.597045898438,32.7284545898438,766.945434570312
"50kmE365N415",8.36208534240723,11.7253475189209,1255.046875,33.2980880737305,237.306900024414
"50kmE370N415",8.39533519744873,11.9414691925049,1190.37512207031,32.4449310302734,248.458511352539
"50kmE400N415",8.11892795562744,13.2352333068848,1726.41577148438,31.2220878601074,363.901031494141
"50kmE405N415",5.94276142120361,12.99303150177,3778.5439453125,29.9664058685303,525.330993652344
"50kmE410N415",3.10370779037476,11.6913824081421,3262.69604492188,32.7618598937988,612.382568359375
"50kmE415N415",-0.0420423299074173,8.91051578521729,2042.23486328125,27.5769062042236,636.454162597656
"50kmE420N415",0.271659135818481,9.75611591339111,1235.91955566406,25.813871383667,684.698791503906
"50kmE425N415",1.57091307640076,11.8132276535034,913.871826171875,36.9288673400879,768.094604492188
"50kmE430N415",3.35319089889526,13.7127456665039,968.96630859375,32.1732139587402,793.143920898438
"50kmE435N415",4.36493921279907,14.5030345916748,850.843444824219,29.4806594848633,788.507019042969
"50kmE440N415",4.25503969192505,14.5880451202393,886.291687011719,29.8231010437012,794.446960449219
"50kmE445N415",3.73912644386292,13.9226398468018,940.096069335938,28.9394187927246,771.752136230469
"50kmE450N415",3.96795463562012,14.0026683807373,924.774047851562,28.7549533843994,755.007080078125
"50kmE455N415",4.51615810394287,14.5169229507446,756.674743652344,32.4223937988281,752.131103515625
"50kmE460N415",4.86183643341064,14.9808959960938,738.151916503906,30.3016242980957,762.204956054688
"50kmE465N415",5.32705497741699,15.3945026397705,726.772277832031,29.7595539093018,754.171203613281
"50kmE470N415",5.92475128173828,15.8655385971069,666.726928710938,28.8406848907471,741.516540527344
"50kmE475N415",6.12323951721191,15.2022275924683,597.997314453125,27.7325553894043,673.239990234375
"50kmE480N415",6.24429988861084,14.8535137176514,576.109802246094,28.096773147583,630.913330078125
"50kmE485N415",6.21979665756226,14.9950923919678,597.339660644531,30.2502937316895,652.456909179688
"50kmE490N415",5.97625398635864,14.9356698989868,600.288513183594,30.4781055450439,670.081237792969
"50kmE495N415",5.85981893539429,15.2467603683472,662.115112304688,30.388521194458,711.048522949219
"50kmE500N415",5.68378114700317,15.4283838272095,744.582092285156,31.1830024719238,737.948547363281
"50kmE505N415",5.51613187789917,15.4360637664795,749.894348144531,30.7481288909912,748.710510253906
"50kmE510N415",5.338210105896,15.2748708724976,663.03662109375,32.9562225341797,736.396911621094
"50kmE515N415",5.21455955505371,15.269021987915,670.915649414062,34.939998626709,734.513671875
"50kmE365N420",8.3823127746582,11.7301578521729,1318.65759277344,32.7332382202148,232.993316650391
"50kmE370N420",8.31323432922363,11.7677345275879,1224.87927246094,32.7008590698242,240.681350708008
"50kmE400N420",8.01315593719482,13.0124855041504,1780.04370117188,31.210823059082,353.008087158203
"50kmE405N420",5.43668985366821,12.3096437454224,4026.28076171875,32.130729675293,507.940765380859
"50kmE410N420",2.6882266998291,11.456841468811,2903.2490234375,31.1369571685791,626.473754882812
"50kmE415N420",2.39532804489136,11.8792247772217,1558.359375,28.4655666351318,686.592041015625
"50kmE420N420",-0.852512896060944,8.61777305603027,1315.48889160156,24.8090419769287,683.809020996094
"50kmE425N420",0.94152045249939,11.1588172912598,1060.28466796875,32.7787895202637,762.941528320312
"50kmE430N420",1.9012553691864,12.3580360412598,1067.4755859375,32.3910102844238,795.994934082031
"50kmE435N420",2.54461765289307,12.7407274246216,1124.98559570312,30.3507061004639,781.297485351562
"50kmE440N420",3.03421640396118,13.3804683685303,1005.23388671875,30.0043754577637,793.118225097656
"50kmE445N420",2.86841630935669,13.1846618652344,1026.00048828125,31.0908699035645,781.399963378906
"50kmE450N420",3.44733834266663,13.6418561935425,891.58544921875,31.9936618804932,767.207824707031
"50kmE455N420",4.25103425979614,14.5386915206909,762.920043945312,33.9245834350586,775.695678710938
"50kmE460N420",4.08446645736694,14.2390155792236,755.671997070312,32.332763671875,764.628662109375
"50kmE465N420",4.76112270355225,14.8072881698608,775.909057617188,30.1780986785889,750.078430175781
"50kmE470N420",5.88571739196777,15.1443920135498,657.790588378906,26.6000175476074,685.684875488281
"50kmE490N420",5.76090526580811,14.8079271316528,618.96630859375,30.3870334625244,675.987670898438
"50kmE495N420",5.47057676315308,15.5678977966309,720.608764648438,29.416482925415,757.80908203125
"50kmE500N420",5.09754228591919,15.5478782653809,748.795104980469,30.5545806884766,783.441528320312
"50kmE505N420",4.924400806427,15.5537672042847,768.520690917969,28.4955673217773,797.526245117188
"50kmE510N420",5.10346746444702,15.7459707260132,747.629272460938,28.7823448181152,800.886352539062
"50kmE515N420",5.31122159957886,15.8088636398315,710.54345703125,28.7909069061279,793.14111328125
"50kmE520N420",4.89881324768066,15.0693206787109,655.559020996094,30.2209949493408,747.701477050781
"50kmE525N420",4.74299621582031,14.9608764648438,662.293762207031,33.760498046875,736.665771484375
"50kmE400N425",7.96660137176514,12.8568716049194,1661.25122070312,30.6170272827148,343.791656494141
"50kmE405N425",5.60706233978271,12.1564598083496,3656.19287109375,32.4664115905762,478.186431884766
"50kmE410N425",2.54065179824829,10.9209985733032,3397.78076171875,31.3800792694092,595.177001953125
"50kmE415N425",0.502311587333679,9.68766212463379,2450.54467773438,32.7999076843262,658.699096679688
"50kmE420N425",-2.09258842468262,7.29240036010742,1370.19177246094,26.2121124267578,672.143676757812
"50kmE425N425",-0.508898973464966,9.78174877166748,935.121765136719,37.6155319213867,769.672668457031
"50kmE430N425",0.302203744649887,11.0589046478271,922.261657714844,39.8176002502441,825.29833984375
"50kmE435N425",1.4155535697937,12.0446767807007,963.550720214844,35.9075469970703,819.093139648438
"50kmE440N425",1.40455889701843,11.5417318344116,1064.7138671875,33.1466522216797,769.414489746094
"50kmE445N425",2.12842607498169,12.3165788650513,1038.62341308594,32.8659782409668,765.297729492188
"50kmE450N425",2.38378190994263,12.5013694763184,949.00341796875,36.1153297424316,759.370361328125
"50kmE455N425",3.13405847549438,13.2308769226074,909.735961914062,32.7062072753906,756.159973144531
"50kmE460N425",4.03688669204712,14.3098468780518,738.586975097656,33.3305969238281,773.191223144531
"50kmE465N425",4.80010414123535,15.006028175354,747.934265136719,29.3631629943848,764.493408203125
"50kmE470N425",5.70142364501953,14.5572366714478,632.138977050781,24.9622497558594,647.703063964844
"50kmE490N425",5.63126134872437,14.5892381668091,627.008911132812,29.3986110687256,662.882934570312
"50kmE495N425",5.11921310424805,15.4017705917358,704.331359863281,28.8524017333984,772.96923828125
"50kmE500N425",4.73516368865967,15.3456363677979,683.581848144531,30.9001655578613,798.246520996094
"50kmE505N425",4.54888534545898,15.2936210632324,705.717895507812,30.0454006195068,808.574401855469
"50kmE510N425",4.70614671707153,15.6073989868164,698.274353027344,30.4054508209229,823.168823242188
"50kmE515N425",4.93322324752808,16.0220813751221,717.212463378906,27.2770729064941,837.56201171875
"50kmE520N425",4.96263742446899,15.9328460693359,706.878234863281,26.6480541229248,831.199951171875
"50kmE525N425",4.84405279159546,15.6326179504395,733.072204589844,29.4185123443604,815.761962890625
"50kmE405N430",5.94533205032349,11.8094215393066,2912.7958984375,31.0391674041748,425.269317626953
"50kmE410N430",4.15093183517456,11.9567213058472,2688.10668945312,33.4047813415527,565.517395019531
"50kmE415N430",0.349596619606018,9.12123012542725,2243.2216796875,33.3001365661621,628.6298828125
"50kmE420N430",-1.13508248329163,8.38735580444336,1024.47839355469,28.1002025604248,686.461547851562
"50kmE425N430",-0.438328117132187,9.76601219177246,783.053771972656,35.1982460021973,762.120727539062
"50kmE430N430",-0.646354973316193,9.70262145996094,825.789306640625,45.6593589782715,786.288513183594
"50kmE435N430",0.623171627521515,10.9961881637573,792.245483398438,42.3060111999512,801.884216308594
"50kmE440N430",1.1502400636673,11.1399412155151,927.225036621094,35.9745445251465,759.373352050781
"50kmE445N430",1.56218421459198,11.5945110321045,975.091003417969,36.5237426757812,751.6474609375
"50kmE450N430",2.37788558006287,12.5991058349609,842.297729492188,39.0300216674805,768.608032226562
"50kmE455N430",3.17153549194336,13.4350728988647,775.369995117188,35.8665771484375,772.085876464844
"50kmE460N430",3.74501752853394,14.1974954605103,736.966552734375,34.5077095031738,788.829772949219
"50kmE465N430",4.34658288955688,14.5567808151245,764.037536621094,28.2142715454102,766.797485351562
"50kmE470N430",5.45126247406006,14.2583065032959,622.5341796875,24.9672050476074,643.413024902344
"50kmE490N430",5.35924768447876,14.5909996032715,665.541198730469,29.3021144866943,688.04833984375
"50kmE495N430",4.75396823883057,15.310546875,740.143676757812,28.5998497009277,794.097473144531
"50kmE500N430",4.52524995803833,15.3003950119019,724.294006347656,30.3231925964355,811.81591796875
"50kmE505N430",4.49465799331665,15.3561353683472,693.721740722656,32.2374801635742,818.527038574219
"50kmE510N430",4.42319059371948,15.4817552566528,711.734069824219,32.9144630432129,833.247985839844
"50kmE515N430",4.42578172683716,15.6240587234497,693.858764648438,30.2529678344727,843.938598632812
"50kmE520N430",4.4925684928894,15.9477348327637,709.310913085938,28.2534694671631,863.94189453125
"50kmE525N430",4.52028274536133,16.0347766876221,730.35595703125,27.6818923950195,866.894775390625
"50kmE530N430",4.57863426208496,15.9476795196533,723.391357421875,27.1981353759766,862.841918945312
"50kmE405N435",7.52768421173096,12.4032077789307,1457.73120117188,30.4911499023438,343.469665527344
"50kmE410N435",6.07216262817383,12.3157501220703,2245.3369140625,31.0439872741699,461.416870117188
"50kmE415N435",3.81686019897461,11.8252468109131,2161.87377929688,29.8512649536133,594.452575683594
"50kmE420N435",0.647881329059601,9.51127052307129,1836.78198242188,26.458423614502,643.469177246094
"50kmE425N435",-1.21264028549194,8.25172805786133,1323.22204589844,26.3997707366943,696.309265136719
"50kmE430N435",-0.093132309615612,9.51648998260498,881.370422363281,38.4125785827637,734.040954589844
"50kmE435N435",0.651724636554718,10.2918663024902,887.00146484375,36.9420471191406,736.084289550781
"50kmE440N435",0.814709961414337,10.4034900665283,992.70263671875,32.288257598877,719.363525390625
"50kmE445N435",1.30869913101196,11.1992492675781,895.204772949219,36.1420783996582,737.788452148438
"50kmE450N435",1.90565276145935,12.1876649856567,852.505798339844,38.8134574890137,776.280517578125
"50kmE455N435",3.00321865081787,13.4069452285767,741.086608886719,36.5083999633789,787.312255859375
"50kmE460N435",3.21239447593689,13.7106609344482,741.639770507812,34.9232330322266,796.036804199219
"50kmE465N435",3.72506380081177,14.1802129745483,793.076416015625,29.1071395874023,786.205810546875
"50kmE470N435",5.13496398925781,14.4945392608643,654.471252441406,26.5505809783936,691.612426757812
"50kmE490N435",4.76595067977905,15.070143699646,716.459838867188,28.5122146606445,769.987182617188
"50kmE495N435",4.0742073059082,14.8502283096313,785.614868164062,29.0342559814453,809.591796875
"50kmE500N435",4.03177928924561,14.9552726745605,779.726745605469,29.2788143157959,822.798522949219
"50kmE505N435",4.06467962265015,15.0510959625244,729.56591796875,32.7577705383301,829.681213378906
"50kmE510N435",4.13594627380371,15.331974029541,729.032653808594,32.1124114990234,844.223510742188
"50kmE515N435",4.07322406768799,15.4278554916382,698.404235839844,31.5296154022217,854.744384765625
"50kmE520N435",4.1992015838623,15.8263559341431,677.830322265625,30.0575618743896,875.3642578125
"50kmE525N435",4.25167560577393,16.1951675415039,727.117980957031,30.178861618042,885.313537597656
"50kmE530N435",4.23242521286011,16.0179214477539,705.563049316406,27.399040222168,891.41015625
"50kmE410N440",7.48421096801758,12.4131860733032,1335.44995117188,31.9642677307129,348.445678710938
"50kmE415N440",6.57586288452148,12.5470266342163,1765.57092285156,29.8975696563721,443.462554931641
"50kmE420N440",5.33338451385498,12.806583404541,1955.04797363281,26.5012283325195,565.090515136719
"50kmE425N440",2.34372591972351,10.9610977172852,2091.32861328125,22.0096530914307,643.394287109375
"50kmE430N440",2.94365859031677,11.6067867279053,1229.162109375,22.2365665435791,656.829650878906
"50kmE435N440",1.81203162670135,10.7001867294312,1316.86413574219,24.3082847595215,663.927368164062
"50kmE440N440",0.372674018144608,9.55771160125732,1319.951171875,28.2680397033691,671.006103515625
"50kmE445N440",0.510317325592041,10.0055236816406,1002.92810058594,32.3144950866699,699.490112304688
"50kmE450N440",2.07912635803223,12.0164155960083,852.083801269531,38.5299873352051,744.807861328125
"50kmE455N440",3.09477400779724,13.2225284576416,731.143676757812,37.3613662719727,761.885314941406
"50kmE460N440",2.90343189239502,13.4324712753296,755.665893554688,35.9273834228516,797.3896484375
"50kmE465N440",3.10592293739319,13.7872648239136,764.856994628906,30.5260677337646,807.333618164062
"50kmE470N440",4.26790046691895,14.2019462585449,767.673217773438,26.2209663391113,740.888977050781
"50kmE475N440",5.18924999237061,13.9989452362061,612.4462890625,28.8011035919189,642.360473632812
"50kmE485N440",4.99954223632812,14.0931978225708,621.043273925781,31.6305484771729,668.804809570312
"50kmE490N440",4.21432113647461,14.8561191558838,715.814697265625,29.8239593505859,796.306030273438
"50kmE495N440",3.82209992408752,14.7468633651733,711.351440429688,33.1814994812012,819.876831054688
"50kmE500N440",3.7136926651001,14.8477392196655,703.256958007812,33.5446166992188,836.739135742188
"50kmE505N440",3.6958122253418,14.9969367980957,725.51171875,33.0179786682129,851.623596191406
"50kmE510N440",3.74506306648254,15.2073593139648,729.8427734375,31.084436416626,863.239074707031
"50kmE515N440",3.76346349716187,15.3551368713379,723.3427734375,29.8568668365479,872.012512207031
"50kmE520N440",3.79705619812012,15.5190048217773,696.091247558594,29.2654457092285,883.072265625
"50kmE525N440",3.8783745765686,15.8127193450928,697.571655273438,29.6585292816162,896.215698242188
"50kmE530N440",3.92756700515747,15.9015293121338,687.279663085938,29.1877403259277,902.214599609375
"50kmE535N440",3.91259860992432,15.1707706451416,721.691833496094,31.1340007781982,855.085998535156
"50kmE420N445",6.85447025299072,12.3583211898804,1573.43688964844,30.079195022583,400.893676757812
"50kmE425N445",5.37804698944092,12.406834602356,1783.11633300781,25.1074447631836,532.858032226562
"50kmE430N445",5.34049367904663,13.327507019043,1262.57897949219,22.6306571960449,609.108947753906
"50kmE435N445",4.19169139862061,12.6146993637085,1403.89111328125,20.7101383209229,632.912780761719
"50kmE440N445",1.89902281761169,10.7930889129639,1432.21118164062,24.3417530059814,650.564514160156
"50kmE445N445",2.05006957054138,11.3295488357544,973.252990722656,28.654691696167,689.848449707031
"50kmE450N445",3.05424237251282,12.9575643539429,783.917236328125,33.6335144042969,743.763122558594
"50kmE455N445",3.07198786735535,13.3271322250366,713.096252441406,36.6138343811035,773.723693847656
"50kmE460N445",2.82387566566467,13.393482208252,756.223022460938,36.5989189147949,797.386840820312
"50kmE465N445",3.12400412559509,14.0720386505127,723.037841796875,34.1828079223633,828.806030273438
"50kmE470N445",3.44874262809753,14.1304979324341,808.707397460938,29.5815620422363,801.294189453125
"50kmE475N445",4.57163143157959,14.0348262786865,665.820251464844,31.1564502716064,706.136108398438
"50kmE485N445",4.61209726333618,14.0203790664673,583.052490234375,29.6837120056152,698.526916503906
"50kmE490N445",4.2271785736084,15.0091724395752,638.482360839844,31.8913688659668,809.492492675781
"50kmE495N445",3.9901921749115,15.0595369338989,633.093505859375,35.4222793579102,834.353393554688
"50kmE500N445",3.47066831588745,14.7047672271729,687.512512207031,34.5008735656738,847.085144042969
"50kmE505N445",3.17790222167969,14.5587596893311,734.627014160156,33.0128402709961,856.701110839844
"50kmE510N445",3.4601263999939,15.003360748291,714.194458007812,32.6683120727539,867.734985351562
"50kmE515N445",3.5587751865387,15.2743711471558,729.051879882812,31.5916862487793,883.333679199219
"50kmE520N445",3.58066248893738,15.4436187744141,697.483154296875,29.4982204437256,892.720520019531
"50kmE525N445",3.57463955879211,15.6448822021484,705.255126953125,28.7245540618896,905.897766113281
"50kmE530N445",3.61605548858643,15.7692070007324,694.624877929688,29.4019374847412,912.812133789062
"50kmE535N445",3.51599717140198,15.5204973220825,736.913696289062,28.7118721008301,908.732177734375
"50kmE420N450",7.2651834487915,12.1502132415771,1072.07763671875,30.0931911468506,342.387878417969
"50kmE425N450",6.93701934814453,12.252513885498,1151.40710449219,27.1245288848877,383.420806884766
"50kmE430N450",5.66537570953369,12.6528987884521,1872.38208007812,26.6887626647949,529.431396484375
"50kmE435N450",5.15841913223267,13.7253761291504,1459.85070800781,24.0921745300293,647.279541015625
"50kmE440N450",3.10217213630676,11.991626739502,1563.43408203125,19.8317337036133,658.204040527344
"50kmE445N450",1.75653457641602,10.9104909896851,1371.86877441406,20.6861362457275,679.852172851562
"50kmE450N450",2.17294454574585,12.0412673950195,1004.28466796875,25.0503540039062,736.074890136719
"50kmE455N450",2.77266955375671,13.1713905334473,785.890014648438,33.8017654418945,780.959167480469
"50kmE460N450",2.90909385681152,13.6620492935181,750.573669433594,35.337085723877,809.738647460938
"50kmE465N450",2.68230414390564,13.7094354629517,775.919799804688,33.5915756225586,830.257568359375
"50kmE470N450",2.72210812568665,13.7626943588257,797.156921386719,32.2044715881348,826.212829589844
"50kmE475N450",3.36600732803345,14.2257385253906,806.382873535156,32.5439758300781,810.442077636719
"50kmE480N450",4.17970561981201,13.8755540847778,663.724365234375,29.1019515991211,724.897155761719
"50kmE485N450",4.04759502410889,13.6365299224854,566.765869140625,28.1576480865479,708.308349609375
"50kmE490N450",4.11978435516357,14.5687618255615,602.964538574219,30.707914352417,788.016235351562
"50kmE495N450",3.86111831665039,15.010763168335,654.009155273438,33.4938774108887,841.982116699219
"50kmE500N450",3.34775757789612,14.739312171936,710.881469726562,31.93678855896,859.697875976562
"50kmE505N450",3.08841848373413,14.6164474487305,689.381286621094,32.6257667541504,865.515502929688
"50kmE510N450",3.26727628707886,14.9984903335571,707.763549804688,31.9541053771973,879.588928222656
"50kmE515N450",3.32358288764954,15.1424942016602,712.516662597656,31.0493431091309,891.523986816406
"50kmE520N450",3.29922819137573,15.221287727356,713.730712890625,28.7869300842285,899.297546386719
"50kmE525N450",3.15462803840637,15.2470359802246,749.833862304688,26.9017581939697,909.600646972656
"50kmE530N450",3.16863632202148,15.3753986358643,728.232421875,28.0933113098145,918.128723144531
"50kmE535N450",2.82015109062195,14.9811811447144,808.814392089844,27.881217956543,925.715515136719
"50kmE430N455",6.41014337539673,12.2520599365234,1467.19653320312,24.6612701416016,430.518463134766
"50kmE435N455",4.66616296768188,12.6031084060669,1796.38720703125,26.799430847168,603.108764648438
"50kmE440N455",3.65602087974548,12.5792083740234,1688.54638671875,22.140064239502,670.966796875
"50kmE445N455",1.57898139953613,10.8071031570435,1532.5791015625,21.9964351654053,680.536560058594
"50kmE450N455",1.14088380336761,10.819842338562,1195.61450195312,26.8147830963135,718.284606933594
"50kmE455N455",2.07726335525513,12.4156742095947,932.615234375,32.0028648376465,774.702331542969
"50kmE460N455",2.33244132995605,13.2767925262451,804.635437011719,34.9537467956543,826.223266601562
"50kmE465N455",2.0588047504425,13.1095867156982,820.127502441406,34.9024238586426,828.628173828125
"50kmE470N455",2.04523873329163,13.1694869995117,808.626831054688,35.4531898498535,829.994445800781
"50kmE475N455",2.59311461448669,13.881178855896,784.480102539062,34.7969856262207,844.029235839844
"50kmE480N455",3.23649263381958,13.9601535797119,811.977478027344,28.8072032928467,804.195007324219
"50kmE485N455",3.55710649490356,13.3484811782837,620.337768554688,27.9121704101562,722.723083496094
"50kmE490N455",3.64501023292542,13.5790033340454,557.644958496094,30.6338081359863,738.694763183594
"50kmE495N455",3.73728322982788,14.7453289031982,621.545837402344,33.4470825195312,831.676513671875
"50kmE500N455",3.16936278343201,14.6305236816406,697.93798828125,32.2883796691895,865.71533203125
"50kmE505N455",2.93378448486328,14.5911817550659,696.710876464844,31.6139869689941,879.344482421875
"50kmE510N455",2.88297080993652,14.7369403839111,728.35498046875,30.8393230438232,894.224914550781
"50kmE515N455",2.93804693222046,14.9180221557617,747.574523925781,29.4860935211182,909.956665039062
"50kmE520N455",2.82370853424072,14.8767824172974,751.950622558594,27.4229984283447,915.699279785156
"50kmE525N455",2.66825985908508,14.8765153884888,834.476318359375,26.5901679992676,917.604309082031
"50kmE530N455",2.65465831756592,14.8940448760986,810.438720703125,27.9589023590088,921.482543945312
"50kmE535N455",2.44288659095764,14.7497396469116,807.153503417969,28.361047744751,935.347045898438
"50kmE540N455",2.3111834526062,14.6270542144775,763.473449707031,29.4613704681396,937.201599121094
"50kmE435N460",5.93532848358154,12.33909034729,1443.46252441406,24.9830799102783,480.935729980469
"50kmE440N460",3.61919283866882,12.3515272140503,2206.33740234375,24.4055557250977,658.299133300781
"50kmE445N460",1.89751005172729,11.1948823928833,1722.42114257812,24.509708404541,692.208923339844
"50kmE450N460",1.00166070461273,10.8522434234619,1417.08520507812,22.9187850952148,733.750671386719
"50kmE455N460",1.13042974472046,11.6851921081543,1111.88610839844,28.6833438873291,787.977905273438
"50kmE460N460",1.64048254489899,12.48459815979,900.479553222656,35.1177024841309,819.43798828125
"50kmE465N460",1.51711690425873,12.5399942398071,865.940002441406,37.3593482971191,823.907775878906
"50kmE470N460",1.95188295841217,13.1781644821167,830.0166015625,38.829532623291,837.683837890625
"50kmE475N460",2.26568055152893,13.7573480606079,738.04736328125,37.9852409362793,859.882751464844
"50kmE480N460",2.58751845359802,13.8506669998169,837.504272460938,30.8778648376465,841.530700683594
"50kmE485N460",3.34305453300476,13.400260925293,706.145141601562,28.7340335845947,752.969604492188
"50kmE495N460",3.49976086616516,14.1341466903687,570.1953125,32.3570785522461,800.745361328125
"50kmE500N460",3.19568824768066,14.8324565887451,671.226379394531,31.4779357910156,878.561218261719
"50kmE505N460",2.79457902908325,14.5420999526978,693.5849609375,30.8688564300537,889.806213378906
"50kmE510N460",2.6001136302948,14.5121850967407,748.196228027344,30.9836387634277,902.766052246094
"50kmE515N460",2.46193194389343,14.5003414154053,786.324523925781,27.3934459686279,914.882202148438
"50kmE520N460",2.2349259853363,14.3383913040161,785.150817871094,27.0053634643555,919.997985839844
"50kmE525N460",2.41264605522156,14.8361139297485,817.205749511719,29.1066379547119,927.074279785156
"50kmE530N460",2.27481150627136,14.6447172164917,798.233825683594,29.3228340148926,934.596435546875
"50kmE535N460",1.96755182743073,14.3226127624512,803.566162109375,28.9484272003174,936.638793945312
"50kmE435N465",6.37192821502686,12.1136713027954,1175.37463378906,25.6068115234375,420.764282226562
"50kmE440N465",4.5608024597168,12.691933631897,2266.0244140625,23.4426174163818,612.4267578125
"50kmE445N465",1.16869854927063,10.6728887557983,2455.41064453125,25.3524036407471,695.14453125
"50kmE450N465",-0.460225969552994,9.36939144134521,1537.26293945312,23.4173583984375,717.798278808594
"50kmE455N465",0.0318859368562698,10.41197681427,1195.34741210938,29.8446998596191,770.598693847656
"50kmE460N465",1.25440800189972,12.0932197570801,913.145080566406,37.1772079467773,816.709716796875
"50kmE465N465",1.68768346309662,12.9705324172974,862.556213378906,40.090461730957,847.207336425781
"50kmE470N465",1.97083306312561,13.5234603881836,810.692687988281,39.1170654296875,865.957275390625
"50kmE475N465",1.96429932117462,13.6445035934448,763.364501953125,36.9830780029297,874.008117675781
"50kmE480N465",2.52130961418152,13.8998899459839,780.94189453125,32.2997436523438,852.2548828125
"50kmE485N465",3.11603617668152,13.2602300643921,616.858825683594,30.2448883056641,761.581115722656
"50kmE495N465",3.01286745071411,13.2238655090332,539.709106445312,31.0263137817383,755.737731933594
"50kmE500N465",2.95503640174866,14.415940284729,675.690246582031,32.0949897766113,865.683349609375
"50kmE505N465",2.61591053009033,14.4755363464355,707.769653320312,33.6139602661133,897.953979492188
"50kmE510N465",2.36545753479004,14.5180625915527,743.616821289062,33.2065505981445,913.752258300781
"50kmE515N465",2.10833954811096,14.2569198608398,794.091918945312,30.734338760376,915.190368652344
"50kmE520N465",1.9555504322052,14.0962047576904,821.683349609375,28.4036140441895,919.136352539062
"50kmE525N465",1.84968090057373,14.1426010131836,831.090393066406,26.8597393035889,933.097961425781
"50kmE530N465",1.73648548126221,14.0993661880493,797.232666015625,29.0290470123291,934.036315917969
"50kmE440N470",4.74414300918579,12.2271175384521,2039.49353027344,25.3473625183105,562.789855957031
"50kmE445N470",1.29318785667419,10.9640636444092,2503.44384765625,28.347541809082,714.875732421875
"50kmE450N470",0.228954911231995,10.05295753479,1656.2158203125,24.9853343963623,723.185913085938
"50kmE455N470",0.0613270066678524,10.5107107162476,1152.28784179688,28.7675018310547,777.578186035156
"50kmE460N470",0.742031455039978,11.7671985626221,964.988586425781,37.178150177002,824.99169921875
"50kmE465N470",1.33243262767792,12.7255086898804,839.370849609375,39.1925239562988,855.604858398438
"50kmE470N470",1.22214388847351,12.715537071228,858.592163085938,38.1904296875,858.563659667969
"50kmE475N470",1.42479920387268,13.1046943664551,809.332702636719,35.5923500061035,871.133117675781
"50kmE480N470",2.04381489753723,13.7305488586426,805.533508300781,33.3805046081543,872.193359375
"50kmE485N470",2.73333048820496,13.3689651489258,632.07763671875,31.6855335235596,797.630493164062
"50kmE500N470",2.50251746177673,13.5267810821533,628.341369628906,29.3323993682861,833.689758300781
"50kmE505N470",2.46304488182068,14.5057725906372,729.294616699219,31.7579307556152,910.473754882812
"50kmE510N470",2.04298853874207,14.2894344329834,794.465454101562,31.54953956604,922.335754394531
"50kmE515N470",1.68193912506104,13.9122705459595,836.114868164062,29.3616123199463,924.169372558594
"50kmE520N470",1.64018094539642,13.895788192749,826.149658203125,27.4520435333252,927.404602050781
"50kmE525N470",1.58229911327362,13.8954639434814,782.360595703125,29.1831874847412,929.623718261719
"50kmE530N470",1.55599057674408,13.9300193786621,770.515502929688,31.956729888916,937.957458496094
"50kmE440N475",5.36079359054565,11.7409067153931,1670.0693359375,27.8361930847168,475.24267578125
"50kmE445N475",2.65178894996643,11.9128742218018,2592.3017578125,28.801118850708,689.707275390625
"50kmE450N475",-0.0440097339451313,9.69326210021973,2096.93212890625,27.1049137115479,712.072326660156
"50kmE455N475",-1.11613214015961,9.32717418670654,1266.43493652344,26.7715625762939,766.875061035156
"50kmE460N475",-0.339221924543381,10.6136274337769,1087.29138183594,37.3526039123535,813.004821777344
"50kmE465N475",0.819596111774445,12.0675039291382,851.953125,40.446102142334,844.960998535156
"50kmE470N475",0.922849178314209,12.5161371231079,816.206359863281,40.2165298461914,866.258911132812
"50kmE475N475",1.31529128551483,13.2594184875488,773.794677734375,38.8740844726562,892.655883789062
"50kmE480N475",1.9948183298111,14.1598777770996,759.630065917969,34.0309600830078,912.719543457031
"50kmE485N475",2.35683107376099,13.9332695007324,725.46826171875,27.8792362213135,873.28955078125
"50kmE490N475",2.26304769515991,13.0093555450439,603.369873046875,24.3876171112061,806.586303710938
"50kmE495N475",2.14113259315491,12.9356689453125,583.233764648438,25.3987598419189,805.341430664062
"50kmE500N475",2.10161662101746,13.5441608428955,694.55859375,26.0083885192871,862.426330566406
"50kmE505N475",2.00907945632935,14.2614192962646,801.860656738281,28.1396293640137,925.67138671875
"50kmE510N475",1.75407874584198,14.0670433044434,811.772583007812,29.291784286499,931.331848144531
"50kmE515N475",1.29050421714783,13.5928525924683,882.515258789062,27.6634502410889,929.054016113281
"50kmE520N475",1.27040112018585,13.5810470581055,815.38427734375,28.2112407684326,929.992431640625
"50kmE525N475",1.42069280147552,13.7727088928223,788.863464355469,31.9641017913818,931.767517089844
"50kmE440N480",5.91759824752808,11.518985748291,1254.201171875,28.2880039215088,405.188110351562
"50kmE445N480",2.77822709083557,11.1480941772461,3142.29443359375,27.6703701019287,616.419250488281
"50kmE450N480",-0.0441632233560085,10.0190401077271,2594.50439453125,30.2710075378418,728.933837890625
"50kmE455N480",-1.93045365810394,8.46176052093506,1390.18103027344,26.7840404510498,758.503540039062
"50kmE460N480",-0.533444583415985,10.5824928283691,1039.84545898438,35.8084259033203,824.175109863281
"50kmE465N480",0.000428191502578557,11.5434761047363,966.705200195312,38.8471984863281,867.278686523438
"50kmE470N480",0.209460005164146,11.8817710876465,901.836181640625,40.7243919372559,870.828796386719
"50kmE475N480",0.975286066532135,12.9548492431641,842.992431640625,38.9428901672363,895.138427734375
"50kmE480N480",1.55094707012177,14.0337133407593,763.007446289062,32.3811721801758,937.310119628906
"50kmE485N480",1.67779111862183,14.141845703125,807.549987792969,27.0962905883789,934.751159667969
"50kmE490N480",1.79264044761658,14.0261096954346,822.531188964844,24.1667060852051,915.433166503906
"50kmE495N480",1.83014965057373,13.889762878418,833.672424316406,23.9961318969727,905.252197265625
"50kmE500N480",1.5891090631485,13.9406261444092,876.487915039062,25.7496547698975,928.231994628906
"50kmE505N480",1.39584362506866,13.7767810821533,851.215637207031,27.8598957061768,931.957092285156
"50kmE510N480",1.16309559345245,13.5603952407837,880.719543457031,28.1321830749512,933.324340820312
"50kmE515N480",0.868898212909698,13.2305593490601,902.300842285156,28.396183013916,929.107849121094
"50kmE520N480",0.943636000156403,13.3023166656494,811.882385253906,29.1843185424805,931.375305175781
"50kmE445N485",4.8587441444397,11.529727935791,2003.45654296875,29.1613655090332,490.409942626953
"50kmE450N485",0.58648818731308,10.1650581359863,2288.23974609375,31.0508155822754,700.822143554688
"50kmE455N485",-0.901958286762238,9.36029243469238,1276.62048339844,27.1044483184814,750.832702636719
"50kmE460N485",-2.14734864234924,8.82367992401123,1157.86657714844,30.232536315918,806.409301757812
"50kmE465N485",-0.86295211315155,10.9896793365479,1035.57006835938,40.4295387268066,885.234619140625
"50kmE470N485",0.28166064620018,12.3959903717041,804.593933105469,44.8546333312988,913.825378417969
"50kmE475N485",0.695478141307831,12.9813175201416,784.766540527344,41.5633506774902,925.384887695312
"50kmE480N485",0.678536891937256,12.9502010345459,821.759887695312,33.5296096801758,917.584350585938
"50kmE485N485",1.20309054851532,13.808931350708,813.585388183594,30.729305267334,945.39306640625
"50kmE490N485",1.19803190231323,13.8492050170898,798.741394042969,29.3036346435547,948.144409179688
"50kmE495N485",1.17045176029205,13.7583198547363,832.152587890625,27.2008934020996,943.797973632812
"50kmE500N485",1.11909544467926,13.7050514221191,861.485717773438,27.8990249633789,942.327392578125
"50kmE505N485",0.884655594825745,13.3863916397095,829.027770996094,29.9741802215576,935.005187988281
"50kmE510N485",0.538384020328522,12.9014253616333,892.430541992188,27.8846988677979,923.078063964844
"50kmE515N485",0.450790673494339,12.7572574615479,841.582824707031,29.6061305999756,917.443481445312
"50kmE520N485",0.534649670124054,12.7380266189575,779.973693847656,29.5783195495605,916.326782226562
"50kmE440N490",5.96774578094482,11.0651979446411,1014.83782958984,32.012321472168,359.891815185547
"50kmE445N490",5.60870313644409,11.3290987014771,1219.64611816406,31.3249492645264,414.159973144531
"50kmE450N490",3.80875396728516,11.9565372467041,1613.56298828125,28.515510559082,608.148864746094
"50kmE455N490",0.230497613549232,10.2570724487305,1972.78759765625,26.2937393188477,734.785278320312
"50kmE460N490",-2.50020027160645,7.82384967803955,1259.56237792969,26.778413772583,753.15283203125
"50kmE465N490",-2.58294010162354,8.71616744995117,1069.32067871094,40.3445243835449,833.324584960938
"50kmE470N490",-0.856055796146393,11.295166015625,892.635192871094,45.8849334716797,914.690734863281
"50kmE475N490",-0.126868396997452,11.971155166626,789.83544921875,42.7176704406738,906.472045898438
"50kmE480N490",0.620566725730896,12.8809223175049,754.272827148438,36.2652359008789,916.033325195312
"50kmE485N490",0.827345192432404,13.4516515731812,753.515563964844,33.5562858581543,946.214904785156
"50kmE490N490",0.796922326087952,13.5088872909546,751.720947265625,33.4773902893066,952.688659667969
"50kmE495N490",0.698162078857422,13.442626953125,775.433227539062,30.8624038696289,950.7900390625
"50kmE500N490",0.641175508499146,13.3798685073853,774.156799316406,31.1956176757812,948.619323730469
"50kmE505N490",0.551249980926514,13.1821756362915,767.525817871094,31.8670024871826,940.492370605469
"50kmE510N490",0.315468549728394,12.7869491577148,811.45849609375,31.3321857452393,929.137939453125
"50kmE515N490",0.203650370240211,12.5849866867065,781.345031738281,31.8347644805908,924.792419433594
"50kmE440N495",5.71381282806396,10.6476535797119,1504.95031738281,36.8457794189453,346.207794189453
"50kmE445N495",5.47775030136108,10.9279870986938,1714.7314453125,36.4876289367676,387.981292724609
"50kmE450N495",4.77216291427612,11.8004484176636,1592.20654296875,29.4248390197754,522.976501464844
"50kmE455N495",1.55243182182312,10.8413896560669,2151.05297851562,27.7662220001221,686.264465332031
"50kmE460N495",-1.09187400341034,8.96925640106201,1318.58618164062,27.1022205352783,739.541259765625
"50kmE465N495",-2.49969387054443,8.26664447784424,915.628540039062,34.6927032470703,792.402587890625
"50kmE470N495",-1.39410662651062,10.4536123275757,838.796203613281,47.7508735656738,884.281005859375
"50kmE475N495",-0.242685228586197,11.6590642929077,769.744812011719,46.9595222473145,889.631408691406
"50kmE480N495",0.357815206050873,12.526026725769,759.511352539062,41.0664749145508,908.378356933594
"50kmE485N495",0.506537079811096,13.1021356582642,718.007202148438,36.1076850891113,941.71630859375
"50kmE490N495",0.413258343935013,13.1457023620605,794.437622070312,33.2635803222656,950.861083984375
"50kmE495N495",0.294649869203568,13.0066909790039,746.054931640625,32.5285911560059,947.476867675781
"50kmE500N495",0.139861658215523,12.7738218307495,764.222351074219,33.7864036560059,940.416931152344
"50kmE505N495",0.256528258323669,12.900351524353,777.954467773438,31.1265239715576,943.876403808594
"50kmE510N495",0.1130750477314,12.690580368042,783.626403808594,31.610481262207,940.722351074219
"50kmE515N495",-0.223036259412766,12.1168537139893,797.958251953125,33.2722702026367,920.003234863281
"50kmE585N495",0.918743669986725,14.3306732177734,762.7314453125,26.8716087341309,1024.04089355469
"50kmE445N500",5.26834011077881,10.4744911193848,1593.49780273438,37.4774322509766,368.695922851562
"50kmE450N500",4.56351518630981,11.3068695068359,2119.63720703125,31.7109508514404,500.936340332031
"50kmE455N500",3.55785775184631,12.0053834915161,2133.1982421875,28.4229755401611,628.759155273438
"50kmE460N500",-0.292127072811127,9.46601581573486,1733.29724121094,25.6714782714844,715.3486328125
"50kmE465N500",-3.34257102012634,6.85404968261719,1146.3095703125,31.7234210968018,742.876281738281
"50kmE470N500",-1.52935361862183,9.96305179595947,758.410217285156,46.5787315368652,854.547729492188
"50kmE475N500",-0.51750659942627,11.4241504669189,723.18603515625,46.6520767211914,891.548278808594
"50kmE480N500",-0.21069723367691,11.8896236419678,752.291198730469,42.7918319702148,898.343811035156
"50kmE485N500",0.00851162616163492,12.3911828994751,768.000366210938,37.5623245239258,920.843505859375
"50kmE490N500",-0.0415778607130051,12.4656257629395,778.314147949219,36.0905113220215,929.546325683594
"50kmE495N500",0.0452265478670597,12.6641998291016,697.589416503906,35.9863967895508,939.320251464844
"50kmE500N500",0.0196976345032454,12.6154584884644,722.192504882812,34.0587348937988,936.353820800781
"50kmE505N500",-0.0991636365652084,12.4634370803833,778.361267089844,30.4799785614014,935.537902832031
"50kmE510N500",-0.286248683929443,12.2196426391602,815.370971679688,30.7073993682861,931.959533691406
"50kmE515N500",-0.523984730243683,11.8168239593506,831.960266113281,31.0787410736084,918.362182617188
"50kmE450N505",4.32212924957275,11.3342704772949,1839.07080078125,30.7213249206543,525.792663574219
"50kmE455N505",2.90118718147278,11.5830774307251,1759.4228515625,28.9935855865479,654.937622070312
"50kmE460N505",1.49738264083862,11.1621551513672,1714.11987304688,26.2704315185547,714.940185546875
"50kmE465N505",-1.51030552387238,8.84019756317139,1354.46960449219,26.9578990936279,758.458557128906
"50kmE470N505",-2.05761408805847,9.0025520324707,802.241943359375,38.2412948608398,818.601196289062
"50kmE475N505",-1.49815285205841,10.069935798645,762.455871582031,48.8536376953125,852.357055664062
"50kmE480N505",-0.521207690238953,11.39182472229,716.336242675781,45.6230239868164,878.120971679688
"50kmE485N505",-0.403513163328171,11.9407596588135,689.242431640625,41.2916030883789,912.639343261719
"50kmE490N505",-0.448304057121277,11.9045610427856,713.728637695312,40.5869216918945,914.18505859375
"50kmE495N505",-0.350916773080826,11.9552993774414,681.578308105469,39.4018974304199,912.706298828125
"50kmE500N505",-0.309811025857925,11.961483001709,733.004089355469,34.6333351135254,909.838500976562
"50kmE505N505",-0.502123355865479,11.8745021820068,773.767761230469,31.4816932678223,916.647766113281
"50kmE510N505",-0.407099723815918,11.8659086227417,782.604187011719,31.9568214416504,911.918701171875
"50kmE515N505",-0.298517435789108,11.9288520812988,792.703125,32.1348075866699,911.696838378906
"50kmE450N510",4.95221519470215,10.2666578292847,1272.59167480469,34.0837326049805,381.736083984375
"50kmE455N510",4.51685571670532,10.6749639511108,1330.69934082031,29.3066482543945,453.892059326172
"50kmE460N510",2.50475978851318,11.0345611572266,1764.19421386719,29.1069240570068,636.19091796875
"50kmE465N510",-0.000692892819643021,10.5902938842773,1449.28662109375,26.4917335510254,793.314636230469
"50kmE470N510",-2.00706768035889,8.83035659790039,1012.35186767578,31.5439262390137,798.874816894531
"50kmE475N510",-1.95397782325745,9.34072303771973,779.681396484375,42.6663513183594,831.44677734375
"50kmE480N510",-1.0211067199707,10.6699123382568,712.957641601562,49.2059211730957,860.414367675781
"50kmE485N510",-1.05695343017578,10.9846172332764,634.169006347656,49.4479560852051,881.973571777344
"50kmE490N510",-0.911253809928894,11.1962623596191,669.795288085938,47.9045829772949,886.527893066406
"50kmE495N510",-0.619465589523315,11.4908151626587,683.037109375,43.0401763916016,895.473754882812
"50kmE500N510",-0.337727427482605,11.6338863372803,744.939270019531,38.0486946105957,888.918640136719
"50kmE505N510",-0.521329462528229,11.5563259124756,711.60009765625,39.0663986206055,896.62890625
"50kmE525N510",-0.936020135879517,11.0465698242188,809.230529785156,32.1352157592773,900.130432128906
"50kmE460N515",3.18718934059143,10.0172462463379,1559.44860839844,28.2805767059326,508.794891357422
"50kmE465N515",0.695921838283539,10.8753833770752,1790.0107421875,25.807107925415,769.689819335938
"50kmE470N515",-1.1886545419693,9.56506252288818,1137.99621582031,27.2779407501221,793.3271484375
"50kmE475N515",-2.59233164787292,8.27451229095459,874.346557617188,31.3248023986816,789.131042480469
"50kmE480N515",-1.57737147808075,9.87862873077393,727.414855957031,40.5400123596191,839.628356933594
"50kmE485N515",-0.924570560455322,10.8090410232544,626.340637207031,50.881534576416,861.382080078125
"50kmE495N515",-0.3926020860672,11.4295682907104,637.47412109375,47.5387191772461,876.960754394531
"50kmE500N515",0.212795317173004,11.603702545166,669.188354492188,45.8692855834961,856.005249023438
"50kmE505N515",0.129051640629768,11.8452453613281,698.261962890625,41.3587951660156,876.667175292969
"50kmE460N520",4.27849864959717,9.73817253112793,1051.58166503906,32.9633483886719,391.087127685547
"50kmE465N520",2.12508201599121,9.95013236999512,1565.87475585938,26.0509262084961,588.055969238281
"50kmE470N520",1.40225398540497,10.3908681869507,1308.64672851562,26.3768291473389,668.778442382812
"50kmE480N520",-1.58675563335419,9.46951675415039,854.026489257812,29.4742336273193,809.763549804688
"50kmE485N520",-1.1373256444931,10.0682039260864,718.045532226562,40.991138458252,819.90576171875
"50kmE490N520",-0.933030009269714,10.9395179748535,628.705749511719,44.8164291381836,877.97119140625
"50kmE495N520",-0.915603160858154,10.9055070877075,641.63330078125,45.2538299560547,873.662292480469
"50kmE500N520",-0.0627132207155228,11.2880344390869,638.608642578125,39.9304428100586,848.858703613281
"50kmE505N520",0.155361726880074,11.3984603881836,673.219848632812,39.3336486816406,849.729187011719
"50kmE465N525",4.13404417037964,9.27666473388672,853.061584472656,29.2112350463867,362.734497070312
"50kmE475N525",1.37082743644714,9.51215362548828,1313.92883300781,25.4651317596436,597.5078125
"50kmE480N525",-0.506845891475677,10.4073600769043,1067.08056640625,21.5903511047363,807.388977050781
"50kmE485N525",-0.988227486610413,9.99906349182129,825.310668945312,28.828670501709,806.2861328125
"50kmE490N525",-1.78929960727692,9.37388801574707,792.307067871094,38.9386940002441,816.988708496094
"50kmE495N525",-0.932051777839661,10.3424205780029,689.2158203125,40.2285690307617,829.993225097656
"50kmE500N525",-0.624723196029663,10.5226078033447,702.5849609375,37.6198272705078,830.82080078125
"50kmE505N525",-0.0179561953991652,11.0124397277832,699.355102539062,34.9942436218262,835.170959472656
"50kmE510N525",-0.0553989596664906,10.4001665115356,864.721557617188,30.9044609069824,789.420104980469
"50kmE475N530",3.31094813346863,9.05732727050781,1142.64672851562,30.8877105712891,410.518005371094
"50kmE480N530",1.28289604187012,9.5636568069458,1345.67199707031,25.7300434112549,611.162841796875
"50kmE485N530",0.246295616030693,10.1650648117065,988.911926269531,20.8661727905273,732.878234863281
"50kmE490N530",0.271690338850021,10.3430976867676,812.639404296875,27.1218376159668,740.891296386719
"50kmE495N530",-0.550669014453888,9.99000549316406,817.222106933594,30.0092830657959,782.356872558594
"50kmE500N530",-0.614166617393494,10.1964721679688,781.90283203125,32.2270660400391,812.800842285156
"50kmE505N530",0.00976485013961792,9.99066352844238,712.515258789062,28.3658981323242,757.050170898438
"50kmE510N530",1.77271342277527,9.05381774902344,672.120971679688,22.8547801971436,546.008361816406
"50kmE485N535",2.05077528953552,9.05723857879639,1130.37878417969,23.9619770050049,514.804931640625
"50kmE490N535",1.79755425453186,9.49884510040283,883.694396972656,23.0404281616211,568.071838378906
"50kmE495N535",0.00827387906610966,9.40093803405762,1006.46417236328,21.2234649658203,700.494567871094
"50kmE500N535",-0.401073962450027,8.99490547180176,962.048217773438,21.9835605621338,700.84765625
"50kmE510N535",2.44867253303528,8.44425010681152,662.648376464844,20.3266849517822,431.780670166016
"50kmE645N575",-6.59635162353516,9.96817493438721,1081.46105957031,39.038516998291,1222.71276855469
