"cellcode","frac_1","frac_2","frac_3","frac_4","frac_5","frac_6","frac_7","frac_8","frac_9","frac_10","frac_11","frac_12","frac_13","frac_14","frac_15","frac_16","frac_17","frac_18","frac_19","frac_20","frac_21","frac_22","frac_23","frac_24","frac_25","frac_26","frac_27","frac_28","frac_29","frac_30","frac_31","frac_32","frac_33","frac_34","frac_35","frac_36","frac_37","frac_38","frac_39","frac_40","frac_41","frac_42","frac_43","frac_44","frac_48"
"50kmE640N135",0,0,0,0,0,0,0,0,0,0,0,0,0,0,0,0,0,0,0,0,0,0,0,0,0,0,0,0,0,0,0,0,0,0,0,0,0,0,0,0,0,0,0,0,0
"50kmE635N155",0,0.00452173175290227,3.51490482795259e-16,0.000452892039902508,0,0.00274610728956759,0,0,0,0,0.00353687116876245,0.00204879720695317,0.000517590902745724,0,0.00472301710397005,0.00239385780878365,0,0,0,0.0171667654067278,0.00178281310945749,0,0.000323494314216077,0,0,0,0,0.0235288199037313,0.000186907825991511,0,0.00066855491604656,0.00488116964697838,0,0,0,0,0,0,0,0,0,0,0,0.930520594120026,0
"50kmE640N155",0,0.000973926391452551,0.00254601216875017,0,0,0.0027300613000989,0,0,0,0,0.000605828245170414,0,0,0,0,0.00187116558663547,0,0,0,0,0,0,0,0,0,0,0,0.0120015339925885,0,0.00433282228186727,0,0.000935582793317735,0,0,1.42840883367887e-16,0,0.00385736185126007,0,0,0,0,0,0,0.970145702362061,0
"50kmE630N160",0,0,0,0,0,0,0,0,0,0,0,0.00167572649661452,0,0,0,0,0,0,0.00109671533573419,0.000149861720274203,2.0435689293663e-05,0,0,0.0151019738987088,0,0.00068800151348114,0,0.0148431221023202,0,0.0015394885558635,0,0.00766338314861059,0,0,0,0,0,0,0,0,0,0,0,0.957221269607544,0
"50kmE635N160",0.000108000000182074,0.0286999996751547,0.00264400010928512,0.000112000001536217,0,0,0.00247199996374547,0.000331999995978549,0.00011600000289036,0,0.00479200016707182,0.0850680023431778,0.00357199995778501,0,0.046840000897646,0.0185720007866621,0.00214400002732873,0.00123599998187274,0.0382120013237,0.0608800016343594,0.0447079986333847,0,0.00022000000171829,0.284900009632111,0,0.0390600003302097,0.00015999999595806,0.133883997797966,0.0518839992582798,0.00303600006736815,0,0.00570000009611249,0.000612000003457069,0,0,0,0,0,0,0,0.0027560000307858,0,0,0.137280002236366,0
"50kmE640N160",0.00014000000373926,0.0425399988889694,0.00609199982136488,0.000500000023748726,0.000628000008873641,0,0.0056679998524487,0,0.00106399995274842,0,0.00350399990566075,0.0231839995831251,0.00975999981164932,0,0.00716000003740191,0.0165040008723736,0.0122959995642304,0.00011600000289036,0.0403160005807877,0.0807359963655472,0.0662439987063408,0,0.00110400002449751,0.212027996778488,0.000944000028539449,0.00466800015419722,0.000668000022415072,0.181667998433113,0.0483519993722439,0.00372399995103478,0.00014000000373926,0.00765200005844235,0.00640799989923835,0,0.000508000026457012,0,0.0027560000307858,0,0,0,0.00359599990770221,0,0,0.209332004189491,0
"50kmE645N160",0.000442531978478655,0.0113020334392786,0.00201468518935144,0.000157215312356129,0,0.00218354584649205,0.000320253398967907,0,0.000145569734741002,0.00131012755446136,0.00108886160887778,0.0388321802020073,0.0242926757782698,0,0,0.00242228037677705,0.00174683681689203,0,0.010539248585701,0.0177362151443958,0.00370329385623336,0,0,0.00393620552495122,0,0.00111797556746751,0,0.0293002761900425,0.00203797616995871,0,0,0.00621291622519493,0,0,0,0,0.00455924402922392,0,0,0,0,0,0,0.834597826004028,0
"50kmE650N160",0,0,0,0,0,0,0,0,0,0,0,0,0,0,0,0,0,0,0,0,0,0,0,0,0,0,0,0,0,0,0,0,0,0,0,0,0,0,0,0,0,0,0,1,0
"50kmE635N165",0,0.00344767654314637,0.00084501871606335,0,0,0,0.000767759862355888,0,0,0,0,0.0251236148178577,0.00220187730155885,0,0,0.018527640029788,0,0.000338007492246106,0.00109610997606069,0.0127477115020156,0.00480936374515295,0,0,0.0014486035797745,0,0.00468381820246577,0,0.032579094171524,0.0173494424670935,0.00662977574393153,0,0.00222602067515254,0,0,0,0,0,0,0,0.000111059605842456,0,0,0,0.865067422389984,0
"50kmE640N165",0.00136400002520531,0.0772920027375221,0.0288839992135763,0.00112000002991408,0.000195999993593432,0.00479200016707182,0.00385199999436736,0.00047999998787418,0.00286799995228648,0.00168800004757941,0.00353999994695187,0.272715985774994,0.0261760000139475,0,0,0.0200999993830919,0.00600800011307001,0.00202800007537007,0.00568800000473857,0.0585279986262321,0.0279360003769398,0,0.000975999981164932,0.0271439999341965,0.000684000027831644,0.0289639998227358,0,0.0940999984741211,0.0325840003788471,0.0015760000096634,0.000132000001030974,0.0117199998348951,0.000923999992664903,0,0.000108000000182074,0,0,0,0,2.80000003840541e-05,0.00123599998187274,0,0,0.254568010568619,0
"50kmE645N165",0.000376000010874122,0.0431680008769035,0.020584000274539,0.000931999995373189,0.0007999999797903,0.00130799994803965,0.00108800001908094,9.99999974737875e-05,0.00116400001570582,0,0.00944400019943714,0.37389600276947,0.0596279986202717,0,0,0.00171999994199723,0.00254400004632771,0.000628000008873641,0.00533200008794665,0.0264079999178648,0.00588800013065338,0.000660000019706786,0,0.00858800020068884,0.000335999997332692,0.0231279991567135,0.000391999987186864,0.0573199987411499,0.0106720002368093,0.000720000010915101,0.000595999998040497,0.0109320003539324,0,0,0.00138000003062189,0,0,0,0,0,0.00150799995753914,0,0,0.328759998083115,0
"50kmE650N165",0,0,0,0,0,0,0,0,0,0,0.00211189826950431,0.000886674912180752,0.000838310807012022,0,0,0,0,0,0,0.000193456333363429,0.000443337456090376,0,0,0.00028212383040227,0,0,0,0.00483640842139721,0,0,0.000951160327531397,0,0,0,0,0,0,0,0,0,0,0,0,0.989456653594971,0
"50kmE655N165",0,0,0,0,0,0,0,0,0,0,0,0,0,0,0,0,0,0,0,0,0,0,0,0,0,0,0,0,0,0,0,0,0,0,0,0,0,0,0,0,0,0,0,0,0
"50kmE640N170",0,0,0,0,0,0,0,0,0,0,0,0,0,0,0,0,0,0,0,0,0,0,0,0,0,0,0,0,0,0,0,0,0,0,0,0,0,0,0,0,0,0,0,1,0
"50kmE645N170",0,0.00746561866253614,0.000855194753967226,0.000124812198919244,0,0,0.000147925573401153,0,0.000573211582377553,0,0.00159482262097299,0.0902438461780548,0.00122038600966334,0,0,0.000702646502759308,0.00234831846319139,0.000152548251207918,0.028887091204524,0.00611117528751493,0.012495088391006,0,0,0.0274771749973297,0.000337455217959359,0.000397549971239641,0.00347162829712033,0.057372011244297,0.0111129088327289,0,0,0.00121576327364892,0,0,0,0,0,0,0,0,0,0,0,0.745692849159241,0
"50kmE650N170",0,0.00101521634496748,0,0,0,0,0,0,0,0,0,0.0323325619101524,0.000890540657564998,0,0,0,0.00120519835036248,0,0.010146226733923,0.00137143267784268,0.0151213807985187,0,0,0.0150263896211982,0,0.000504639698192477,0,0.0370761752128601,0.00018404507136438,0.00118145067244768,0,0.000166234254720621,0,0,0,0,0,0,0,0,0,0,0,0.883778512477875,0
"50kmE650N175",0,0,0,0,0,0,0,0,0,0,0.000192491541383788,0.00809106137603521,0,0,0,0,0,0,0.00187358434777707,0,0.00165542727336287,0,0,0.0055245072580874,0,0,0,0.0146421901881695,0,0.00101378886029124,0.000218157088966109,0.000737884256523103,0,0,0,0,0,0,0,0,0,0,0,0.966050922870636,0
"50kmE350N195",0.00333500956185162,0.00585880037397146,0.00390428560785949,0.000142319040605798,0.000659411540254951,0,0.000706851249560714,0,0,0,0.000868146133143455,0.00293177226558328,0.00928868912160397,0.0150288911536336,0,0.0696367099881172,0.0313528850674629,0.00120971188880503,0,0.0290235970169306,0.00458267331123352,0,0.000351053633494303,0.000393749360227957,0.000156550944666378,0.00430277921259403,0,0.0419651418924332,0.000858658226206899,0.00689772935584188,0,0.000317845871904865,0,0,0.00190233113244176,0,0.00396121339872479,0.00518515706062317,0,0,0,0.00373350293375552,0,0.751444518566132,0
"50kmE345N200",0.00067999999737367,0.00219999998807907,0.00106000003870577,0.000195999993593432,0,0,0.00129599997308105,0,0,0,0,0.0599600002169609,0.0157559998333454,0,0.00143599999137223,0.0283240005373955,0.0481919981539249,0.00108800001908094,0.00806799996644258,0.10691200196743,0.0538560003042221,0,0.0598959997296333,0.226531997323036,0.148711994290352,0.0818599984049797,0,0.104379996657372,0.0413959994912148,0.00283999997191131,0.000684000027831644,0.00289999996311963,0,0,0,0,0,0,0,0,0.00177600001916289,0,0,0,0
"50kmE350N200",0.00461200019344687,0.00812800042331219,0.00393600016832352,0.000352000002749264,0,0,0.00150799995753914,0.00011600000289036,0.000600000028498471,0,0.000180000002728775,0.00602799979969859,0.00784800015389919,0.0782160013914108,0.032735999673605,0.102067999541759,0.186764001846313,0.00228799995966256,0,0.0392640009522438,0.0211479999125004,0,0.011392000131309,0.15243199467659,0.00473999977111816,0.00366399995982647,0,0.202831998467445,0.0287999995052814,0.00314799998886883,0.00308799999766052,0.00145600002724677,0.000931999995373189,0,0.000636000011581928,0,0.00162400002591312,0,0,0.00737999984994531,0.000216000000364147,0.00332799996249378,0,0.0785399973392487,0
"50kmE355N200",0.00557660683989525,0.0206048469990492,0.0101093873381615,0.0029217607807368,0.000962798774708062,0.000629155663773417,0.000929434492718428,0.000319344166200608,0.000786444579716772,0.000328876805724576,0.00564333563670516,0.00396082084625959,0.0101379854604602,0,0.000581492320634425,0.0281547158956528,0.028826767578721,0.00761183025315404,0,0.020828865468502,0.00563856912776828,0,0.00501894624903798,0.0247086584568024,0.000290746160317212,0.000352708477294073,0,0.0391935370862484,0.00254522054456174,0.000533829035703093,0,0.00112962035927922,0,0,0,0,0,0,0,0,0.000171587904333137,0,0,0.771502137184143,0
"50kmE360N200",0.00136779656168073,0.0111846681684256,0.000218847460928373,0,3.12639240291901e-05,0,0,0,0,0,0.000726886210031807,0,7.81598064349964e-05,0,0.000539302651304752,0.00364224682562053,0,0.000695622293278575,0,0.00149285222869366,0.000961365585681051,0,0,0.000851941877044737,0,0,0,0.000640910409856588,0,0.00132090074475855,0,0,0,0,0,0,0,0,0,0,0,0,0,0.976247251033783,0
"50kmE420N200",0,0.00111314945388585,0,0,0,0.000391828594729304,0,0,0,0,0.000610005867201835,0.00769408885389566,0,0,0.00128234806470573,0,0,0.00475982669740915,0,0.00973337888717651,0.00615794258192182,0.000200366892386228,0.00397616950795054,0.00119329616427422,0,0,0,0.0725595280528069,0.00351755204610527,0.000316134421154857,0.00176768121309578,0.00863358657807112,0.00195914297364652,0,0,0,0,0,0,0,0.000262703251792118,0,0,0.873871266841888,0
"50kmE425N200",0.00121914048213512,0.0123776625841856,0.000630735885351896,0,0,0,0.00104558235034347,0,0,0,0.00206153281033039,0.0223932396620512,0,0,0,0,0,0.00120644108392298,0,0.00379288149997592,0.0328024998307228,0.00215889466926455,0.00221815844997764,0.00193453894462436,0,0.000816993473563343,0,0.12937705218792,0.00373785081319511,0.00015239256026689,0.00292932381853461,0.0162552073597908,0.000228588847676292,0,0,0,0.000478343310533091,0,0,0,4.23312667408027e-06,0.000275153230177239,0,0.761903524398804,0
"50kmE345N205",0.0007999999797903,0.00198800000362098,0.0011399999493733,0.000112000001536217,0,0,0.000755999993998557,0,0,0,0.00118400005158037,0.313400000333786,0.0850720033049583,0.000335999997332692,0.00493199983611703,0.0454719997942448,0.0176160000264645,0.00116400001570582,0.00831599999219179,0.0488680005073547,0.123028002679348,0,0.00181199994403869,0.126335993409157,0.00159200001507998,0.0104679996147752,0,0.111660003662109,0.0601680018007755,0.00146000005770475,0,0.00028000000747852,0,0,0.00211200001649559,0,0,0,0,0.00196400005370378,0.027963999658823,0,0,0,0
"50kmE350N205",0.00290800002403557,0.00146800000220537,0.00279600010253489,0,0,0,0.000411999993957579,0,0.000872000004164875,0,0,0.0863199979066849,0.0127280000597239,0.000384000013582408,0.0408600009977818,0.154495999217033,0.173784002661705,0.00277199991978705,0.00267599988728762,0.0509120002388954,0.0514799989759922,0,0.00618800008669496,0.167531996965408,0.00212799990549684,0.00270799989812076,0,0.184228003025055,0.0369639992713928,0.00191600003745407,0.000123999998322688,0.000407999992603436,0,0,0.000815999985206872,0,0,0,0,0.0028800000436604,0.00923999957740307,0,0,0,0
"50kmE355N205",0.00383999990299344,0.00941599998623133,0.00847600027918816,0.000364000006811693,0,0,0.00124799995683134,0.000264000002061948,0.000352000002749264,0,0.000180000002728775,0.161208003759384,0.0341559983789921,0,0.0722040012478828,0.11625599861145,0.0789600014686584,0.00149199995212257,0,0.0747760012745857,0.0557879991829395,0,0.0703919976949692,0.175607994198799,0.00281199999153614,0.00104799994733185,0,0.107107996940613,0.0199159998446703,0,0.000568000017665327,0.00123599998187274,0.00174400000832975,0,0,0,0,0,0,0,0.000587999995332211,0,0,0,0
"50kmE360N205",0.00907600019127131,0.0626519992947578,0.0182719994336367,0.00281600002199411,0.000372000009519979,9.99999974737875e-05,0.00510400021448731,0.000511999998707324,0.000636000011581928,0.000736000016331673,0.00354800000786781,0.0847240015864372,0.00265999999828637,0,0.161651998758316,0.00786800030618906,0.0056839999742806,0.00322400010190904,0,0.0205359999090433,0.0351039990782738,0,0.0317520014941692,0.306836009025574,0.00762799987569451,0.000356000004103407,0,0.168696001172066,0.025348000228405,0.000364000006811693,0.000352000002749264,0.00155199994333088,0.00568800000473857,0,0,0,0,0,0,0.000448000006144866,0.000300000014249235,0,0,0.0254040006548166,0
"50kmE365N205",0.0450691320002079,0.0886818021535873,0.0556335411965847,0.00757846236228943,0.00319691025651991,0.00418275920674205,0.00203255331143737,0.000101424819149543,0.00126983865629882,0.00940410885959864,0.00550939608365297,0.0535360760986805,0.0165363028645515,0,0.00116435682866722,0.0038054590113461,0.000259647524217144,0.0103128757327795,0,0.0181104149669409,0.0156518779695034,0,0.0869859755039215,0.151155427098274,0.00226785894483328,0.000202849638299085,0,0.0201064553111792,0.00628833845257759,0.000774885585997254,0,0.00126578169874847,0,0,0.00011359579366399,0,0.00161062611732632,0,0,0.000993963214568794,0,0,0,0.386197298765182,0
"50kmE370N205",0.00607234984636307,0.0182406082749367,0.0041758450679481,0,0,0,0.000188472549780272,0,0,0.000365165557013825,0.00217332411557436,0.000594866462051868,0.0118973292410374,0,0,0.000312157644657418,0,0.00131930783390999,0,0.00535968830808997,0.00544803449884057,0,0.0858433544635773,0.0424593314528465,0.00150189059786499,0,0,0.00202019023708999,0.00392847461625934,0.00180815847124904,0,0,0,0,0,0,0,0,0,0,0,0,0,0.806291460990906,0
"50kmE420N205",0.000188000005437061,0.0190839990973473,0.00254000001586974,0,0.00015999999595806,0.00106000003870577,0.00049200002104044,0.000148000006447546,0,0,0.000452000007499009,0.00192399998195469,0,0,0.00395999988541007,0.000344000000040978,0,0.0190600007772446,0,0.0318639986217022,0.0351999998092651,0,0.294351994991302,0.0121600003913045,0.00544400000944734,0.0156399998813868,0.0040799998678267,0.131972000002861,0.0252599995583296,0.000967999978456646,0.0132200000807643,0.0307480003684759,0.000364000006811693,0,0.000323999993270263,0,0,0,0,0,0.000831999990623444,0,0,0.348159998655319,0
"50kmE425N205",0,0.014923402108252,0.000971320492681116,0,0.000157626564032398,0.00123119133058935,0.000178927453816868,0,0,0,0.00118432939052582,0.00255184643901885,0,0,0.00164016836788505,0.00103948335163295,0,0.00552545022219419,0,0.0129892816767097,0.0114044956862926,0,0.0961479470133781,0.0526557937264442,0.041604895144701,0.0187320001423359,0.00119284971151501,0.0905032157897949,0.00849053356796503,0.00121841079089791,0.0145059041678905,0.0458224713802338,0.000860555854160339,0,0.000426017766585574,0,0.00169981084764004,0.000115024791739415,0,0,0.000174667278770357,0.000685888575389981,0,0.571366488933563,0
"50kmE350N210",0.00567999994382262,0.00635599996894598,0.00842799991369247,0.001587999984622,0,0.00108399998862296,0.00122800003737211,0.000555999984499067,0.00119600002653897,0.000595999998040497,0.000804000010248274,0.120144002139568,0.412339985370636,0.00280399993062019,0.0111600002273917,0.133052006363869,0.0044999998062849,0.00393200013786554,0.00170799996703863,0.0477799996733665,0.0302639994770288,0,0.0391759984195232,0.0260879993438721,0.022520000115037,0.00804399978369474,0,0.0842399969696999,0.0121640004217625,0.00028000000747852,0,0.000228000004426576,0,0,0,0,0,0,0,0,0.0120599996298552,0,0,0,0
"50kmE355N210",0.00550400000065565,0.00413999985903502,0.00457199988886714,9.99999974737875e-05,0,0,0.000836000021081418,0,0.000211999999010004,0,0,0.358635991811752,0.226196005940437,0,0.00165200000628829,0.0217199996113777,0.00268399994820356,0.00174400000832975,0,0.0236039999872446,0.0162039995193481,0,0.10453999787569,0.0696280002593994,0.00132399995345622,0.00140399998053908,0.0027320000808686,0.135399997234344,0.00793999992311001,0,0.000407999992603436,0,0,0,0,0,0,0,0,0.000151999993249774,0.00866799987852573,0,0,0,0
"50kmE360N210",0.00252799992449582,0.0114399995654821,0.00501600001007318,0.000119999996968545,0,0,0.00180399999953806,0.000103999998827931,0,0,0.000292000011540949,0.297484010457993,0.00206799991428852,0,0.000663999991957098,0.000407999992603436,0,0.00227999989874661,0,0.00544400000944734,0.0513000003993511,0,0.0731080025434494,0.34458801150322,0.00545200007036328,0.00111199996899813,0.00052000000141561,0.171424001455307,0.021671999245882,0,0,0.000307999987853691,0,0,0,0,0,0,0,0,0.000864000001456589,0,0,0,0
"50kmE365N210",0.00240399991162121,0.0196560006588697,0.0030280000064522,0,0,0,0.000276000006124377,0,0,0,0.00120000005699694,0.141555994749069,0.0119359996169806,0,0.000300000014249235,0.000380000012228265,0,0.00573999993503094,0,0.0059799998998642,0.0364519990980625,0,0.385491997003555,0.29296401143074,0.00376800005324185,0.00618800008669496,0.00657999981194735,0.0389799997210503,0.0303160008043051,0,0.000475999986520037,0.00205200002528727,0.000108000000182074,0,0,0,0,0,0,0.000268000003416091,0.00389999989420176,0,0,0,0
"50kmE370N210",0.00536799989640713,0.036871999502182,0.00824000034481287,0.000264000002061948,0.000148000006447546,0.000720000010915101,0.00159200001507998,0,0.000568000017665327,0.00118400005158037,0.00338399992324412,0.182484000921249,0.0912320017814636,0.000315999990561977,0.000483999989228323,0.0178880002349615,0.000419999996665865,0.00103599997237325,0,0.00620799977332354,0.0115520004183054,0,0.408648014068604,0.157319992780685,0.00487999990582466,0.000791999977082014,0.00011600000289036,0.0106039997190237,0.021136000752449,0,3.19999999192078e-05,0,0,0,0.000123999998322688,0,0.000172000000020489,0,0,0.000148000006447546,0.00081200001295656,0,0,0.0252560004591942,0
"50kmE375N210",0.00197736173868179,0.0124324448406696,0.000887203379534185,0,0.000307331909425557,0,0.00034212417085655,0,0,0.000150766587466933,0.00366478785872459,0.0118351774290204,0.0198490023612976,0.00502748601138592,0,0.0018845823360607,0.000765430391766131,0.0008466123836115,0,0.00648296345025301,0.000829216267447919,0,0.00197156309150159,0.0301359221339226,0,0,0,0.0120497299358249,0.000434903631685302,0.000574072764720768,0.000533481768798083,0,0,0,0,0,0.00162364018615335,0,0,0.000376916461391374,0,0,0,0.885017275810242,0
"50kmE420N210",0,0.005044000223279,0,0,0,0,0,0,0,0,0.000452000007499009,0,0,0,0.00022000000171829,0.000224000003072433,0,0.00805999990552664,0,0.00744799990206957,0.0132799996063113,0,0.161487996578217,0.0818279981613159,0.0368519984185696,0.0912320017814636,0.0411400012671947,0.131144002079964,0.076264001429081,0.000828000018373132,0.0668279975652695,0.121844001114368,0,0,0.000103999998827931,0.000123999998322688,0.000155999994603917,0,0,0,0.000452000007499009,0,0,0.154988005757332,0
"50kmE425N210",0,0.00848800037056208,0.000699999975040555,0,9.20000020414591e-05,0.000251999997999519,0.000571999989915639,0.000103999998827931,0,0,0.00106399995274842,0.00882000010460615,0,0,0.021671999245882,0.0131959998980165,0,0.0151559999212623,0,0.0395999997854233,0.0172080006450415,0,0.25135999917984,0.0394160002470016,0.028931999579072,0.0339800007641315,0.0220359992235899,0.0745119974017143,0.0467320010066032,0.000728000013623387,0.00233200006186962,0.0192040000110865,0.000127999999676831,0,0.00185600004624575,0,9.60000033956021e-05,0,0,0,0.00112000002991408,0.00539600010961294,0,0.345248013734818,0
"50kmE355N215",0.000368000008165836,0.00107600004412234,0.000167999998666346,0,0,0,0,0,0,0,0.00120000005699694,0.0735040009021759,0.00965599995106459,0,0.00081200001295656,0.00521200010553002,0.000804000010248274,0.0230480004101992,0,0.00868400000035763,0.0131120001897216,0,0.19709999859333,0.247068002820015,0.0112399999052286,0.0725919976830482,0.143327996134758,0.137595996260643,0.0261799991130829,0.000167999998666346,0.0193639993667603,0.00156000000424683,0,0,0,0,0,0,0,2.40000008489005e-05,0.00613600015640259,0,0,0,0
"50kmE360N215",0.000264000002061948,0.00233999988995492,0.000688000000081956,9.60000033956021e-05,0,0.000127999999676831,0.000335999997332692,0,0,0,0.00257200002670288,0.0234319996088743,0.0135040003806353,0,0,0,0.000211999999010004,0.0222960002720356,0,0.0018880000570789,0.00609599985182285,0,0.10343199968338,0.470975995063782,0.00319599988870323,0.0598759986460209,0.127287998795509,0.0119880000129342,0.0105959996581078,0,0.023420000448823,0.013043999671936,0.000211999999010004,0,0,0,0,0,0,0,0.00340400007553399,0,0,0,0.0987159982323647
"50kmE365N215",0.000495999993290752,0.0145479999482632,0.00122400000691414,0,0,7.5999996624887e-05,0.000207999997655861,0,0.000155999994603917,9.20000020414591e-05,0.00139999995008111,0.0219720005989075,0.00941599998623133,0,0,0.00153200002387166,0,0.0401000007987022,0,0.0161160007119179,0.00803199969232082,0,0.19310000538826,0.326115995645523,0.0246840007603168,0.122744001448154,0.0672959983348846,0.00632800022140145,0.0484279990196228,0,0.0312799997627735,0.0629040002822876,0,0,0.000172000000020489,0,0,0,0,0,0.00158000004012138,0,0,0,0
"50kmE370N215",0.00110400002449751,0.0324000008404255,0.00578799983486533,0.0019000000320375,0.000376000010874122,0,0.00097200000891462,0.000103999998827931,0,0,0.00350799993611872,0.0579320006072521,0.0468599982559681,0.000612000003457069,0.0742959976196289,0.0141160003840923,0.00129199994262308,0.00604399992153049,0,0.0401160009205341,0.0344719998538494,0,0.428696006536484,0.0748199969530106,0.00874000042676926,0.0189399998635054,0.0128680001944304,0.0742119997739792,0.0377800017595291,0.00114399997983128,0.00366799999028444,0.00712799979373813,0.000688000000081956,0,0,0,0.00110400002449751,0,0,0,0.00218000006861985,0.00107999995816499,0,0.00505999987944961,0
"50kmE375N215",0.00142499560024589,0.0108609218150377,0.000192134233657271,0.000133426554384641,0.000304212531773373,0.000170785991940647,0.000176123052369803,0,0,0.000229493671213277,0.00141432147938758,0.0027485869359225,0.010081710293889,0,0.0142072597518563,9.60671168286353e-05,0.0043176831677556,0.00135027675423771,0,0.00065645866561681,0.00528902839869261,0,0.00146235502324998,0.00271656457334757,0.000240167792071588,0.00252443039789796,0.000224156610784121,0.100870475172997,0.00429099798202515,0.000224156610784121,0.00107808655593544,0.000368257286027074,0,0,0,0,0.00368257286027074,0,0,0,0,0,0,0.828664302825928,0
"50kmE420N215",0,0.00637504132464528,0.000449636281700805,0,0,0.00051196210552007,0.000151362706674263,0,0,0.000231495912885293,0.000378406781237572,0.00165608606766909,0,0,0.00231050723232329,0.000841398607008159,0.00030717725167051,0.010519708506763,0,0.0150739448145032,0.0110005075111985,0,0.0171885713934898,0.00617915997281671,0,0.0581633485853672,0.00836056377738714,0.105980604887009,0.0300944689661264,0.00121980533003807,0.00343682384118438,0.0472340695559978,0,0,0,0,0,0,0,0,0.000311629119096324,0,0,0.672023713588715,0
"50kmE425N215",0.000356000004103407,0.0154039999470115,0.00230800011195242,0,0.000103999998827931,0.000731999985873699,0.000560000014957041,0,0,0,0.00110400002449751,0.00158399995416403,0,0,0.00519199995324016,0.00588000006973743,0,0.0108719998970628,0,0.0225440002977848,0.0116999996826053,0,0.0730559974908829,0.000991999986581504,0.00888399966061115,0.0379480011761189,0.00467999977990985,0.137828007340431,0.0340799987316132,0.000103999998827931,0.0056679998524487,0.0379800014197826,0.0170639995485544,0,0.000136000002385117,0,0.00147200003266335,0,0,0,0.000423999998020008,0.00557600008323789,0,0.555768013000488,0
"50kmE345N220",0.000815999985206872,0.00207599997520447,0.00143599999137223,0.000444000004790723,0,0,9.99999974737875e-05,0,0,0,0.00085200002649799,0.0437959991395473,0.0160520002245903,0,0,0.000112000001536217,0,0.0146920001134276,0,0.000867999973706901,0.00750799989327788,0,0.0514600016176701,0.294672012329102,0.107551999390125,0.144600003957748,0.0755880028009415,0.0335480011999607,0.0343840010464191,0.00173200003337115,0.116163998842239,0.0474760010838509,0,0.00154800002928823,0,0,0,0,0,0,0.00252399989403784,0,0,0,0
"50kmE350N220",0,0.00336400000378489,0,0,0,0,0,0,0,0,0.00196000002324581,0.00456799985840917,0.00182400003541261,0,0,0,0,0.0318760015070438,0,0.00424400018528104,0.00572399981319904,0,0.0938879996538162,0.196807995438576,0.0796239972114563,0.223895996809006,0.0581960007548332,0.00215200008824468,0.0300960000604391,0.00150000001303852,0.163855999708176,0.0919039994478226,0,0.00187999999616295,0,0,0,0,0,0.000284000008832663,0.00235600001178682,0,0,0,0
"50kmE355N220",0.000747999991290271,0.00462399981915951,0.000228000004426576,0,0,0,0.000155999994603917,0.000108000000182074,0,0,0.000296000012895092,0.00219199992716312,0.000251999997999519,0,0,0,0,0.0341399982571602,0,0.00620000017806888,0.00962799973785877,0,0.229284003376961,0.161375999450684,0.0287439990788698,0.227955996990204,0.125835999846458,0,0.00937199965119362,0.000247999996645376,0.104156002402306,0.0509839989244938,0,0.000452000007499009,0,0,0,0,0,0,0.00301999994553626,0,0,0,0
"50kmE360N220",0.000108000000182074,0.00961599964648485,0.000948000000789762,0.000148000006447546,0,0,0.000696000002790242,0,0,0,0.000384000013582408,0.000119999996968545,0,0,0,0,0,0.0394640006124973,0,0.0282119996845722,0.0247440002858639,0,0.31496399641037,0.075655996799469,0.0417679995298386,0.160720005631447,0.0636840015649796,0,0.0235239993780851,0,0.0632160007953644,0.0865319967269897,0,0,0,0,0,0,0,0.000216000000364147,0.00211200001649559,0,0,0,0.0631679967045784
"50kmE365N220",0.000315999990561977,0.0119240004569292,0.00047999998787418,0,0,0,0.000904000014998019,0,0,0,0.000251999997999519,0.00913999974727631,0,0,0.0263800006359816,0.000508000026457012,0,0.0495800003409386,0,0.0673040002584457,0.0303840003907681,0,0.242139995098114,0.172647997736931,0.129023998975754,0.107224002480507,0.0342199988663197,0.0157760009169579,0.0529000014066696,0,0.0211880002170801,0.0234839990735054,0,0,0.000288000010186806,0,0,0,0,0,0.00393600016832352,0,0,0,0
"50kmE370N220",0.00237599993124604,0.0321119986474514,0.00993600022047758,0.00136400002520531,0.00028000000747852,0.000948000000789762,0.0026320000179112,0.000148000006447546,0,0,0.00281199999153614,0.00118400005158037,0,0,0.200279995799065,0.0218359995633364,0,0.0123800002038479,0,0.0710000023245811,0.0351240001618862,0,0.148844003677368,0.0326640009880066,0.0357119999825954,0.0252320002764463,0.00543999997898936,0.229271993041039,0.0867919996380806,0.000331999995978549,0.0020240000449121,0.00582400010898709,0,0,0.000427999999374151,0,0.00593600003048778,0.000544000009540468,0,0,0.00141599995549768,0.0241839997470379,0,0.000944000028539449,0
"50kmE375N220",0,0.00595654593780637,0.00107050372753292,0,0.00121403497178108,0,0.000472456944407895,0,0,0.000586085836403072,0.000891089672222733,0.000556183513253927,0,0,0.00493986625224352,0,0,0.000861187349073589,0,0.0050594755448401,0.00220081210136414,0,0,0.000478437432320789,0.000639910052996129,6.57851487630978e-05,0.00136354670394212,0.0112432790920138,0,0.00517908530309796,0,0.000424613215727732,0,0,0,0,0.012242017313838,0.00716460030525923,0,0,0,0.0324978604912758,0,0.90489262342453,0
"50kmE390N220",0,0.00831674225628376,0.000713722256477922,0,0.000187821642612107,0,0,0,0,0.000713722256477922,0,0,0,0,0,0,0,0,0,0,0,0,0,0.00398933188989758,0,0,0,0.00780586758628488,0.000473310530651361,7.51286570448428e-05,0.00348596973344684,0.00238157855346799,0,0,0,0,0,0,0,0,0,0,0,0.971856832504272,0
"50kmE395N220",0.000706560618709773,0.0670105516910553,0.00980515405535698,0.000368451845133677,0.00270053534768522,0.000234075298067182,0.00119205005466938,0.000151715474203229,0.000121372373541817,0.00127440993674099,0.0016992132877931,0.000160384923219681,0,0,0.0221331194043159,0.00137844344135374,0.000862610817421228,0.000182058560312726,0,0.0183532368391752,0.00417434284463525,0,0.0405470430850983,0.0496933162212372,0.0236285999417305,0.00282624247483909,0,0.0623723976314068,0.00291727180592716,0,0.00324671110138297,0.00688788248226047,0,0,0,0,0,0,0,0,0,0,0,0.675372242927551,0
"50kmE400N220",0.000448050181148574,0.0378082357347012,0.00135215139016509,0.000304034037981182,0.00112412590533495,0.00161218061111867,0.000116012990474701,0.000104011647636071,0,0.000228025543037802,0.00230825855396688,0.00262429402209818,0,0,0.0519778206944466,0.00362840644083917,0.000260029133642092,0.00141215813346207,0,0.0179620124399662,0.00491255009546876,0,0.064715251326561,0.0145736318081617,0.0342998430132866,0.000224025090574287,0,0.108868196606636,0.00151216937229037,0.000152017018990591,0,0.000336037628585473,0.00662474194541574,0,0,0,0.000144016128615476,0.0027283055242151,0,0,0.000328036752762273,0.000820091867353767,0,0.636491298675537,0
"50kmE405N220",0,0.00288841896690428,0,0,0,0,0,0,0,0,0,0,0,0,0.000724552548490465,0,0,0,0,0.000714761263225228,0,0,0,0.00117495004087687,0.000381858757464215,0,0,0,0,0,0,0,0,0,0,0,0,0,0,0,0,0,0,0.994115471839905,0
"50kmE425N220",0,0.00149663514457643,0,0,0,0,0,0,0,0,0,0,0,0,0.000180628383532166,0,0,0.00141406222246587,0,0.000686387822497636,0,0,0.0062807067297399,0,0,0.00449506612494588,0,0.0291843861341476,0.0017701581818983,0,0.00097023241687566,0.00536208227276802,0,0,0,0,0,0,0,0,0,0,0,0.948159635066986,0
"50kmE335N225",0.00200799992308021,0.0148440003395081,0.00930400006473064,0.00158399995416403,0,0.000560000014957041,0.000888000009581447,0.000755999993998557,0.00014000000373926,0.00113600003533065,0.00115999998524785,0.179299995303154,0.00439999997615814,0,0.00100000004749745,0.000744000019039959,0,0.0867239981889725,0,0.00446399999782443,0.00310000008903444,0,0.393999993801117,0.106532000005245,0.00744799990206957,0.0818480029702187,0.0499200001358986,0.0329880006611347,0.00812800042331219,0,0.000123999998322688,0.00142400001641363,0,0,0,0,0,0,0,0.000844000023789704,0.00463199988007545,0,0,0,0
"50kmE340N225",0.000296000012895092,0.00430800020694733,0.00014000000373926,0,0,0,0.000103999998827931,0,0,0,0,0.0156839992851019,0,0,0.000368000008165836,0,0,0.0701199993491173,0,0.0502040013670921,0.0108160004019737,0,0.343311995267868,0.15429599583149,0.0453319996595383,0.21246400475502,0.0418759994208813,0.000192000006791204,0.008220000192523,0,0.0314120016992092,0.0105600003153086,0,0,0,0,0,0,0,0,0.000296000012895092,0,0,0,0
"50kmE345N225",0.000307999987853691,0.0278479997068644,0.00160800002049655,0.000127999999676831,0,0,0.000836000021081418,0,0,0,0.00136800005566329,0.0826319977641106,0,0,0.000364000006811693,0,0,0.146804004907608,0,0.0661119967699051,0.0127600003033876,0,0.267275989055634,0.0324960015714169,0.0611400008201599,0.168707996606827,0.0233559999614954,0,0.00336800003424287,0,0.044148001819849,0.0561840012669563,0,0.000487999990582466,0,0.000303999986499548,0,0,0,0,0.00176400004420429,0,0,0,0
"50kmE350N225",0.00100799999199808,0.0399800017476082,0.00516400020569563,0.000495999993290752,0,0.00110800005495548,0.0006520000169985,0.000103999998827931,9.20000020414591e-05,0.00022000000171829,0.00140399998053908,0.134711995720863,0,0,0,0,0,0.117260001599789,0,0.181199997663498,0.0292600002139807,0,0.249556005001068,0.048920001834631,0.034680001437664,0.0981279984116554,0.0192440003156662,0,0.00372799998149276,0,0.0133400000631809,0.0155640002340078,0,0,0.00102800002787262,0,0,0,0,0,0.00315200001932681,0,0,0,0
"50kmE355N225",0.000311999989207834,0.0270240008831024,0.00213599996641278,0.00101600005291402,0,0.00028000000747852,0.00126399996224791,0.000180000002728775,0,0,0.000555999984499067,0.204659998416901,0,0,0,0,0,0.175743997097015,0,0.220223993062973,0.0509719997644424,0,0.2846559882164,0.010831999592483,0.00696799997240305,0.00376800005324185,0.000920000020414591,0,0.00283199991099536,0,0,0.000920000020414591,0,0,0,0,0,0,0,0,0.00473600020632148,0,0,0,0
"50kmE360N225",0.000108000000182074,0.0360039994120598,0.00368000008165836,0.000728000013623387,0,0.000224000003072433,0.00379600003361702,0,0.000108000000182074,0,0.000495999993290752,0.435476005077362,0,0,0,0.00015999999595806,0,0.132443994283676,0,0.159020006656647,0.0540639981627464,0,0.137263998389244,0.0128159997984767,0.0076919998973608,0.00170799996703863,0.00135200005024672,0,0.00638400018215179,0,0,0,0,0,0,0,0,0,0,0.000844000023789704,0.00563200004398823,0,0,0,0
"50kmE365N225",0.00052000000141561,0.0260000005364418,0.00426799990236759,0.000123999998322688,0,0.000528000004123896,0.00243199989199638,0.000123999998322688,0,0,0.00036000000545755,0.315059989690781,0,0,0.10054399818182,0.0006520000169985,0,0.0700559988617897,0,0.175172001123428,0.0499599985778332,0,0.143363997340202,0.0478679984807968,0.0275359991937876,0.00848800037056208,0.00182400003541261,0.00679200002923608,0.0147320004180074,0,0,0,0,0,0,0,0,0,0,0,0.00359599990770221,0,0,0,0
"50kmE370N225",0.000255999999353662,0.0332119986414909,0.00506399990990758,0.000475999986520037,0,0.000444000004790723,0.00225999997928739,0.000368000008165836,0,0,0.000368000008165836,0.00931200012564659,0,0,0.303975999355316,0.00156000000424683,0,0.032855998724699,0,0.0405719988048077,0.0493239983916283,0,0.192640006542206,0.094700001180172,0.0712039992213249,0.00920800026506186,0.00294000003486872,0.109899997711182,0.0357000008225441,0,0.000339999998686835,0.00107999995816499,0.000276000006124377,0,0,0,0.000148000006447546,0,0,0,0.00151199998799711,0.000303999986499548,0,0,0
"50kmE375N225",0.001587999984622,0.0533239990472794,0.00749999983236194,0.00174400000832975,0.000576000020373613,0.000552000012248755,0.00148800003807992,0.000528000004123896,0.00011600000289036,0.000127999999676831,0.00711600016802549,0.026588000357151,0,0,0.400528013706207,0.000243999995291233,0.00015999999595806,0.00748000014573336,0,0.0624799989163876,0.0346440002322197,0,0.0732159987092018,0.0143640004098415,0.0109240002930164,0.00288800010457635,0.00309600005857646,0.0666999965906143,0.00513599999248981,0.00267999991774559,0,0.000539999979082495,0.000188000005437061,0,0.010215999558568,0,0.00529599981382489,0.00110400002449751,0,0.000660000019706786,0.00251200003549457,0.0112239997833967,0,0.182472005486488,0
"50kmE380N225",0.00164360576309264,0.0437891185283661,0.0102509092539549,0.0021150610409677,0.00134516158141196,0.00129758345428854,0.00120242731645703,0.000246540847001597,0,0,0.00373704032972455,0.0192561391741037,0,0,0.0548185780644417,0.00259516690857708,0,0.00165225623641163,0,0.0403505191206932,0.00912201218307018,0,0.0158132165670395,0.00206748303025961,0.00183391792234033,0.0122102601453662,0.00276817800477147,0.0524829253554344,0.00104671728331596,0.00371108879335225,0,0.00031574530294165,8.21802896098234e-05,0,0.00108997011557221,0,0.0221108216792345,0.00560556072741747,0,0,0.000138408897328191,0.053633451461792,0,0.631667971611023,0
"50kmE385N225",0,0.00582004152238369,0.00248386710882187,0.000649377005174756,8.92893367563374e-05,0,0,0,0.000324688502587378,0,0.000572263495996594,0.0232314616441727,0,0.118616826832294,0.0202849134802818,0.00437111873179674,0,0.0253865830600262,0,0.0323673859238625,0.000133934008772485,0,0.00358780799433589,0.000913186406251043,0.000174520071595907,0.0139291370287538,0.000211047532502562,0,0.00224846787750721,0.00602703029289842,0,0,0,0,0.0300012174993753,0,0.109582372009754,0.0183448996394873,0,0.0104996142908931,0.00730549125000834,0.118170380592346,0,0.444673091173172,0
"50kmE390N225",0.00579599989578128,0.101899996399879,0.0367560014128685,0.00770399998873472,0.00530799990519881,0.00853199977427721,0.0039559998549521,0.00186399999074638,0.000991999986581504,0.00105600000824779,0.00577200017869473,0.0375959984958172,0,0.000423999998020008,0.0228279996663332,0.0218400005251169,0.0015640000347048,0.0461920015513897,0,0.0638440027832985,0.0141920000314713,0,0.00485200015828013,0.0528480000793934,0.0128880003467202,0.0614919997751713,0,0.120863996446133,0.0187279991805553,0.00240799994207919,0,0.000864000001456589,0.0140040004625916,0,0.00274799996986985,0,0.0159200001507998,0.00185999996028841,0,0.00343600008636713,0.00485600018873811,0.0660160034894943,0,0.228100001811981,0
"50kmE395N225",0.00111599999945611,0.0950440019369125,0.0106119997799397,0.00225199991837144,0,0,0.00192800001241267,0,0.000188000005437061,0.000148000006447546,0.00252399989403784,0.055927999317646,0,0,0.061964001506567,0.0015760000096634,0.00142400001641363,0.00244800001382828,0,0.073912002146244,0.0365400016307831,0,0.23318800330162,0.1068279966712,0.121823996305466,0.00419599981978536,9.99999974737875e-05,0.121468000113964,0.032940000295639,0.00356000009924173,0.00624000001698732,0.00802799966186285,0.0113559998571873,0,0.000207999997655861,0,0,0,0,0,0.0024600001052022,0,0,0,0
"50kmE400N225",0.000607999972999096,0.0557760000228882,0.00502800010144711,0.00081200001295656,0,0.000607999972999096,0.000931999995373189,0.000211999999010004,0,0.000136000002385117,0.00220400001853704,0.0147120002657175,0,0,0.0955640003085136,0.00557600008323789,0.00659599993377924,0.00778800016269088,0,0.059408001601696,0.0243679992854595,0,0.157943993806839,0.118276000022888,0.200287997722626,0.0410000011324883,0.0134399998933077,0.138252004981041,0.032200001180172,0,0.00097200000891462,0.0130120003595948,0.00213199993595481,0,0,0,0,0,0,0,0.00127999996766448,0,0,0.000875999976415187,0
"50kmE405N225",0.00455170124769211,0.129611298441887,0.00990075245499611,0.00121405418030918,0.000749267754144967,0.00231992523185909,0.000789335579611361,0.000360610138159245,0,0.00244012870825827,0.00962829124182463,0.00522083370015025,0,0,0.00252026435919106,0.00240406766533852,0.00399475917220116,0.00564955919981003,0,0.0236239712685347,0.00881090760231018,0,0.06352748721838,0.0411015450954437,0.0984185263514519,0.0366660393774509,0.00072522705886513,0.0805763378739357,0.0132944947108626,0.000949606706853956,0.00219972198829055,0.0126253617927432,0.000200338967260905,0,0,0,0,0,0,0.000408691499615088,0.00164678634610027,0,0,0.433870106935501,0
"50kmE410N225",0.00471183331683278,0.0290862638503313,0.00118116801604629,0.000828101532533765,0.000205420539714396,0,0.000667616724967957,0,0,0.00112339353654534,0.000532809528522193,0,0,0,0,0.000353066541720182,0,0,0,0.00106561905704439,0.00140584679320455,0,0.00177817151416093,0.00381953804753721,0.00900640618056059,0.00175891327671707,0,0.0112275164574385,0.00512909376993775,0.000211839927942492,0,0.000314550183247775,0,0,0,0,0,0,0,0,0,0,0,0.925592839717865,0
"50kmE335N230",0.00410400005057454,0.052691999822855,0.0110240001231432,0.00128399999812245,0.00112399994395673,0.000775999971665442,0.00044000000343658,0.000112000001536217,0,0.00430400017648935,0.00411200011149049,0.0130240004509687,0,0,0,0,0,0.0827959999442101,0,0.0306359995156527,0.0117680002003908,0,0.22256800532341,0.0464759990572929,0.0194320008158684,0.0884319990873337,0.017960000783205,0,0.013671999797225,0.00194800004828721,0,0.00140800001099706,0,0,0,0,0.00039999998989515,0,0.00306800007820129,0.000872000004164875,0.000967999978456646,0,0.00201599998399615,0.362583994865417,0
"50kmE340N230",0,0.0248799994587898,0.00146800000220537,0.000163999997312203,0,0,0.00135200005024672,2.40000008489005e-05,0,0,0,0.225428000092506,0,0,0.000119999996968545,0.00201199995353818,0,0.149599999189377,0,0.215112000703812,0.0654599964618683,0,0.17925600707531,0.0201719999313354,0.0404400005936623,0.0477240011096001,0.00693200016394258,0,0.00823200028389692,0,0,0.00103599997237325,0,0,0.00240399991162121,0,0,0,0,0.00509600015357137,0.00308799999766052,0,0,0,0
"50kmE345N230",0.0014639999717474,0.0418040007352829,0.0116119999438524,0.00103599997237325,0,0.0015999999595806,0.000920000020414591,9.99999974737875e-05,0,0.000288000010186806,0.00278800004161894,0.44581601023674,0,0,0.000660000019706786,0,0,0.116959996521473,0,0.137608006596565,0.0428319983184338,0,0.169379994273186,0.00561599992215633,0.0130920000374317,0,0,0,0.00170400005299598,0.000731999985873699,0,0,0,0,0,0,0,0,0,0,0.00398800009861588,0,0,0,0
"50kmE350N230",9.99999974737875e-05,0.0162640009075403,0.0010039999615401,0,0,0,0,0,0,0,0.0007999999797903,0.436260014772415,0,0,0.0173439998179674,0,0,0.0967160016298294,0,0.212448000907898,0.0720760002732277,0,0.133831992745399,0.00384799996390939,0.00437999982386827,0,0,0,0.000899999984540045,0,0,0,0,0,0,0,0,0,0,0,0.00402799993753433,0,0,0,0
"50kmE355N230",0.000272000004770234,0.0125559996813536,0.00164799997583032,0,0,0.000460000010207295,0,0,0.00015999999595806,0.000224000003072433,0.000676000025123358,0.649767994880676,0,0,0.000996000017039478,3.60000012733508e-05,0,0.0556440018117428,0,0.135312005877495,0.0812399983406067,0,0.0488439984619617,0.00255999993532896,0.00279600010253489,0.00110400002449751,0.000184000004082918,0,0.00491200014948845,0,0,0,0,0,0,0,0,0,0,0,0.000607999972999096,0,0,0,0
"50kmE360N230",0.00237199990078807,0.146024003624916,0.0312799997627735,0.00272800005041063,0,0.0035880000796169,0.00222399993799627,0,0.00039999998989515,0.00121599994599819,0.00673200003802776,0.514815986156464,0,0,0.0166040007025003,0.00132399995345622,0,0.0127879995852709,0,0.116619996726513,0.0384319983422756,0,0.0821919962763786,0.00234799995087087,0.00221999990753829,0.00104400003328919,0.000923999992664903,0,0.00349200004711747,0,0,0,0,0,0,0,0,0,0,0.00562800001353025,0.00500399991869926,0,0,0,0
"50kmE365N230",0.00113600003533065,0.0523400008678436,0.00662000011652708,0,0,0.000804000010248274,0.000780000002123415,0.000576000020373613,0,0.000247999996645376,0.00266800005920231,0.579940021038055,0,0,0.0200520008802414,0.00223600002937019,0,0.0492400005459785,0,0.124467998743057,0.0718239992856979,0,0.0712039992213249,0.00159200001507998,0.00351599999703467,0.00535199977457523,0.000232000005780719,0,0.000315999990561977,0,0,0,0,0,0,0,0,0,0,0.00368799990974367,0.0011680000461638,0,0,0,0
"50kmE370N230",0,0.0060720001347363,0.000987999956123531,0,0,0,0.00106000003870577,0,0,0,0.000568000017665327,0.0676440000534058,0,0,0.000276000006124377,0,0,0.17229600250721,0,0.179532006382942,0.0693200007081032,0,0.3159039914608,0.0904240012168884,0.0566079989075661,0.0111880004405975,0.00375199993140996,0.000211999999010004,0.0167319998145103,0,0,0.00300400005653501,0,0,0,0,0,0,0,0,0.00442000012844801,0,0,0,0
"50kmE375N230",0,0.0144480001181364,0.00253599998541176,0.00097200000891462,0,0.000184000004082918,0.000288000010186806,0,0,0,0.000184000004082918,0.0255479998886585,0,0,0.0471200011670589,0.000444000004790723,0,0.0460239984095097,0,0.115759998559952,0.0422959998250008,0,0.285719990730286,0.0779159963130951,0.0534680001437664,0.141855999827385,0.0601960010826588,0.028991999104619,0.0362880006432533,0,0.000595999998040497,0.0157919991761446,0,0,0,0,0,0,0,0,0.00337200006470084,0,0,0,0
"50kmE380N230",0.000132000001030974,0.0593760013580322,0.00574399996548891,0.00227600010111928,0,0,0.00186399999074638,0,0.000247999996645376,0.000307999987853691,0.0020479999948293,0.00650000013411045,0,0,0.168604001402855,0.00188400002662092,0.00214400002732873,0.00842799991369247,0,0.0842999964952469,0.0329240001738071,0,0.271176010370255,0.0275960005819798,0.047995999455452,0.054492000490427,0.0136399995535612,0.169448003172874,0.0333120003342628,0,0,0.00555999996140599,0,0,0,0,0,0,0,0,0,0,0,0,0
"50kmE385N230",0.00182400003541261,0.0806720033288002,0.0165960006415844,0.00206000008620322,0,0.00194400001782924,0.00251600006595254,0.000744000019039959,0,0,0.00222399993799627,0.0636880025267601,0,0.0314720012247562,0.25816398859024,0.0410920009016991,0.0044840001501143,0.0115040000528097,0,0.140184000134468,0.0210679993033409,0,0.150527998805046,0.0186320003122091,0.0324160009622574,0.00628399988636374,0.00175199995283037,0.0586160011589527,0.0354080013930798,0.000536000006832182,0,0.000923999992664903,0,0,0.0011680000461638,0,0,0,0,0.0115120001137257,0.00198800000362098,0,0,0,0
"50kmE390N230",0.00147999997716397,0.0812999978661537,0.0162680000066757,0.00104000000283122,0,0.000944000028539449,0.00271199992857873,0,0,0.000228000004426576,0.00282400008291006,0.0520399995148182,0,0,0.13680399954319,0.073172003030777,0.006976000033319,0.00899599958211184,0,0.230268001556396,0.0347199998795986,0,0.141231998801231,0.0423440001904964,0.0496120005846024,0.00729200011119246,0,0.0700799971818924,0.0176720004528761,0.00761599978432059,7.99999997980194e-06,0.00652799988165498,0,0,0.000387999985832721,0,0,0,0,0.00599600002169609,0.00146000005770475,0,0,0,0
"50kmE395N230",0.000211999999010004,0.0229599997401237,0.00400400022044778,0.000647999986540526,0,0.00106799998320639,0.000300000014249235,0,0,0,0.00148800003807992,0.172736003994942,0,0,0.0363240018486977,0.00619200011715293,0.00114399997983128,0.0175679996609688,0,0.0791520029306412,0.0534199997782707,0,0.283111989498138,0.0794920027256012,0.0929440036416054,0.025135999545455,0.00187599996570498,0.0529320016503334,0.0431119985878468,0.00788400042802095,0.000807999982498586,0.0134880002588034,0,0,0,0,0,0,0,0.000144000005093403,0.00185600004624575,0,0,0,0
"50kmE400N230",0,0.00866399984806776,0.00141999998595566,0,0,0,0.000112000001536217,0,0,0,0.00102800002787262,0.0850000008940697,0,0,0,0.000539999979082495,0,0.00843599997460842,0,0.0466759987175465,0.0349280014634132,0,0.139047995209694,0.222540006041527,0.0753839984536171,0.0997679978609085,0.0926240012049675,0.00126799999270588,0.0849680006504059,0.00698400009423494,0.0234440006315708,0.0558280013501644,0,0,0.000352000002749264,0,0,0,0,0.000364000006811693,0.0106239998713136,0,0,0,0
"50kmE405N230",0,0.00750399986281991,0.00104799994733185,0,0,0,0.000539999979082495,0,0,0,0.000452000007499009,4.80000016978011e-05,0,0,0,0.000103999998827931,0.000119999996968545,0.0164960008114576,0,0.0168079994618893,0.00501600001007318,0,0.0902519971132278,0.330787986516953,0.106159999966621,0.185139998793602,0.0189999993890524,0.00484000006690621,0.0652360022068024,0.0061039999127388,0.0523359999060631,0.0915040001273155,0.00031999999191612,0,0,0,0,0,0,1.99999994947575e-05,0.000163999997312203,0,0,0,0
"50kmE410N230",0.000460000010207295,0.0167479999363422,0.000928000023122877,0.00028000000747852,0.000331999995978549,0,0.000723999983165413,0,0,0,0.000144000005093403,0.00124400004278868,0.000195999993593432,0,0,0.00381199992261827,0.0101600000634789,0.00331200007349253,0,0.0248399991542101,0.0264079999178648,0,0.182183995842934,0.169771999120712,0.109168000519276,0.122472003102303,0.0160440001636744,0.032480001449585,0.118592001497746,0.00108800001908094,0.0341080017387867,0.102196000516415,0,0,0,0,0,0,0,0,0.000584000023081899,0,0,0.0217240005731583,0
"50kmE340N235",0.000243999995291233,0.0488319993019104,0.00566399982199073,0.00130000000353903,0,0.00028000000747852,0.000523999973665923,0.00015999999595806,0,0,0.00335999997332692,0.10911600291729,0,0,0,0,0,0.00427599996328354,0,0.0210960004478693,0.0328000001609325,0,0.0197560004889965,0.307904005050659,0.0215799994766712,0.000644000014290214,0,0,0.271420001983643,0.0054199998266995,0,0,0,0,0.0014519999967888,0,0,0,0.00432799989357591,0,0.00502800010144711,0,0,0.134816005825996,0
"50kmE345N235",0.000284000008832663,0.0229800008237362,0.00606400007382035,0.000372000009519979,0,0.00123199995141476,0.00128800002858043,0,0,0.000255999999353662,0.000623999978415668,0.25899600982666,0,0,0.000899999984540045,0,0,0.00252399989403784,0,0.0370600000023842,0.0360600017011166,0,0.0519240014255047,0.158276006579399,0.0549440011382103,0.00314799998886883,0.00330800004303455,0,0.354907989501953,0,0,0,0,0,0,0,0,0,0,0,0.00485200015828013,0,0,0,0
"50kmE350N235",0.000255999999353662,0.0108759999275208,0.00192399998195469,7.20000025467016e-05,0,0,0.000464000011561438,0,0,8.80000006873161e-05,0.000920000020414591,0.249799996614456,0,0,0.0971039980649948,0.00197599991224706,0,0.0183840002864599,0,0.115819998085499,0.0591440014541149,0,0.0906639993190765,0.195767998695374,0.0477680005133152,0,0,0,0.106951996684074,0,0,0,0,0,0.000103999998827931,0,0,0,0,0,0.00191600003745407,0,0,0,0
"50kmE355N235",0.000936000025831163,0.0295880008488894,0.00519199995324016,0.000211999999010004,0,0.000468000012915581,0.000571999989915639,0,0,0.000300000014249235,0.00111199996899813,0.59742397069931,0,0,0.00552400015294552,0.0128960004076362,0,0.0462119989097118,0,0.143411993980408,0.0843439996242523,0,0.0591639988124371,0.00103599997237325,0.000783999974373728,0,0.000167999998666346,0,0.00170000002253801,0,0,0,0,0,0,0,0,0,0,0.00585599988698959,0.00310000008903444,0,0,0,0
"50kmE360N235",0.000780000002123415,0.0438079982995987,0.00650400016456842,0.000967999978456646,0,0.000723999983165413,0.000875999976415187,0,0.000103999998827931,0,0.00152799999341369,0.366979986429214,0,0,0.00189199997112155,0.0382359996438026,0,0.0362080000340939,0,0.272287994623184,0.0827559977769852,0,0.120651997625828,0.00150400004349649,0.00319599988870323,0.000272000004770234,0.00125600001774728,0,0.0109040001407266,0,0,0,0,0,0,0,0,0,0,0.00649600010365248,0.00206799991428852,0,0,0,0
"50kmE365N235",0.000288000010186806,0.0133199999108911,0.00182400003541261,0,0,0,0.000247999996645376,0,0,0,0.000791999977082014,0.159595996141434,0,0,0.02008399926126,0.000352000002749264,0,0.181871995329857,0,0.20516799390316,0.0771360024809837,0,0.300651997327805,0.00615599984303117,0.00293600000441074,0.00918000005185604,0.00745599996298552,0.000584000023081899,0.011739999987185,0,0,0,0,0,0,0,0,0,0,0,0.000615999975707382,0,0,0,0
"50kmE370N235",0.000395999988541007,0.0171000007539988,0.00323599996045232,0.000127999999676831,0,0.000384000013582408,0.000720000010915101,0.000119999996968545,0.000788000004831702,0,0.000660000019706786,0.125668004155159,0,0,0,0,0,0.182899996638298,0,0.396972000598907,0.0338479988276958,0,0.183124005794525,0.0149480002000928,0.0130319995805621,0.00809200014919043,0.0042200000025332,0,0.00612800009548664,0,0,0,0,0,0,0,0,0,0,0,0.0075360001064837,0,0,0,0
"50kmE375N235",0.000276000006124377,0.0120360003784299,0.0015640000347048,0.000707999977748841,0,0,0.000511999998707324,0,0,0,0.000587999995332211,0.0883120000362396,0,0,0,0.000444000004790723,0,0.160807996988297,0,0.0811880007386208,0.0518359988927841,0,0.150000005960464,0.140415996313095,0.0792080014944077,0.154192000627518,0.0167280007153749,0.0110879996791482,0.0412199981510639,0,0,0.00886000040918589,0,0,0,0,0,0,0,1.59999999596039e-05,0,0,0,0,0
"50kmE380N235",0.000403999991249293,0.0187320001423359,0.00192800001241267,0,0,0.000247999996645376,0.000184000004082918,0.000311999989207834,0,0,0.000276000006124377,0.00566399982199073,0,0,0.000207999997655861,0.000224000003072433,0,0.0354599989950657,0,0.0203159991651773,0.0139199998229742,0,0.286832004785538,0.166068002581596,0.185696005821228,0.105824001133442,0.0829199999570847,0.0013279999839142,0.0615880005061626,0,0,0.0109919998794794,0,0,0,0,0,0,0,0,0.000875999976415187,0,0,0,0
"50kmE385N235",0.000300000014249235,0.0422959998250008,0.00561599992215633,0,0,0,0.00127200002316386,0.000180000002728775,0,0,0.00142400001641363,0.0165119990706444,0,0,0.113023996353149,0.00571200018748641,0.000604000000748783,0.00891599990427494,0,0.155895993113518,0.0342440009117126,0,0.327751994132996,0.0450199991464615,0.0593720003962517,0.0363680012524128,0.0295080002397299,0.0741119980812073,0.0307080000638962,0,0,9.99999974737875e-05,0,0,0,0,0,0,0,0.00826799962669611,0.00279600010253489,0,0,0,0
"50kmE390N235",0.000503999995999038,0.0320120006799698,0.00473999977111816,0.00115999998524785,0,0.00128399999812245,0.0006520000169985,0.000103999998827931,0,7.999999797903e-05,0.000500000023748726,0.0415959991514683,0,0,0.209951996803284,0.00356399989686906,0.00899199955165386,0.0161039996892214,0,0.135087996721268,0.0539680011570454,0,0.16873599588871,0.0979240015149117,0.112644001841545,0.0159440003335476,0.0049519999884069,0.0538999997079372,0.0191600006073713,0.00442800018936396,0.00223199999891222,0.00775999994948506,0,0,0.000127999999676831,0,0,0,0,0.00185999996028841,3.19999999192078e-05,0,0,0,0
"50kmE395N235",0,0.00583600020036101,0.00100000004749745,0.000236000007134862,0,0,0.000720000010915101,0,0,0,0.000284000008832663,0.0639960020780563,0,0,0.000547999981790781,0.0214360002428293,0.000744000019039959,0.0196039993315935,0,0.0798840001225471,0.0439159981906414,0,0.131587997078896,0.195684000849724,0.141019999980927,0.0589799992740154,0.0250720009207726,0.0996880009770393,0.0536120012402534,0.00534400017932057,0.0113120004534721,0.0389599986374378,0,0,0,0,0,0,0,0,0.000536000006832182,0,0,0,0
"50kmE400N235",0.000272000004770234,0.0115879997611046,0.00191600003745407,0.000288000010186806,0,0.000292000011540949,0.000123999998322688,0,0,0,0.00213199993595481,0.0493119992315769,0,0,0.000515999970957637,0.00253199995495379,0,0.043248001486063,0,0.0697840005159378,0.0307199992239475,0,0.0651480033993721,0.205827996134758,0.114235997200012,0.12525600194931,0.0509440004825592,0,0.0595000013709068,0.00129199994262308,0.0641160011291504,0.0890439972281456,0,0,0,0,0,0,0,0,0.0119120003655553,0,0,0,0
"50kmE405N235",0,0.00336400000378489,0.000132000001030974,0,0,0,0,0,0,0,0.000691999972332269,0.000348000001395121,0,0,0,0,0,0.0196439996361732,0,0.00293600000441074,0.00796400010585785,0.000228000004426576,0.0275320000946522,0.194808006286621,0.0254880003631115,0.146160006523132,0.0165400002151728,0,0.089479997754097,0.00097200000891462,0.198888003826141,0.264319986104965,0,0,0,0,0,0,0,0,0.000503999995999038,0,0,0,0
"50kmE340N240",0,0.0188805144280195,0.00698769045993686,0.000145576894283295,0,0.00164987135212868,0,0,0,0.000113226466055494,0.00284683704376221,0.0280922949314117,0,0,0,0,0,0.000133445486426353,0,0.00357876508496702,0.01134286634624,0,0.0125074805691838,0.213658347725868,0.00970512628555298,0,0.00648625893518329,0,0.179706588387489,0.00704834749922156,0,0,0.000161752104759216,0,0.00183588627260178,0,0.000392248824937269,0,0.00413276627659798,0,0.0375547930598259,0,0,0.453039318323135,0
"50kmE345N240",0,0.0174599997699261,0.00216399994678795,0.000372000009519979,0,0,0.000715999980457127,0,0,9.99999974737875e-05,0.000132000001030974,0.0878280028700829,0,0,0.00672399997711182,0,0,0.00306400004774332,0,0.0124760000035167,0.0175800006836653,0,0.0390160009264946,0.366567999124527,0.0663840025663376,0,0.036556001752615,0,0.340696007013321,0,0,0,0,0,0.000452000007499009,0,0,0,0,0,0.0017119999974966,0,0,0,0
"50kmE350N240",0.000928000023122877,0.0328640006482601,0.00445199990645051,0.000487999990582466,0,0,0.000872000004164875,0,0,0,0.00131199997849762,0.271108001470566,0,0,0.0987960025668144,0.00414799991995096,0,0.0462240017950535,0,0.122883997857571,0.0189839992672205,0,0.0964199975132942,0.174983993172646,0.0656120032072067,0,9.99999974737875e-05,0,0.0502680018544197,0,0,0,0,0,0,0,0,0,0,0.00722000002861023,0.00233600009232759,0,0,0,0
"50kmE355N240",0.000348000001395121,0.0259559992700815,0.00273999990895391,0.000167999998666346,0,0.000127999999676831,0.000292000011540949,0.000103999998827931,0,0,0.000508000026457012,0.527963995933533,0,0,0.00329199992120266,0.028659999370575,0,0.0659520030021667,0,0.184824004769325,0.0414800010621548,0,0.092848002910614,0.00309600005857646,0.0127959996461868,0.000103999998827931,0,0,0.00233200006186962,0,0,0,0,0,0,0,0,0,0,0.0042200000025332,0.00218799989670515,0,0,0,0
"50kmE360N240",0.000199999994947575,0.0219439994543791,0.0017239999724552,0.00169199996162206,0,0,0.00143199996091425,0,0,0.000236000007134862,0.000243999995291233,0.0412679985165596,0,0,0.019115999341011,0.0013399999588728,0,0.0929120033979416,0,0.240952000021935,0.0463959984481335,0,0.37992799282074,0.0066800001077354,0.0774800032377243,0.00644400017336011,0.00987999979406595,0,0.0442759990692139,0,0,0,0,0,0,0,0,0,0,0.00585599988698959,0,0,0,0,0
"50kmE365N240",0.00039999998989515,0.0116919996216893,0.00107999995816499,0.00119199999608099,0,0,0.000103999998827931,0,0,0,0.00022000000171829,0.0134399998933077,0,0,0,0,0,0.27251198887825,0,0.17247200012207,0.0419480018317699,0,0.357863992452621,0.00349600007757545,0.00499599985778332,0.06266800314188,0.00254800007678568,4.4000000343658e-05,0.0486520007252693,0,0,0,0,0,0,0,0,0,0,0.00450399983674288,0.000167999998666346,0,0,0,0
"50kmE370N240",0.000243999995291233,0.016847999766469,0.0019120000069961,0,0,9.60000033956021e-05,9.60000033956021e-05,0,0.000224000003072433,0,0.00031999999191612,0.012707999907434,0,0,0.000127999999676831,0,0,0.269896000623703,0,0.275335997343063,0.0423719994723797,0,0.318491995334625,0.0107319997623563,0.0216039996594191,0.0106960004195571,0.00515200011432171,0,0.00846400018781424,0,0,0,0,0,0,0,0,0,0,0.000684000027831644,0.00399600015953183,0,0,0,0
"50kmE375N240",0,0.00682799983769655,0.000676000025123358,0.000211999999010004,0,0,0.00039999998989515,0,0,0,0,0.00464800000190735,0,0,0,0,0,0.30842399597168,0,0.103880003094673,0.0415120013058186,0,0.138451993465424,0.11404799669981,0.0662280023097992,0.148987993597984,0.0382959991693497,0,0.0190680008381605,0,0,0,0,0,0,0.00264000007882714,0,0,0,0.00192399998195469,0.0037760001141578,0,0,0,0
"50kmE380N240",0.000103999998827931,0.00610799994319677,0.000891999981831759,0,0,0,0,0,0,0,0.000303999986499548,0.0121759995818138,0,0,0,0,0,0.225807994604111,0,0.115620002150536,0.0283320005983114,0,0.0685999989509583,0.280687987804413,0.0945800021290779,0.0368559993803501,0.0775799974799156,0,0.0473960004746914,0,9.60000033956021e-05,0.000123999998322688,0,0,0,0,0,0,0,0,0.00473600020632148,0,0,0,0
"50kmE385N240",0.00022000000171829,0.0252759996801615,0.00240399991162121,0,0,0,0.000791999977082014,0,0,0,0.000108000000182074,0.00116400001570582,0,0,0.0102279996499419,0.00113600003533065,0,0.173475995659828,0,0.0543599985539913,0.0206840001046658,0,0.227535992860794,0.132003992795944,0.147972002625465,0.0901240035891533,0.0952960029244423,0,0.0141040002927184,0,0.00115200004074723,0.000964000006206334,0,0,0,0,0,0,0,0,0.00100000004749745,0,0,0,0
"50kmE390N240",0.000872000004164875,0.0440719984471798,0.0124679999426007,0.0013399999588728,0,0.000380000012228265,0.00176400004420429,0.00022000000171829,0,0.000103999998827931,0.000828000018373132,0.190096005797386,0,0,0.00456799985840917,0.0317160002887249,0,0.0543759986758232,0,0.139696002006531,0.0313480012118816,0,0.210127994418144,0.0895799994468689,0.110423997044563,0.018716000020504,0.0128239998593926,0.00719999987632036,0.0167079996317625,0.00226400000974536,0.000224000003072433,0.00503600016236305,0,0,0,0,0,0,0,0.0121799996122718,0.000867999973706901,0,0,0,0
"50kmE395N240",0,0.0111720003187656,0.00095999997574836,0.000176000001374632,0,0,0.000103999998827931,0,0,0,0.00129199994262308,0.0385040007531643,0,0,0.00101600005291402,0.000427999999374151,0,0.0992960035800934,0,0.0485959984362125,0.0267079994082451,0,0.137424007058144,0.258983999490738,0.144244000315666,0.0904799997806549,0.0125959999859333,0.00358000001870096,0.0286120008677244,0.000907999987248331,0.0447480008006096,0.0436559990048409,0,0,0,0,0,0,0,0.000296000012895092,0.00621999986469746,0,0,0,0
"50kmE400N240",0,0.00630400003865361,0.000132000001030974,0,0,0,0,0,0,0,0.000452000007499009,0.00817199982702732,0,0,0,0,0,0.0218560006469488,0,0.0225520003587008,0.0121120000258088,0,0.0387800000607967,0.112135998904705,0.0265079997479916,0.200688004493713,0.0228679999709129,0,0.0279079992324114,0.00157199997920543,0.271548002958298,0.201756000518799,0,0.0231040008366108,0,0,0,0,0,0.000615999975707382,0.000936000025831163,0,0,0,0
"50kmE405N240",0,0.00987199973315001,0.000127999999676831,0.000228000004426576,0,0,0.000560000014957041,0,0,0,0.00108800001908094,0,0,0,0,0,0,0.0193399991840124,0,0.00487599987536669,0.0118640000000596,0,0.0556799992918968,0.285304009914398,0.0357440002262592,0.135087996721268,0.0146239995956421,0,0.0923440009355545,0.00153200002387166,0.125964000821114,0.205476000905037,0,0,0.000288000010186806,0,0,0,0,0,0,0,0,0,0
"50kmE340N245",0,0.0417529083788395,0.00244963075965643,0,0.000792806793469936,0.000394029746530578,0,0,0,0.00111087900586426,0.00534076429903507,0.000901995808817446,0,0,0,0,0,0.00106815295293927,0,0.00151915079914033,0.000531702768057585,0,0.00231670495122671,0.160664439201355,0.00860693864524364,0,0.000607660331297666,0,0.041923813521862,0.0101545732468367,0,0,0,0,0.00407322309911251,0,0.00759100681170821,0,0.0499325878918171,0,0.00861168652772903,0,0,0.649655342102051,0
"50kmE345N245",0.00825599953532219,0.130464002490044,0.0355640016496181,0.00223199999891222,0,0.00369199994020164,0.00165600003674626,0.00031999999191612,0.000247999996645376,0.00255200010724366,0.00540800020098686,0.0630680024623871,0,0,0.0763520002365112,0.000944000028539449,0,0.0438399985432625,0,0.0473759993910789,0.0108599998056889,0,0.0365759991109371,0.26571199297905,0.051791999489069,0,0.00731599982827902,0,0.173503994941711,0,0,0,0,0,0.00321600004099309,0,0.00112799997441471,0,0,0.0192360002547503,0.00607600016519427,0,0.00261200009845197,0,0
"50kmE350N245",0.000620000006165355,0.0509640015661716,0.0028800000436604,0.000668000022415072,0,0.00011600000289036,0.000587999995332211,0,0,0,0.00110400002449751,0.0424319989979267,0,0,0.344063997268677,0.00413199979811907,0,0.0873280018568039,0,0.190579995512962,0.0195519998669624,0,0.125744000077248,0.0192319992929697,0.0900200009346008,0,0.000315999990561977,0,0.00171999994199723,0,0,0,0,0,0.000127999999676831,0,0,0,0,0.0137999998405576,0.00401199981570244,0,0,0,0
"50kmE355N245",0.000904000014998019,0.043248001486063,0.00543599994853139,0.00104400003328919,0,0.000615999975707382,0.000699999975040555,0,0,0.000236000007134862,0.00136400002520531,0.0861359983682632,0,0,0.0519240014255047,0.00603199983015656,0,0.0956519991159439,0,0.255071997642517,0.0116119999438524,0,0.22018800675869,0.0339200012385845,0.168431997299194,0,0.000276000006124377,0,0.0110959997400641,0,0,0,0,0,0,0,0,0,0,0.00555999996140599,0.000552000012248755,0,0,0,0
"50kmE360N245",0.000112000001536217,0.0233440008014441,0.00167599995620549,0.000807999982498586,0,0.000296000012895092,0.000752000021748245,0.000292000011540949,0,0,0.000531999976374209,0.03583599999547,0,0,0,0.00357199995778501,0,0.131288006901741,0,0.259640008211136,0.0290959998965263,0,0.413399994373322,0.0101960003376007,0.0677680000662804,0.000260000000707805,0,0,0.0149400001391768,0,0,0,0,0,0,0,0,0,0,0.00543999997898936,0.000752000021748245,0,0,0,0
"50kmE365N245",0.000224000003072433,0.0312919989228249,0.00497600017115474,0.00150000001303852,0,0.000775999971665442,0.000339999998686835,0,0,0,0.00109599996358156,0.00472800014540553,0,0,0.000607999972999096,0.00955600012093782,0,0.287339985370636,0,0.143636003136635,0.0312919989228249,0,0.338508009910583,0.0225559994578362,0.0841279998421669,0.0192120000720024,0.000151999993249774,0,0.00800800044089556,0,0,0,0,0,0,0,0,0,0,0.00741600012406707,0.00265599996782839,0,0,0,0
"50kmE370N245",0.000311999989207834,0.0192399993538857,0.00178000004962087,0,0,0.000344000000040978,0.000515999970957637,0,0,0,0.000224000003072433,0,0,0,0,0,0,0.417800009250641,0,0.094648003578186,0.0427399985492229,0,0.225940003991127,0.0292639993131161,0.0550719983875751,0.0921280011534691,0.00749999983236194,0,0.00419599981978536,0,0.000255999999353662,0.000127999999676831,0,0,0.000607999972999096,0.000203999996301718,0,0,0,0.00368400011211634,0.00341599993407726,0,0,0,0
"50kmE375N245",0,0.0101680001243949,0.00118400005158037,0.000515999970957637,0,0.000108000000182074,0.00083999999333173,0,0,0,9.99999974737875e-05,0.0356799997389317,0,0,0,0,0,0.375716000795364,0,0.116644002497196,0.0271600000560284,0,0.109067998826504,0.0799119994044304,0.0688040032982826,0.13323999941349,0.0233079995959997,0,0.0128359999507666,0,0,0.000108000000182074,0,0,0.00141599995549768,0.00151600001845509,0,0,0,0,0.00167599995620549,0,0,0,0
"50kmE380N245",0.000864000001456589,0.0229160003364086,0.00316400011070073,0.000108000000182074,0,0,0.000211999999010004,0,0,0.000155999994603917,0.000655999989248812,0.0391080006957054,0,0,0,0,0,0.272832006216049,0,0.195851996541023,0.0248639993369579,0,0.0370559990406036,0.256720006465912,0.127131998538971,0.00187999999616295,0.00537599995732307,0,0.0107519999146461,0,0,0,0,0,0.00015999999595806,0,0,0,0,0,0.000192000006791204,0,0,0,0
"50kmE385N245",0.00144400005228817,0.0413319990038872,0.0108080003410578,0.000136000002385117,0,0,0.000487999990582466,0.000264000002061948,0,0.000944000028539449,0.00156799994874746,0.000936000025831163,0,0,0,0.000123999998322688,0,0.269400000572205,0,0.133671998977661,0.0310280006378889,0,0.0251839999109507,0.309487998485565,0.145843997597694,0.00300000002607703,0.00115999998524785,0,0.0195119995623827,0,9.60000033956021e-05,0,0,0,0,0,0,0,0,0,0.00357199995778501,0,0,0,0
"50kmE390N245",0.00085200002649799,0.0609360001981258,0.0109160002321005,0.00165600003674626,0,0,0.00107999995816499,0,0,0.000368000008165836,0.00156000000424683,0.224744006991386,0,0,0.0119279995560646,0.0418680012226105,0,0.101535998284817,0,0.221588000655174,0.0366920009255409,0,0.210628002882004,0.0303160008043051,0.0243839994072914,0.000815999985206872,0.0037760001141578,0,0.00443999981507659,0,0,0,0,0,0,0,0,0,0,0.00913599971681833,0.000780000002123415,0,0,0,0
"50kmE395N245",0.00138799997512251,0.0759560018777847,0.0178960002958775,0.00170400005299598,0,0.00103199994191527,0.00179600005503744,0.000356000004103407,0,0.00047999998787418,0.00225999997928739,0.104952000081539,0,0,0,0.0206119995564222,0,0.129728004336357,0,0.123704001307487,0.0414559990167618,0,0.219988003373146,0.133128002285957,0.0800400003790855,0.0112920003011823,0.00121200003195554,0,0.00899599958211184,0.000163999997312203,0.00360799999907613,0.00995200034230947,0,0,0.00100799999199808,0,0,0,0,0.0054199998266995,0.00187200005166233,0,0,0,0
"50kmE400N245",0,0.0240160003304482,0.00406400021165609,0.00424400018528104,0,0,0.000739999988581985,0,0,0,0.00283199991099536,0.0154999997466803,0,0,0.00656000012531877,0.00015999999595806,0,0.0482919998466969,0,0.0369039997458458,0.0188759993761778,0,0.140555992722511,0.166767999529839,0.0781359970569611,0.210748001933098,0.0135399997234344,0,0.0204520002007484,0,0.107040002942085,0.092628002166748,0,0.00318400003015995,0,0,0,0,0,0.00209599989466369,0.00266400002874434,0,0,0,0
"50kmE405N245",0,0.00958400033414364,0.00119600002653897,0.000415999995311722,0,0.000148000006447546,0.000508000026457012,0,0,0,0.00255999993532896,0,0,0,0,0,0,0.00924799963831902,0,0.0062759998254478,0.0145159997045994,0,0.0358639992773533,0.120567999780178,0.0219000000506639,0.237719997763634,0.0134840002283454,0,0.0179360006004572,0,0.308604001998901,0.15243199467659,0,0.0419079996645451,0,0,0,0,0,0,0.00513199996203184,0,0,0,0
"50kmE340N250",0,0.00253627821803093,0,0,0,0,0,0,0,0,0.00202498608268797,0,0,0,0,0,0,0,0,0,0,0,0.000787120836321265,0.0528783723711967,0.00499855354428291,0,0,0,0.0296011250466108,0.00695626437664032,0,0,0,0,0.00616914359852672,0,0,0,0.00567803392186761,0,0.0278317853808403,0,0,0.860538363456726,0
"50kmE345N250",0.000112000001536217,0.0271799992769957,0.00130799994803965,0.000224000003072433,0,0,9.60000033956021e-05,0.000380000012228265,0.000419999996665865,0,0.00197200011461973,0.123524002730846,0,0,0.137840002775192,0.000144000005093403,0,0.0896399989724159,0,0.108235999941826,0.00985999964177608,0,0.0468560010194778,0.1066600009799,0.0830359980463982,0,0.000300000014249235,0,0.102771997451782,0.000604000000748783,0,0,0,0,0.013952000066638,0,0.00700399978086352,0,0.00972799956798553,0.000996000017039478,0.00707599986344576,0.000448000006144866,0.118320003151894,0.00131199997849762,0
"50kmE350N250",0,0.0187919996678829,0.00227600010111928,0.00215599988587201,0,0,0.00202800007537007,0.00120399997103959,0,0,0.000744000019039959,0.282516002655029,0,0,0.0983240008354187,0,0,0.0414559990167618,0,0.233452007174492,0.0171680003404617,0,0.0786679983139038,0.0881799980998039,0.0992719978094101,0,0.00138399994466454,0,0.031784001737833,0,0,0,0,0,0,0,0,0,0,0,0.000595999998040497,0,0,0,0
"50kmE355N250",0.000103999998827931,0.0185199994593859,0.00126000004820526,0,0,0,0.000671999994665384,0,0,0,0.000108000000182074,0.258971989154816,0,0,0.00109999999403954,0.00105600000824779,0,0.07065200060606,0,0.234152004122734,0.0122840004041791,0,0.251944005489349,0.0254919994622469,0.108308002352715,0.000356000004103407,0.000372000009519979,0,0.0137560004368424,0,0,0,0,0,0,0.000243999995291233,0,0,0,0,0.000647999986540526,0,0,0,0
"50kmE360N250",0,0.0169239994138479,0.000387999985832721,0,0,0,0.00140399998053908,0,0.000119999996968545,0,0.000511999998707324,0.0266999993473291,0,0,0.000331999995978549,0.00847200024873018,0,0.200000002980232,0,0.353987991809845,0.0315480008721352,0,0.259351998567581,0.0196439996361732,0.0700440034270287,0,0.000272000004770234,0,0.00926799979060888,0,0,0,0,0,0,0,0,0,0,0,0.00103199994191527,0,0,0,0
"50kmE365N250",0,0.0131519995629787,0.0011399999493733,0.00257200002670288,0,0,0.000163999997312203,0,0,0,0.000688000000081956,0.00675200019031763,0,0,0,0.00109599996358156,0,0.345667988061905,0,0.145743995904922,0.0641480013728142,0,0.169707998633385,0.150912001729012,0.0637200027704239,0.000247999996645376,0.0168839991092682,0,0.0138640003278852,0,0,0,0,0,0.00022000000171829,0.00126799999270588,0,0,0,0,0.00205200002528727,0,0,0,0
"50kmE370N250",0.000112000001536217,0.0121959997341037,0.00243199989199638,0.00141200004145503,0,0.000327999994624406,0.000307999987853691,0,0,0,0.000415999995311722,0.00263600004836917,0,0,0,0,0,0.306008011102676,0,0.0887160003185272,0.0456519983708858,0,0.158123999834061,0.240860000252724,0.0877560004591942,0.00103199994191527,0.0206599999219179,0,0.0224559996277094,0,0,0,0,0,0.000228000004426576,0.00104799994733185,0,0,0,0.000307999987853691,0.00731199979782104,0,0,0,0
"50kmE375N250",0.00170799996703863,0.060419999063015,0.0105680003762245,0.0020000000949949,0,0.00139600003603846,0.00126399996224791,0.000180000002728775,0,9.60000033956021e-05,0.00327200000174344,0.145572006702423,0,0,0.000736000016331673,0.00214400002732873,0,0.256168007850647,0,0.0990839973092079,0.0371319986879826,0,0.12185200303793,0.0690279975533485,0.0476480014622211,0.0955720022320747,0.0272679999470711,0,0.0122119998559356,0,0.000255999999353662,0,0,0,0.000136000002385117,0.00114399997983128,0,0,0,0.000136000002385117,0.00300800008699298,0,0,0,0
"50kmE380N250",0.000284000008832663,0.0168600007891655,0.00173999997787178,0.0006520000169985,0,0.000224000003072433,0,0,0,0,0,0.0398759990930557,0,0,0,0,0,0.306840002536774,0,0.0772479996085167,0.0231240000575781,0,0.0551039986312389,0.322952002286911,0.11854799836874,0.00746800005435944,0.0207800008356571,0,0.00783600006252527,0,0,0,0,0,0,0,0,0,0,0.000103999998827931,0.00036000000545755,0,0,0,0
"50kmE385N250",0.000915999989956617,0.0662039965391159,0.0113359997048974,0.00209599989466369,0,0.000696000002790242,0.00103199994191527,0,0,0.000216000000364147,0.00187599996570498,0.0866919979453087,0,0,0.00272800005041063,0.00679600005969405,0,0.419147998094559,0,0.158904001116753,0.0352240018546581,0,0.063571996986866,0.0595839992165565,0.0652720034122467,0,0.00256799999624491,0,0.00367600005120039,0,0,0,0,0,0,0,0,0,0,0.0057760002091527,0.00568800000473857,0,0,0,0
"50kmE390N250",0.00374400010332465,0.174436002969742,0.0564519986510277,0.0084239998832345,0.000904000014998019,0.00408799992874265,0.00374000007286668,0.000311999989207834,0.00011600000289036,0.00660800002515316,0.00816399976611137,0.27512800693512,0,0,0.0111320000141859,0.0106520000845194,0,0.0928559973835945,0,0.137296006083488,0.0373400002717972,0,0.131295993924141,0.00433599995449185,0.00291200005449355,0.00404400005936623,0.0011800000211224,0,0.0046879998408258,0,0,0,0,0,0.00180800002999604,0,0,0,0,0.0102239996194839,0.00812000036239624,0,0,0,0
"50kmE395N250",0,0.0631119981408119,0.0123800002038479,0.00122800003737211,0,0.000487999990582466,0.00252399989403784,0,0,0.000167999998666346,0.00230800011195242,0.152235999703407,0,0,0.00254400004632771,0.000904000014998019,0,0.0859519988298416,0,0.179780006408691,0.0654599964618683,0,0.314099997282028,0.0193479992449284,0.0362319983541965,0.00786000024527311,0.00154800002928823,0,0.00784000009298325,0,9.99999974737875e-05,0.00138399994466454,0,0,0.00802399963140488,0,0,0,0,0.0147040002048016,0.0197759997099638,0,0,0,0
"50kmE400N250",0.00097200000891462,0.0689079985022545,0.0155760003253818,0.00190399994608015,0,0.000723999983165413,0.000707999977748841,0,0,0.000780000002123415,0.00306000001728535,0.0444840006530285,0,0,0.0024679999332875,0.000483999989228323,0,0.108400002121925,0,0.0836120024323463,0.0365200005471706,0,0.182032003998756,0.162407994270325,0.132119998335838,0.0786160007119179,0.00592799996957183,0,0.00389200006611645,0,0.0248279999941587,0.0237879995256662,0,0,0.00183199997991323,0,0,0,0,0.00234799995087087,0.01360800024122,0,0,0,0
"50kmE405N250",9.99999974737875e-05,0.0219759996980429,0.00125600001774728,0.000247999996645376,0,0.000224000003072433,0.000547999981790781,0,0,0,0.00352400005795062,0.000315999990561977,0,0,0,0,0,0.0325720012187958,0,0.0157479997724295,0.0155680002644658,0,0.0252519994974136,0.167328000068665,0.0396439991891384,0.174815997481346,0.0533040016889572,0,0.0351400002837181,0,0.198955997824669,0.143383994698524,0,0.0676520019769669,0.00022000000171829,0,0,0,0,0,0.00222399993799627,0,0,0,0
"50kmE410N250",0.000620000006165355,0.0121999997645617,0.0034880000166595,0.000112000001536217,0,0.000167999998666346,0,9.99999974737875e-05,0,0,0,0,9.99999974737875e-05,0,0.00147999997716397,0.000855999998748302,0,0.0355920009315014,0,0.00698000006377697,0.0453840009868145,0,0.0175599996000528,0.172544002532959,0.0327479988336563,0.0449559986591339,0.0254120007157326,0,0.109140001237392,0,0.2083880007267,0.19896799325943,0,0.0809080004692078,0,0,0,0,0,3.19999999192078e-05,0.00226400000974536,0,0,0,0
"50kmE415N250",0.000384000013582408,0.0322320014238358,0.00543999997898936,7.5999996624887e-05,0,0,0.000303999986499548,0,0,0,0.000584000023081899,0.0013399999588728,0,0,0.000103999998827931,0,0,0.00738399988040328,0,0.00480399979278445,0.0429279990494251,0,0.322959989309311,0.0583080016076565,0.0810279995203018,0.0580760017037392,0.0552840009331703,0,0.104456000030041,0.00269600003957748,0.0633879974484444,0.109743997454643,0,0.0392399989068508,0,0,0,0,0,0.00103199994191527,0.00820800010114908,0,0,0,0
"50kmE420N250",0.00691200001165271,0.19166399538517,0.0258680004626513,0.0011800000211224,0,0.00656800018623471,0.00265999999828637,0,0,0.00113200000487268,0.00429600011557341,0.0795279964804649,0,0,0.000880000006873161,3.19999999192078e-05,0,0.00433999998494983,0,0.0156280007213354,0.105655997991562,0,0.356768012046814,0.00738399988040328,0.0670880004763603,0.00967600010335445,0.00576400011777878,0,0.0100279999896884,8.3999999333173e-05,0,0.0028800000436604,0,0,0.000563999987207353,0.001304000033997,0,0,0,0.00224000005982816,0.0898760035634041,0,0,0,0
"50kmE340N255",0,0.00204084673896432,0,0,0,0,0,0,0,0,0.000717660412192345,0.000321452069329098,0,0,0,0,0,0.00124843011144549,0,0.00106153939850628,0.00127833266742527,0,0.000216793254367076,0.00526284333318472,0.00235482328571379,0,0.00211560307070613,0,0.00164463848341256,0.00503109861165285,0,0,0,0,0.000201841990929097,0,0.000530769699253142,0,0.0113779082894325,0,0,0,0,0.964595437049866,0
"50kmE345N255",0.000460000010207295,0.0576200000941753,0.00545200007036328,0.000508000026457012,0.000620000006165355,0.00135200005024672,0.00136400002520531,0,0.000144000005093403,0.000103999998827931,0.00358000001870096,0.340204000473022,0,0,0.0221919994801283,0.000804000010248274,0,0.109140001237392,0,0.106760002672672,0.0173439998179674,0,0.0874679982662201,0.0240160003304482,0.0174800008535385,0,0.000508000026457012,0,0.00108399998862296,0.00272800005041063,0,0,0,0,0.00299199996516109,0,0.0361879989504814,0,0.0440919995307922,0.00293600000441074,0.00102399999741465,0,0.0344959981739521,0.0773399993777275,0
"50kmE350N255",0.00011600000289036,0.0397199988365173,0.00537999998778105,9.60000033956021e-05,0,0.00211200001649559,0.00141200004145503,0.000344000000040978,0,0.000348000001395121,0.000568000017665327,0.431140005588531,0,0,0.21229200065136,0.000508000026457012,0,0.0225159991532564,0,0.153356000781059,0.0153360003605485,0,0.109939999878407,0.000647999986540526,0.00117199996020645,0,0,0,0.00230400008149445,0,0,0,0,0,0.000243999995291233,0,0,0,0,0,0.000448000006144866,0,0,0,0
"50kmE355N255",0.000631999981123954,0.0504239983856678,0.00791599974036217,0.00172800000291318,0,0,0.00304000009782612,7.45058055164314e-17,0,0.000216000000364147,0.00178799999412149,0.315912008285522,0,0,0.00200799992308021,0.000391999987186864,0,0.201747998595238,0,0.156360000371933,0.0301520004868507,0,0.210268005728722,0.0044680000282824,0.0043759997934103,0,0.000376000010874122,0,0.00502000004053116,0,0,0,0,0,0.00015999999595806,0,0,0,0,0.00110800005495548,0.00190799997653812,0,0,0,0
"50kmE360N255",0.0010039999615401,0.0518679991364479,0.00896000023931265,0.000500000023748726,0,0.000607999972999096,0.000728000013623387,0.000119999996968545,0,0.00047999998787418,0.00144400005228817,0.0361200012266636,0,0,0,0.000335999997332692,0,0.413372009992599,0,0.203071996569633,0.0378439985215664,0,0.181336000561714,0.0275880005210638,0.0225520003587008,0,0.00047999998787418,0,0.00512399990111589,0,0,0,0,0,0,0,0,0,0,0.00412000017240644,0.0023439999204129,0,0,0,0
"50kmE365N255",0.00011600000289036,0.0198120009154081,0.00172800000291318,0,0,0,0.00015999999595806,0,0,0,0.000915999989956617,0.0100039998069406,0,0,0,0,0,0.315860003232956,0,0.136452004313469,0.0446959994733334,0,0.248551994562149,0.111359998583794,0.0752200037240982,0.000380000012228265,0.00979200005531311,0,0.0156399998813868,0,0,0,0,0,0,0.000311999989207834,0,0,0,0.000228000004426576,0.00877199973911047,0,0,0,0
"50kmE370N255",0,0.00960000045597553,0.000123999998322688,0.000276000006124377,0,0.000475999986520037,0.00014000000373926,0,0,0,0.000872000004164875,0.0114759998396039,0,0,0,0,0,0.495900005102158,0,0.134296000003815,0.0712879970669746,0,0.152060002088547,0.0638799965381622,0.0473800003528595,0.000108000000182074,0.00267200008966029,0,0.00637600012123585,0,0,0,0,0,0.000172000000020489,0,0,0,0,0,0.0029039999935776,0,0,0,0
"50kmE375N255",0.0006520000169985,0.0326920002698898,0.00473600020632148,0.00160800002049655,0,0,0.00102800002787262,0,0,0,0,0.184448003768921,0,0,0.000956000003498048,0.000352000002749264,0,0.354828000068665,0,0.156979992985725,0.0303520001471043,0,0.158227995038033,0.0338639989495277,0.0313559994101524,0,0.00199600006453693,0,0.00330800004303455,0,0,0,0,0,0,0,0,0,0,0,0.0026159998960793,0,0,0,0
"50kmE380N255",0.00103199994191527,0.034060001373291,0.00325200008228421,0.000500000023748726,0,0.000555999984499067,0.000768000027164817,0.00011600000289036,0,0.000268000003416091,0.001475999946706,0.153659999370575,0,0,0,0,0,0.374559998512268,0,0.0841040015220642,0.0310040004551411,0,0.123315997421741,0.106668002903461,0.074972003698349,0,0.00180800002999604,0,0.0042039998807013,0,0,0,0,0,0,0,0,0,0,0.00245200004428625,0.00122400000691414,0,0,0,0
"50kmE385N255",0.00101999996695668,0.0406359992921352,0.00558400014415383,0.000747999991290271,0,0.000403999991249293,0.000444000004790723,0,0,0,0.00144400005228817,0.0165919996798038,0,0,0.00737599981948733,0,0,0.566280007362366,0,0.0957959964871407,0.0276120007038116,0,0.052632000297308,0.148683995008469,0.0208400003612041,0,0.00067999999737367,0,0.00582000007852912,0,0,0,0,0,0,0,0,0,0,0.00595200015231967,0.00145600002724677,0,0,0,0
"50kmE390N255",0.00118400005158037,0.0666799992322922,0.00963599979877472,0.000391999987186864,0,0,0.000644000014290214,0,0,0,0.00488399993628263,0.278376013040543,0,0,0.106200002133846,0.000427999999374151,0,0.193928003311157,0,0.14164400100708,0.0241400003433228,0,0.0976720005273819,0.0164599996060133,0.0109679996967316,0,0.000547999981790781,0,0.00275200000032783,0,0,0,0,0,0,0,0,0,0,0.00659599993377924,0.0368679985404015,0,0,0,0
"50kmE395N255",0.00135200005024672,0.0422319993376732,0.0110879996791482,0.00285600009374321,0,0.00123199995141476,0.00205200002528727,0.000203999996301718,0.000163999997312203,0,0.0021959999576211,0.0906080007553101,0,0,0.00161200005095452,0.000199999994947575,0,0.195807993412018,0,0.0724719986319542,0.0236840005964041,0,0.28438401222229,0.078075997531414,0.140415996313095,0.0179200004786253,0.00255999993532896,0,0.015939999371767,0,0,0.000132000001030974,0,0,0.000728000013623387,0,0,0,0,0.00535599980503321,0.00672800000756979,0,0,0,0
"50kmE400N255",0.00207599997520447,0.109056003391743,0.0115959998220205,0.00288400007411838,0,0.00133200001437217,0.00112399994395673,0,0,0.00130000000353903,0.00457999994978309,0.135695993900299,0,0,0.00796000007539988,0.00310799991711974,0,0.12270399928093,0,0.0732519999146461,0.0403000004589558,0,0.143887996673584,0.0911440029740334,0.100331999361515,0.0407240018248558,0.00159200001507998,0,0.00239200005307794,0.000199999994947575,0.00390399992465973,0.00304399989545345,0,0,0.00271199992857873,0,0,0,0,0.00258000008761883,0.0905200019478798,0,0,0,0
"50kmE405N255",0.000747999991290271,0.0568599998950958,0.00597199983894825,0.000163999997312203,0.000112000001536217,0,0.000292000011540949,0,0,0,0.00178399996366352,0.0293000005185604,0,0,0.00556800002232194,0.00516799977049232,0,0.0625479966402054,0,0.0243480000644922,0.0131559995934367,0,0.0486960001289845,0.212855994701385,0.143104001879692,0.141003996133804,0.0275880005210638,0,0.0230880007147789,0.000468000012915581,0.054552000015974,0.0461959987878799,0,0.00187999999616295,0.000847999996040016,0,0,0,0,0.000311999989207834,0.0933879986405373,0,0,0,0
"50kmE410N255",0.000288000010186806,0.0356639996170998,0.00304799992591143,0.000199999994947575,0,0.000755999993998557,0.000136000002385117,0,0,0,0.00161999999545515,0.00559999980032444,0,0,0.0211800001561642,0.0102279996499419,0,0.0535999983549118,0,0.00264400010928512,0.0242960005998611,0,0.00242000003345311,0.187040001153946,0.021764000877738,0.162832006812096,0.0420200005173683,0,0.0694840028882027,0.000487999990582466,0.207087993621826,0.103072002530098,0.000331999995978549,0.040523998439312,0.000348000001395121,0,0,0,0,0,0.00332799996249378,0,0,0,0
"50kmE415N255",0.000236000007134862,0.0179040003567934,0.00277599995024502,0.000715999980457127,0,0.000592000025790185,0.00015999999595806,0,0,0,0,0.00270799989812076,0,0,0.00052000000141561,0,0,0.0272920001298189,0,0.00123599998187274,0.018656000494957,0,0.0421920008957386,0.160487994551659,0.0645719990134239,0.112616002559662,0.0200079996138811,0,0.0897440016269684,0.00237599993124604,0.199371993541718,0.147067993879318,0,0.085996001958847,0,0,0,0,0,0,0.00277199991978705,0,0,0,0
"50kmE420N255",0.000144000005093403,0.0296720005571842,0.00306800007820129,0.000607999972999096,0,0.000216000000364147,0.000335999997332692,0.000112000001536217,0,0.000339999998686835,0.000956000003498048,0.0117960004135966,0,0,0,0,0,0.00607600016519427,0,0.00427599996328354,0.0168600007891655,0,0.186596006155014,0.178128004074097,0.163499996066093,0.0744839981198311,0.027836000546813,0,0.0940039977431297,0.00115200004074723,0.0720599964261055,0.0992479994893074,0,0.00255599990487099,0.000503999995999038,0,0,0,0,0,0.0254720002412796,0,0,0,0
"50kmE425N255",0.000112000001536217,0.0182799994945526,0.00183600001037121,0.000112000001536217,0,0,9.60000033956021e-05,0,0,0,0,0.019675999879837,0,0,0.00106000003870577,0,0,0.0179880000650883,0,0.00344399991445243,0.0168960001319647,0,0.156795993447304,0.184156000614166,0.0277999993413687,0.118524000048637,0.0471200011670589,0,0.0627280026674271,0,0.149148002266884,0.142547994852066,0.000195999993593432,0.00763199990615249,0.000411999993957579,0,0,0,0,0.00161200005095452,0.0218279995024204,0,0,0,0
"50kmE430N255",0,0.0163160003721714,0.00206000008620322,0,0,0.000136000002385117,0.000188000005437061,0,0,0,0.00105199997778982,0.0120400004088879,0,0,0.00186399999074638,0.00330400001257658,0,0.0265999995172024,0,0.0132039999589324,0.0222520008683205,0,0.0695279985666275,0.263576000928879,0.00952799990773201,0.0949719995260239,0.0326480008661747,0,0.044539999216795,0.000536000006832182,0.173623993992805,0.174787998199463,0.000108000000182074,0.0310559999197721,0,0,0,0,0,0.000331999995978549,0.00574799999594688,0,0,0,0
"50kmE340N260",0.000328768248436972,0.0180257465690374,0,0,0,0,0,0,0,0.000395549286622554,0.00323117547668517,0.00151541619561613,0,0,0.0173065662384033,6.16440447629429e-05,0,0.00464385142549872,0,0.0163767691701651,0.00254795397631824,0,0.00193665048573166,0.0070068733766675,0.00178254034835845,0,0.000806509633548558,0,0.000251713179750368,0.00236815889365971,0,0,0,0,0.00108904484659433,0,0.0147586120292544,0,0.0432176142930984,0,0.00015924712351989,0,0,0.862189590930939,0
"50kmE345N260",0.000387999985832721,0.0522440001368523,0.0077840001322329,0.000236000007134862,0.000936000025831163,0.000628000008873641,0,0,0,0.000216000000364147,0.0023199999704957,0.5000119805336,0,0,0.0019000000320375,0.00015999999595806,0,0.0963200032711029,0,0.0619320012629032,0.0169959999620914,0,0.0195160005241632,0.00503200013190508,0.000744000019039959,0.000192000006791204,0.00153600005432963,0,0.000364000006811693,0.00134399998933077,0,0,0,0,0.00156799994874746,0,0.0119200004264712,0,0.057523999363184,0.000847999996040016,0.000691999972332269,0.000148000006447546,0.00671999994665384,0.149780005216599,0
"50kmE350N260",0.000483999989228323,0.0514880008995533,0.00687600020319223,0.00102399999741465,0,0.000483999989228323,0.000288000010186806,0.000172000000020489,0,0,0.000739999988581985,0.64436399936676,0,0,0,0,0,0.0997880026698112,0,0.0836080014705658,0.0259879995137453,0,0.0713159963488579,0.00193999998737127,0.00132399995345622,0,0,0,0.00984799955040216,0,0,0,0,0,0,0,0,0,0,0,0.000268000003416091,0,0,0,0
"50kmE355N260",0,0.028303999453783,0.00169599999208003,0.00154800002928823,0,0,0.0006520000169985,0.000464000011561438,0,0,0.00104400003328919,0.605120003223419,0,0,0,0.000587999995332211,0,0.0926999971270561,0,0.100979998707771,0.0371959991753101,0,0.115907996892929,0.00609199982136488,0.00463599991053343,0,0,0,0.00245200004428625,0,0,0,0,0,0,0,0,0,0,3.9999998989515e-05,0.000579999992623925,0,0,0,0
"50kmE360N260",0,0.0117640001699328,0.00183199997991323,0,0,0,0.00119199999608099,0,0,0,0.00015999999595806,0.26665198802948,0,0,0,0,0,0.37525200843811,0,0.185412004590034,0.0342519991099834,0,0.0976959988474846,0.00520800007507205,0.00590799981728196,0,0.00813999958336353,0,0.00115200004074723,0,0,0,0,0,0,0,0,0,0,0.00364000000990927,0.00173999997787178,0,0,0,0
"50kmE365N260",0,0.0163039993494749,0.00124000001233071,0.000172000000020489,0,0,0.000788000004831702,0,0,0,0.000232000005780719,0.0944880023598671,0,0,0,0,0,0.425931990146637,0,0.238803997635841,0.0688280016183853,0,0.135987997055054,0.00295599992386997,0.00841199979186058,0,0.00109599996358156,0,0.00127200002316386,0,0,0,0,0,0,0,0,0,0,0.000300000014249235,0.00318800006061792,0,0,0,0
"50kmE370N260",0.000132000001030974,0.0170040000230074,0.00138799997512251,0.000356000004103407,0,0.000180000002728775,0.000807999982498586,0,0,0,0.000676000025123358,0.173531994223595,0,0,0.000579999992623925,0,0,0.489520013332367,0,0.165491998195648,0.0540760010480881,0,0.0798519998788834,0.0062279999256134,0.00735600013285875,0,0.000411999993957579,0,0.000996000017039478,0,0,0,0,0,0,0,0,0,0,0,0.00141200004145503,0,0,0,0
"50kmE375N260",0.000536000006832182,0.0235040001571178,0.00429200008511543,0.000872000004164875,0,3.60000012733508e-05,0.00028000000747852,0,0,0,0.00132000003941357,0.111227996647358,0,0,0,0.000188000005437061,0,0.569351971149445,0,0.105627998709679,0.0235639996826649,0,0.128831997513771,0.00719199981540442,0.00966800004243851,0,0.000167999998666346,0,0.0093599995598197,0,0,0,0,0,0,0,0,0,0,0.000888000009581447,0.00309200002811849,0,0,0,0
"50kmE380N260",0,0.0256799999624491,0.00384399993345141,0.000344000000040978,0,0.000411999993957579,0.0006520000169985,0.000103999998827931,0,0,0.00248800008557737,0.204531997442245,0,0,0.000996000017039478,0.000103999998827931,0,0.483343988656998,0,0.0806759968400002,0.025696000084281,0,0.134524002671242,0.00697200000286102,0.00872000027447939,0,0.000419999996665865,0,0.00885200034826994,0,0,0,0,0,0.000103999998827931,0,0,0,0,0.00899599958211184,0.00254000001586974,0,0,0,0
"50kmE385N260",0.000395999988541007,0.0350599996745586,0.00738399988040328,0.00120800000149757,0,0.00114800001028925,0.00036000000545755,0,0,0.000771999999415129,0.00211200001649559,0.0144400000572205,0,0,0,0,0,0.615916013717651,0,0.121448002755642,0.0232239998877048,0,0.115436002612114,0.0285119991749525,0.0224760007113218,0,0.000807999982498586,0,0.00196800008416176,0,0,0,0,0,0,0,0,0,0,0.00293199997395277,0.00439999997615814,0,0,0,0
"50kmE390N260",0.000500000023748726,0.0490199998021126,0.00576800014823675,0.000688000000081956,0,0,0.000951999973040074,0.000144000005093403,0,0,0.00219999998807907,0.181360006332397,0,0,0.0265640001744032,0,0,0.303883999586105,0,0.159924000501633,0.022732000797987,0,0.218199998140335,0.00795200001448393,0.0050760000012815,0.000456000008853152,0.00266800005920231,0,0.00397199997678399,0,0,0,0,0,0.000136000002385117,0,0,0,0,0.00631200009956956,0.00149199995212257,0,0,0,0
"50kmE395N260",0.000563999987207353,0.0402599982917309,0.00325200008228421,0.00162400002591312,0,0,0.000615999975707382,0.000127999999676831,0,0,0.00112399994395673,0.170644000172615,0,0,0.0049200002104044,0.000136000002385117,0,0.204796001315117,0,0.177036002278328,0.0513719990849495,0,0.233628004789352,0.04322399944067,0.0430720001459122,0.00449200021103024,0.00298000010661781,0,0.00637600012123585,0,0,0,0,0,0.000907999987248331,0,0,0,0,0,0.00884800031781197,0,0,0,0
"50kmE400N260",0.000108000000182074,0.0322920009493828,0.00246399990282953,0,0,1.59999999596039e-05,0.00063999998383224,0,0,0,0.00171999994199723,0.0802399963140488,0,0,0.00545200007036328,0.000939999998081475,0,0.193892002105713,0,0.0402639992535114,0.033220000565052,0,0.076884001493454,0.314195990562439,0.138807997107506,0.0360199995338917,0.00011600000289036,0,0.00925599969923496,0,0,0,0,0,0.0149959996342659,0.00297600007615983,0,0,0,0,0.0154999997466803,0,0,0,0
"50kmE405N260",0.00183600001037121,0.0761919990181923,0.00825599953532219,0.000415999995311722,0,0.000956000003498048,0.000500000023748726,0,0.00011600000289036,0.00118799996562302,0.00288800010457635,0.439060002565384,0,0,0.00550400000065565,7.20000025467016e-05,0,0.0612040013074875,0,0.00877199973911047,0.0310839992016554,0,0.0309640001505613,0.0624839998781681,0.137084007263184,0.0208759997040033,0.000536000006832182,0,0.00680000009015203,0,0,0.00101600005291402,0,0,0.00245600007474422,0,0,0,0,0,0.0997399985790253,0,0,0,0
"50kmE410N260",0.000584000023081899,0.052972000092268,0.00449200021103024,0,0,0.000891999981831759,0.000243999995291233,0.000103999998827931,0,0,0.000615999975707382,0.165772005915642,0,0,0,0,0,0.162543997168541,0,0.0480760000646114,0.0245559997856617,0,0.00623599998652935,0.168111994862556,0.0992240011692047,0.135480001568794,0.0228199996054173,0,0.049260001629591,0.000331999995978549,0.0120679996907711,0.0267120003700256,0,0.000728000013623387,0.000628000008873641,0,0,0,0,0,0.0175480004400015,0,0,0,0
"50kmE415N260",0.000127999999676831,0.0147799998521805,0.000560000014957041,0.000151999993249774,0,0.00100799999199808,0,0,0.000112000001536217,0,0.000752000021748245,0.011807999573648,0,0,0,0,0,0.103476002812386,0,0.0319680012762547,0.00591999990865588,0,0.0121039999648929,0.185144007205963,0.0687199980020523,0.162248000502586,0.0462960004806519,0,0.0455759987235069,0,0.114908002316952,0.0719320029020309,0,0.0990400016307831,0.00011600000289036,0,0,0,0,0,0.0232519991695881,0,0,0,0
"50kmE420N260",0,0.00846000015735626,0.000984000042080879,0.000391999987186864,0,0.000419999996665865,0,0,0,0,0.000243999995291233,0.00238399999216199,0,0,0,0.000364000006811693,0,0.0515200011432171,0,0.00112000002991408,0.00737599981948733,0,0.0126200001686811,0.0978560000658035,0.0488400012254715,0.229543998837471,0.0856119990348816,0,0.0283760000020266,0.000272000004770234,0.221916005015373,0.157276004552841,0,0.0336919985711575,9.99999974737875e-05,0,0,0,0,0,0.0106319999322295,0,0,0,0
"50kmE425N260",0.000211999999010004,0.0179479997605085,0.00261200009845197,0,0,0,0,0,0,0,0.000707999977748841,0.0122400000691414,0,0,0.000127999999676831,0,0,0.11150000244379,0,0,0.0103519996628165,0,0.0121520003303885,0.225771993398666,0.0584440007805824,0.203912004828453,0.111100003123283,0,0.0380240008234978,0,0.116204001009464,0.0747240036725998,0,0.00205200002528727,0.00014000000373926,0,0,0,0,0.000151999993249774,0.00162400002591312,0,0,0,0
"50kmE430N260",0,0.00775199988856912,0.00011600000289036,0,0,0.000736000016331673,0,0,0,0,0.00128399999812245,0.000444000004790723,0,0,0,0,0,0.050755999982357,0,0,0.00327200000174344,0,0.0011399999493733,0.147464007139206,0.00353599991649389,0.20490400493145,0.100391998887062,0,0.027403999119997,0,0.237867996096611,0.196595996618271,0,0.0103759998455644,0.00135200005024672,0,0,0,0,0,0.0046080001629889,0,0,0,0
"50kmE435N260",0,0.00562800001353025,0.000544000009540468,0,0,0,0.000112000001536217,0,0,0,0.00320399994961917,0.00452800001949072,0,0,0,0.022027999162674,0,0.0466880016028881,0,0.00267999991774559,0.00875999964773655,0,0.00144799996633083,0.224511995911598,0.00239600008353591,0.0975200012326241,0.0189399998635054,0,0.0533600002527237,0.00011600000289036,0.216532006859779,0.224723994731903,0,0.0610000006854534,0.00036000000545755,0,0,0,0,0,0.0049200002104044,0,0,0,0
"50kmE335N265",0,0.00241431966423988,0,0,0,0,0,0,0,0,0,0,0,0,0,0,0,0,0,0.000311782991047949,0,0,0,0.00042370508890599,0,0.000831421348266304,0.00438894517719746,0,0,0,0,0,0,0,0,0,0,0,0.00131908187177032,0,0,0,0,0.990310728549957,0
"50kmE340N265",0.00104068685323,0.0545680150389671,0.00633217906579375,0.00100066047161818,0.000264174363110214,0.000232153222896159,0.000884583801962435,0,0,0.000164108307217248,0.0032101187389344,0.265723377466202,0,0,0,0.000228150573093444,0,0.108243443071842,0,0.0792483016848564,0.0243400651961565,0,0.0102307526394725,0.0110753094777465,0.00343426666222513,0.000168110957019962,0.00296996021643281,0,0.000620409497059882,0.00192927336320281,0,0,0,0,0.000532351376023144,0,0.00852562673389912,0.00143694842699915,0.00667240377515554,0,0.00153301178943366,0,0.000708467559888959,0.404683083295822,0
"50kmE345N265",5.60000007681083e-05,0.0485160015523434,0.00821600016206503,0.00141200004145503,0,0,0.00152000004891306,0,0,0,0.00161200005095452,0.469056010246277,0,0,0.00167599995620549,0.0006520000169985,0,0.184604004025459,0,0.189224004745483,0.0308159999549389,0,0.0468720011413097,0.00917199999094009,0.00240799994207919,0,0,0,0.000951999973040074,0,0,0,0,0,0,0,0,0,0,0,0.00323599996045232,0,0,0,0
"50kmE350N265",0.00011600000289036,0.0313879996538162,0.00421199994161725,0,0,0,0.00253199995495379,0.00014000000373926,0,0,0.000872000004164875,0.346388012170792,0,0,0,0.00342399999499321,0,0.257807999849319,0,0.267915993928909,0.0242240000516176,0,0.0518679991364479,0.00289199990220368,0.0031920000910759,0,0.000744000019039959,0,0.00022000000171829,0,0,0,0,0,0,0,0,0,0,0,0.00206399988383055,0,0,0,0
"50kmE355N265",0.000880000006873161,0.0508479997515678,0.008220000192523,0.00370000000111759,0,0.000731999985873699,0.00083999999333173,0,0,0.00125199998728931,0.00255999993532896,0.560667991638184,0,0,0.0027560000307858,0,0,0.0424639992415905,0,0.138651996850967,0.0160479992628098,0,0.100564002990723,0.0328520014882088,0.0297159999608994,0,0.00224000005982816,0,0.00405200012028217,0,0,0,0,0,0.000251999997999519,0,0,0,0,0.000216000000364147,0.000487999990582466,0,0,0,0
"50kmE360N265",0.000448000006144866,0.0212999992072582,0.00318400003015995,0.000356000004103407,0,9.99999974737875e-05,0.000199999994947575,0.000203999996301718,0,0.000136000002385117,0.000980000011622906,0.483171999454498,0,0,0.000112000001536217,0.000544000009540468,0,0.106108002364635,0,0.133643999695778,0.0318519994616508,0,0.111380003392696,0.0334799997508526,0.0498600006103516,0,0.00180800002999604,0,0.00471200002357364,0,0,0,0,0,0.000528000004123896,0,0,0,0,0.00547599978744984,0.0104160001501441,0,0,0,0
"50kmE365N265",0.00121999997645617,0.0191200003027916,0.00690399995073676,0,0,0.00164799997583032,0.00044000000343658,0,0,0.000339999998686835,0.00124400004278868,0.500191986560822,0,0,0.000127999999676831,0.000836000021081418,0,0.155100002884865,0,0.0542320013046265,0.0305679999291897,0,0.174856007099152,0.011672000400722,0.0106680002063513,0,0.00429200008511543,0,0.00392800010740757,0,0,0,0,0,0.00171600002795458,0,0,0,0,0,0.0208960007876158,0,0,0,0
"50kmE370N265",0.000951999973040074,0.0313440002501011,0.0092799998819828,0.000915999989956617,0,0.000568000017665327,0.000684000027831644,0,0,0.000356000004103407,0.00169599999208003,0.612619996070862,0,0,0.000272000004770234,9.60000033956021e-05,0,0.127667993307114,0,0.0254800003021955,0.0177960004657507,0,0.150672003626823,0.00365200010128319,0.00466400012373924,0,0.00186800002120435,0,0.0067560002207756,0,0,0,0,0,0.000148000006447546,0,0,0,0,0,0.00251200003549457,0,0,0,0
"50kmE375N265",0.000224000003072433,0.02700399979949,0.00356000009924173,0.000432000000728294,0,0.00210799998603761,0.000936000025831163,0,0,0,0.000944000028539449,0.44514000415802,0,0,0,0.000495999993290752,0,0.299100011587143,0,0.0264240000396967,0.0129159996286035,0,0.157340005040169,0.00225999997928739,0.00283999997191131,0,0.00424000015482306,0,0.00480799982324243,0.000108000000182074,0,0,0,0,0.000407999992603436,0,0,0,0,0.00619200011715293,0.00252000009641051,0,0,0,0
"50kmE380N265",0.000380000012228265,0.0193479992449284,0.00283599994145334,0.000515999970957637,0,0,0.00104400003328919,0,0.000260000000707805,0,0.00108800001908094,0.169548004865646,0,0,0,0,0,0.405203998088837,0,0.0304760001599789,0.00556800002232194,0,0.311031997203827,0.0239760000258684,0.0125240003690124,0,0.000472000014269724,0,0.00947200041264296,0.000103999998827931,0,0,0,0,0,0,0,0,0,0.00401999987661839,0.00213199993595481,0,0,0,0
"50kmE385N265",0.000356000004103407,0.012992000207305,0.000880000006873161,0,0,0,0.000755999993998557,0,0,0,0.0011399999493733,0.0232880003750324,0,0,0,0,0,0.476772010326385,0,0.0427919998764992,0.0227039996534586,0,0.255456000566483,0.10105200111866,0.0515239983797073,0,9.60000033956021e-05,0,0.00559599976986647,0,0,0,0,0,0,0,0,0,0,0,0.00459600007161498,0,0,0,0
"50kmE390N265",0.000251999997999519,0.040327999740839,0.00673600006848574,0.00233600009232759,0,0.00172800000291318,0.00198399997316301,0,0,0.000315999990561977,0.00145600002724677,0.278396010398865,0,0,0.0497200004756451,0.000108000000182074,0,0.222427994012833,0,0.0440480001270771,0.0213200002908707,0,0.282956004142761,0.0153440004214644,0.0055439998395741,0.00388800003565848,0.00327600003220141,0,0.0108279995620251,0,0,0,0,0,8.80000006873161e-05,0,0,0,0,0.00268799997866154,0.00423200009390712,0,0,0,0
"50kmE395N265",0.000372000009519979,0.0548119992017746,0.00572399981319904,0.00154399999883026,0.000255999999353662,0.00108800001908094,0.00153200002387166,0,0,0,0.000628000008873641,0.381635993719101,0,0,0.00455600023269653,0,0,0.110115997493267,0,0.0609439983963966,0.0184679999947548,0,0.319272011518478,0.00780399981886148,0.00325999991036952,0,0.000456000008853152,0,0.0119120003655553,0,0,0,0,0,0.000251999997999519,0,0,0,0,0.00953999999910593,0.00582800013944507,0,0,0,0
"50kmE400N265",0.00111599999945611,0.0549440011382103,0.00901199970394373,0.000791999977082014,0,0.000236000007134862,0.000823999987915158,0,0,0,0.00161200005095452,0.0708199962973595,0,0,0.000944000028539449,0.000768000027164817,0,0.213376000523567,0,0.153172001242638,0.0430480018258095,0,0.272475987672806,0.100676000118256,0.0496480017900467,0.0131040001288056,0.00183600001037121,0,0.00528000015765429,0,0,0,0,0,0.00250800000503659,0.000260000000707805,0,0,0,0.00253599998541176,0.00101200002245605,0,0,0,0
"50kmE405N265",0.000155999994603917,0.0393519997596741,0.00236400007270277,0,0,0,0.000119999996968545,0,0,0.000119999996968545,0.000395999988541007,0.104699999094009,0,0,0.00265599996782839,0,0,0.276412010192871,0,0.0899119973182678,0.0453720018267632,0,0.0923200026154518,0.151012003421783,0.134611994028091,0.00904799997806549,0.000112000001536217,0,0.00458399998024106,0,0,0,0,0,0.00252799992449582,0.000728000013623387,0,0,0,0.000387999985832721,0.0431080013513565,0,0,0,0
"50kmE410N265",0.00143599999137223,0.0942320004105568,0.00919600017368793,0.000780000002123415,0,0.000167999998666346,0.000847999996040016,0,0,0.000123999998322688,0.00197599991224706,0.334084004163742,0,0,0.00115599995478988,0.000807999982498586,0,0.0902720019221306,0,0.0296560004353523,0.0399320013821125,0,0.0540440008044243,0.0425640009343624,0.270159989595413,0.000688000000081956,0,0,0.00395199982449412,0,0,0,0,0,0.00103599997237325,0,0,0,0,0.00411600014194846,0.0187720004469156,0,0,0,0
"50kmE415N265",0.00117599999066442,0.107968002557755,0.0126000000163913,0.000356000004103407,0,0.00158399995416403,0.000247999996645376,0,0.000148000006447546,0.000288000010186806,0.00236400007270277,0.317887991666794,0,0,0,0.000260000000707805,0,0.0651080012321472,0,0.113123998045921,0.0274999998509884,0,0.0178440008312464,0.140928000211716,0.142775997519493,0.00560399983078241,0,0,0.0105640003457665,0,0,0.000872000004164875,0,0,0.000523999973665923,0,0,0,0,0.00117199996020645,0.0291039999574423,0,0,0,0
"50kmE420N265",0.0034640000667423,0.104496002197266,0.00825999956578016,0.00063999998383224,0,0.00120000005699694,0.000339999998686835,0,0,0.000339999998686835,0.00389200006611645,0.1474239975214,0,0,0.000148000006447546,0.000108000000182074,0,0.142363995313644,0,0.0733119994401932,0.0131559995934367,0,0.0290399994701147,0.0910800024867058,0.185420006513596,0.0550319999456406,0.00565600022673607,0,0.00875999964773655,0,0.0174039993435144,0.0102040003985167,0,0.000828000018373132,0.00765600008890033,0,0,0,0,0,0.0897760018706322,0,0,0,0
"50kmE425N265",0.000623999978415668,0.0670719966292381,0.00836800038814545,0.000568000017665327,0,0.000112000001536217,0.00028000000747852,0,0,0,0.00123199995141476,0.0706840008497238,0,0,0.00173999997787178,0.000112000001536217,0,0.211116001009941,0,0.00669999979436398,0.0103639997541904,0,0.0370559990406036,0.143759995698929,0.178540006279945,0.126747995615005,0.0488279983401299,0,0.0140319997444749,0,0.0188079997897148,0.0372759997844696,0,0.00028000000747852,0.00251200003549457,0,0,0,0,0.00279600010253489,0.0103919999673963,0,0,0,0
"50kmE430N265",0.000600000028498471,0.0271879993379116,0.00120800000149757,0.000315999990561977,0,0,0.000456000008853152,0.000148000006447546,0,0,0.00978800002485514,0.000967999978456646,0,0,0,0,0,0.052607998251915,0,0.00323199992999434,0.00118400005158037,0,0.0220960006117821,0.201808005571365,0.0988520011305809,0.346352010965347,0.0532200001180172,0,0.00193999998737127,0.000327999994624406,0.0503799989819527,0.121840000152588,0,0.000623999978415668,0.00251600006595254,0.000707999977748841,0,0,0,0,0.00164000003132969,0,0,0,0
"50kmE470N265",0.00271599995903671,0.0812560021877289,0.00771200004965067,0.000855999998748302,0,0.00134399998933077,0.00222399993799627,0.000948000000789762,0.000288000010186806,0.000536000006832182,0.00174400000832975,0.0850519984960556,0,0,0,0,0,0.13510000705719,0,0.105612002313137,0.0229599997401237,0,0.080435998737812,0.196375995874405,0.255364000797272,0.00932800024747849,0.00083999999333173,0,0.00660800002515316,0,0,0,0,0,0,0,0,0,0,0.000823999987915158,0.00187599996570498,0,0,0,0
"50kmE335N270",0,0.0124479932710528,0.00043618306517601,0,0.000143796612974256,0.000153383050928824,0,0,0,0,0.00144275941420346,0.00329773570410907,0,0,0,0,0,0.00219050166197121,0,0.00527254259213805,0.000297179678454995,0,0,0.00402630539610982,0.00011983051081188,0.00154821015894413,0.00257395929656923,0,0.000805261021014303,0.0011791322613135,0,0,0,0,0,0,0.000733362743631005,0.00574707146733999,0.0327281095087528,0,0,0,0,0.924856662750244,0
"50kmE340N270",0.000891999981831759,0.0751520022749901,0.0137080000713468,0.00127200002316386,0,0.000855999998748302,0.00225999997928739,0.00036000000545755,0.000119999996968545,0.000544000009540468,0.00582400010898709,0.277211993932724,0,0,0.0103200003504753,0,0,0.21993599832058,0,0.201875999569893,0.0160160008817911,0,0.0195119995623827,0.00680400012061,0.00231599994003773,0,0.00110800005495548,0,0.000376000010874122,0.000612000003457069,0,0,0,0,0.0310399997979403,0,0.00150799995753914,0,0.034876000136137,0.0029279999434948,0.00963199976831675,0,0,0.0629400014877319,0
"50kmE345N270",0.000243999995291233,0.0753040015697479,0.0164000000804663,0.000888000009581447,0,0.000216000000364147,0.00140399998053908,0.00014000000373926,0.00014000000373926,0.000576000020373613,0.00343600008636713,0.3855240046978,0,0,0.0585479997098446,0.00282400008291006,0,0.180355995893478,0,0.218960002064705,0.0211759991943836,0,0.0220120009034872,0.00284400000236928,0.00318400003015995,0.000356000004103407,0.000180000002728775,0,0,0,0,0,0,0,0.00191999995149672,0,0,0,0,0.00237599993124604,0.000991999986581504,0,0,0,0
"50kmE350N270",0.00022000000171829,0.0335440002381802,0.00520800007507205,0.000771999999415129,0,0,0.0015999999595806,0.000176000001374632,0,0,0.00166399998124689,0.394692003726959,0,0,0.0579920001327991,0.00337200006470084,0,0.178184002637863,0,0.22825600206852,0.0144480001181364,0,0.0502119995653629,0.0128359999507666,0.0117720002308488,0,0.000251999997999519,0,0.00163600000087172,0.000288000010186806,0,0,0,0,0.000103999998827931,0,0,0,0,0.000568000017665327,0.00220400001853704,0,0,0,0
"50kmE355N270",0.000536000006832182,0.0438000001013279,0.00617599999532104,0.000132000001030974,0,0.000331999995978549,0.000132000001030974,0,0,0,0.00388400000520051,0.359836012125015,0,0,0.0408239997923374,0.00541200023144484,0,0.0840480029582977,0,0.128728002309799,0.0283240005373955,0,0.175863996148109,0.0681160017848015,0.0247600004076958,0,0.00691200001165271,0,0.00772800017148256,0.00187999999616295,0,0,0,0,0,0,0,0,0,0.0110680004581809,0.00150799995753914,0,0,0,0
"50kmE360N270",0.000560000014957041,0.0730360001325607,0.0142679996788502,0.00553999980911613,0,0.00138000003062189,0.00014000000373926,0,0,0.00117599999066442,0.00306800007820129,0.47952800989151,0,0,0.0231640003621578,0.00364000000990927,0,0.0868479982018471,0,0.0684240013360977,0.0230679996311665,0,0.157039999961853,0.018783999606967,0.0195760000497103,9.20000020414591e-05,0.00350399990566075,0,0.00293600000441074,0.000612000003457069,0,0,0,0,0,0,0,0,0,0.0109799997881055,0.00263600004836917,0,0,0,0
"50kmE365N270",0.000264000002061948,0.030044000595808,0.00251200003549457,0.000331999995978549,0,0,0.00028000000747852,0.000119999996968545,0,0.000103999998827931,0.00190799997653812,0.378111988306046,0,0,0.0458960011601448,0.000368000008165836,0,0.0571120008826256,0,0.116619996726513,0.0668760016560555,0,0.222527995705605,0.0307080000638962,0.0353239998221397,0,0.000432000000728294,0,0.00270400010049343,0,0,0,0,0,0.00014000000373926,0,0,0,0,0.0033239999320358,0.00429200008511543,0,0,0,0
"50kmE370N270",0.000276000006124377,0.022859999909997,0.00366399995982647,0.00189600000157952,0,0,0.000296000012895092,0.000247999996645376,0,0.000348000001395121,0.00153200002387166,0.242252007126808,0,0,0.000904000014998019,0.00637200009077787,0,0.06267199665308,0,0.0327799990773201,0.0752160027623177,0,0.369091987609863,0.107015997171402,0.048360001295805,0,0.00212400010786951,0,0.0100560002028942,0,0,0,0,0,0.000348000001395121,0,0,0,0,0,0.0116879995912313,0,0,0,0
"50kmE375N270",0.00039999998989515,0.0220999997109175,0.00206000008620322,0.000103999998827931,0,0.000103999998827931,0,0,0,0.000132000001030974,0.000647999986540526,0.513220012187958,0,0,0.0200159996747971,0.00123199995141476,0,0.182127997279167,0,0.0290159992873669,0.0335199981927872,0,0.176052004098892,0.00564400013536215,0.00334800011478364,0,0.000148000006447546,0,0.00145600002724677,0.000912000017706305,0,0,0,0,0,0,0,0,0,0.00640399986878037,0.00135599996428937,0,0,0,0
"50kmE380N270",0.000144000005093403,0.0153799997642636,0.000595999998040497,0,0,0,0.000368000008165836,0,0,0,0.000276000006124377,0.403295993804932,0,0,9.60000033956021e-05,0,0,0.194820001721382,0,0.0105039998888969,0.0212919991463423,0,0.317099988460541,0.0179960001260042,0.00808800011873245,0,0.000432000000728294,0,0.00837200041860342,0,0,0,0,0,0,0,0,0,0,0,0.00124000001233071,0,0,0,0
"50kmE385N270",0.00023999999393709,0.016372000798583,0.00173200003337115,0,0,0.000148000006447546,0.00126399996224791,9.99999974737875e-05,0,0,0.000108000000182074,0.2534039914608,0,0,0.000264000002061948,0,0,0.320156008005142,0,0.0164880007505417,0.0268639996647835,0,0.252364009618759,0.0554520003497601,0.0410239994525909,0,0.000636000011581928,0,0.0104560004547238,0,0,0,0,0,0,0,0,0,0,0,0.0029279999434948,0,0,0,0
"50kmE390N270",0.000464000011561438,0.0248799994587898,0.00630000000819564,0.000747999991290271,0,0.000132000001030974,0.00105600000824779,0,0,0.000384000013582408,0.00150799995753914,0.381188005208969,0,0,0.000103999998827931,0.000192000006791204,0,0.16525200009346,0,0.0185320004820824,0.0133840003982186,0,0.344112008810043,0.0196599997580051,0.0162480007857084,0.00141599995549768,0.000823999987915158,0,0.00303200003691018,0,0,0,0,0,0,0,0,0,0,0,0.000584000023081899,0,0,0,0
"50kmE395N270",0,0.030052000656724,0.00321200001053512,0.000432000000728294,0,0.000560000014957041,0.000352000002749264,0.000268000003416091,0,0,0.000783999974373728,0.481296002864838,0,0,0.000151999993249774,0,0,0.126111999154091,0,0.0122199999168515,0.0132839996367693,0,0.279651999473572,0.0222120005637407,0.0158159993588924,0.000311999989207834,0.000539999979082495,0,0.00567199988290668,0,0,0,0,0,0.000203999996301718,0,0,0,0,0.00306800007820129,0.00380000006407499,0,0,0,0
"50kmE400N270",0.000247999996645376,0.0300120003521442,0.00267599988728762,0.0010039999615401,0,0.00187599996570498,0.000528000004123896,0.000327999994624406,0,0,0.000796000007539988,0.216064006090164,0,0,0,0.000923999992664903,0,0.184900000691414,0,0.113668002188206,0.0305039994418621,0,0.36379200220108,0.0134680001065135,0.0182520002126694,0.00176000001374632,0.00264799990691245,0,0.012423999607563,0,0,0,0,0,0.00031999999191612,0,0,0,0,0.000555999984499067,0.00325200008228421,0,0,0,0
"50kmE405N270",0.000872000004164875,0.0774480029940605,0.0130920000374317,0.00383200007490814,0,0.00184000004082918,0.000967999978456646,0,0.000136000002385117,0,0.00200799992308021,0.100928001105785,0,0,0,0.00255200010724366,0,0.145247995853424,0,0.115932002663612,0.0324320010840893,0,0.38808399438858,0.0388519987463951,0.0597679987549782,0.0011680000461638,0.00049200002104044,0,0.00447600008919835,0,0,0,0,0,0.000628000008873641,0.00014000000373926,0,0,0,0.000747999991290271,0.00835600029677153,0,0,0,0
"50kmE410N270",0.0024439999833703,0.118759997189045,0.0253560002893209,0.00369199994020164,0.000600000028498471,0.00266400002874434,0.00243199989199638,0.0006520000169985,0,0.00140800001099706,0.00384799996390939,0.299820005893707,0,0,0.00896400026977062,0.0164000000804663,0,0.046764001250267,0,0.0852800011634827,0.0168120004236698,0,0.248447999358177,0.0134279998019338,0.0894439965486526,0.000144000005093403,0.00157199997920543,0,0.00218000006861985,0,0,0,0,0,0.000584000023081899,0,0,0,0,0.0056520001962781,0.00265199993737042,0,0,0,0
"50kmE415N270",0.000684000027831644,0.0785199999809265,0.012427999638021,0.000547999981790781,0,9.60000033956021e-05,0.00081200001295656,0,0,0,0.00161999999545515,0.183564007282257,0,0,0.000768000027164817,0.00580399995669723,0,0.17305600643158,0,0.0179800000041723,0.00659999996423721,0,0.109756000339985,0.174731999635696,0.215279996395111,0.00107200001366436,0,0,0.00692400010302663,0,0,0,0,0,0,0,0,0,0,0.00721599999815226,0.00254000001586974,0,0,0,0
"50kmE420N270",0.000704000005498528,0.10360000282526,0.0150760002434254,0.000820000015664846,0,0.00370400003157556,0.00152799999341369,0,0.000172000000020489,0.000380000012228265,0.00537599995732307,0.407727986574173,0,0,0.00486000021919608,0.00686000008136034,0,0.0793360024690628,0,0.00879199989140034,0.00418000016361475,0,0.0828239992260933,0.0476600006222725,0.198796004056931,0.000372000009519979,0,0,0.000920000020414591,0,0,0,0,0,0.00221999990753829,0.000372000009519979,0,0,0,0.0034719998948276,0.0202479995787144,0,0,0,0
"50kmE425N270",0.00277599995024502,0.0915639996528625,0.0151399997994304,0.000284000008832663,0,0.00101200002245605,0.000427999999374151,0.00011600000289036,0,0.000108000000182074,0.00402399990707636,0.230363994836807,0,0,0.00255999993532896,0.0680679976940155,0,0.145224004983902,0,0.0450199991464615,0.00781199987977743,0,0.0482439994812012,0.05409200116992,0.0819720029830933,0,0,0,0.000752000021748245,0,0,0,0,0,0.0063999998383224,0.000468000012915581,0,0,0,0.00115200004074723,0.19242000579834,0,0,0,0
"50kmE430N270",0.00221200007945299,0.0445800013840199,0.00658399984240532,0.000296000012895092,0,0.000176000001374632,0.000859999970998615,0,0.000744000019039959,0.000415999995311722,0.00314399995841086,0.00574799999594688,0,0,0,0.000592000025790185,0,0.530160009860992,0,0.00202800007537007,0.00359200011007488,0,0.0212999992072582,0.195127993822098,0.102863997220993,0.0557000003755093,0.00203999993391335,0,0.00760400015860796,0.000192000006791204,0.00113200000487268,0.00146800000220537,0,0,0.00292399991303682,0.00198800000362098,0,0,0,0.000207999997655861,0.00632000016048551,0,0,0,0
"50kmE330N275",0,0.00441725272685289,0,0,0.00010711087816162,0.000227075055590831,0,0,0,0,0.000736922840587795,0.00416018627583981,0,0,0,0,0,0.0107367942109704,0,0.0102612217888236,0.000132817483972758,0,0.000111395311250817,0.000115679744340014,0.000175661843968555,0.00254067010246217,0.0104283150285482,0,0,0.00057411432499066,0,0,0,0,0,0,0,0,0.00110538420267403,0,0.000111395311250817,0,0,0.954057991504669,0
"50kmE335N275",0,0.0471475049853325,0.00346084451302886,0,0.000556135724764317,0.000340082973707467,0.000672164023853838,0.000124030266306363,0,0.000316077115712687,0.00386494304984808,0.0941549763083458,0,0,0,0.0001200292899739,0,0.0407779514789581,0,0.084892712533474,0.0107866320759058,0,0.0102665051817894,0.00612549483776093,0.0055853626690805,0.000304074201267213,0.00131232023704797,0,0.000128031242638826,0.000756184512283653,0,0,0,0,0.021285193040967,0,0.00473315501585603,0.0104865590110421,0.033064067363739,0.00133232504595071,0.00150436710100621,0,0.000100024408311583,0.615802228450775,0
"50kmE340N275",0.000676000025123358,0.0605400018393993,0.0128680001944304,0.00141200004145503,0.00350799993611872,0.00126000004820526,0.000928000023122877,0.000108000000182074,0,0.000444000004790723,0.00465200003236532,0.258695989847183,0,0,0,0.000495999993290752,0,0.214463993906975,0,0.270099997520447,0.0207080002874136,0,0.0395560003817081,0.0136559996753931,0.0167960003018379,0,0.00163600000087172,0,0.00232800003141165,0.000268000003416091,0,0,0,0,0.0370879992842674,0,0.000663999991957098,0,0.00822400022298098,0.0043440000154078,0.00243199989199638,0,0.0105440001934767,0.0116039998829365,0
"50kmE345N275",0.00015999999595806,0.0412399992346764,0.00974399968981743,0.000432000000728294,0,0.000243999995291233,0.00181599997449666,0,0,0.000296000012895092,0.00528800021857023,0.395799994468689,0,0,0.00615199981257319,0.00501600001007318,0,0.208212003111839,0,0.222647994756699,0.0188319999724627,0,0.0445320010185242,0.0105039998888969,0.00788000039756298,0,0.000339999998686835,0,0.0015999999595806,0.00137199996970594,0,0,0,0,0.00552400015294552,0.000384000013582408,0,0,0,0.00841999985277653,0.00356399989686906,0,0,0,0
"50kmE350N275",0.000831999990623444,0.0576200000941753,0.0156919993460178,0.000676000025123358,0,0.000744000019039959,0.00169599999208003,0.000207999997655861,0.000132000001030974,0.00174400000832975,0.00673600006848574,0.333371996879578,0,0,0.0125959999859333,0.0093599995598197,0,0.304628014564514,0,0.141883999109268,0.0292279999703169,0,0.0461720004677773,0.00834400020539761,0.0111560001969337,0,0,0,0.00242800009436905,0.0017119999974966,0,0,0,0,0.000544000009540468,0,0,0,0,0.0106319999322295,0.00186399999074638,0,0,0,0
"50kmE355N275",0.000203999996301718,0.0284359995275736,0.00556800002232194,0.000184000004082918,0,0,0.00123199995141476,0,0,0,0.00283999997191131,0.306508004665375,0,0,9.99999974737875e-05,0.0106640001758933,0,0.23241999745369,0,0.0998800024390221,0.0399679988622665,0,0.112163998186588,0.111404001712799,0.0386600010097027,0,0.00110400002449751,0,0.0054199998266995,0,0,0,0,0,0,0,0,0,0,0,0.00324400002136827,0,0,0,0
"50kmE360N275",0,0.0270119998604059,0.00193200004287064,0.000268000003416091,0,0,0.000647999986540526,0.000327999994624406,0,0,0.00143599999137223,0.572660028934479,0,0,0.00196800008416176,0.00345600000582635,0,0.138303995132446,0,0.0440680012106895,0.0296759996563196,0,0.150156006217003,0.0186279993504286,0.00347599992528558,0,0.000103999998827931,0,0.00328000006265938,0,0,0,0,0,0,0,0,0,0,0,0.00260000000707805,0,0,0,0
"50kmE365N275",0.000236000007134862,0.042943999171257,0.00657999981194735,0.000199999994947575,0,0.000495999993290752,0.000544000009540468,0,0,0.000348000001395121,0.0030280000064522,0.639248013496399,0,0,0.00242800009436905,0.00150000001303852,0,0.0112199997529387,0,0.0320160016417503,0.0227199997752905,0,0.191612005233765,0.0169319994747639,0.0139359999448061,0,0.000403999991249293,0,0.00516000017523766,0,0,0,0,0,0.00149599998258054,0,0,0,0,0.00549199990928173,0.00146000005770475,0,0,0,0
"50kmE370N275",0.000671999994665384,0.0619440004229546,0.0146679999306798,0.000859999970998615,0,0.00301199988462031,0.000936000025831163,0.000180000002728775,0.000112000001536217,0.000984000042080879,0.00480399979278445,0.267556011676788,0,0,0,0.00429600011557341,0,0.0540480017662048,0,0.0376960001885891,0.055332001298666,0,0.359423995018005,0.0732799991965294,0.034120000898838,0,0.000284000008832663,0,0.0119200004264712,0.000323999993270263,0,0,0,0,0,0,0,0,0,0.00863199960440397,0.00491600017994642,0,0,0,0
"50kmE375N275",0.000468000012915581,0.0389840006828308,0.00597199983894825,0.000432000000728294,0,0,9.60000033956021e-05,0,0,0.000600000028498471,0.00178399996366352,0.49124801158905,0,0,0,0.000311999989207834,0,0.0935000032186508,0,0.0239599999040365,0.0464520007371902,0,0.225303992629051,0.0448159985244274,0.00854399986565113,0,0.00141599995549768,0,0.00694000022485852,0.000108000000182074,0,0,0,0,0.000272000004770234,0,0,0,0,0.00370800006203353,0.00508400006219745,0,0,0,0
"50kmE380N275",0.000352000002749264,0.0360840000212193,0.00617199996486306,0.00120399997103959,0,0.000523999973665923,0.000155999994603917,0,0,0.00031999999191612,0.000907999987248331,0.530467987060547,0,0,0.00588400010019541,0.00223199999891222,0,0.0629400014877319,0,0.022859999909997,0.0388800017535686,0,0.255775988101959,0.0147719997912645,0.00975199975073338,0,0,0,0.00494799995794892,0,0,0,0,0,0.000123999998322688,0,0,0,0,0.00181599997449666,0.00382800004445016,0,0,0,0
"50kmE385N275",0,0.0171479992568493,0.00202000001445413,0,0,0,0.00142400001641363,0,0,0,0.000327999994624406,0.492751985788345,0,0,0.0265519991517067,0,0,0.0620039999485016,0,0.0269680004566908,0.0228679999709129,0,0.29900398850441,0.0276079997420311,0.0160959996283054,0,0.00067999999737367,0,0.00341999996453524,0,0,0,0,0,0,0,0,0,0,0,0.00112799997441471,0,0,0,0
"50kmE390N275",0.000112000001536217,0.01609200052917,0.00102399999741465,0.000167999998666346,0,0,0.000284000008832663,0,0,0,0.000783999974373728,0.377007991075516,0,0,0.0274080000817776,0,0,0.0462719984352589,0,0.0118479998782277,0.00640399986878037,0,0.423431992530823,0.0606600008904934,0.0168399997055531,0,0.000523999973665923,0,0.0097639998421073,0,0,0,0,0,0.000207999997655861,0,0,0,0,0,0.0011680000461638,0,0,0,0
"50kmE395N275",0.000296000012895092,0.0247239992022514,0.00324400002136827,0.000920000020414591,0,0.00319599988870323,0.000464000011561438,0,0,0.000148000006447546,0.000487999990582466,0.288035988807678,0,0,0.000192000006791204,0,0,0.304232001304626,0,0.0110799996182323,0.0166960004717112,0,0.30783599615097,0.02335200086236,0.00829599983990192,0,0.000644000014290214,0,0.00396799994632602,0,0,0,0,0,0,0,0,0,0,0,0.00218799989670515,0,0,0,0
"50kmE400N275",9.60000033956021e-05,0.0313719995319843,0.0017359999474138,0.000531999976374209,0,0,0.00014000000373926,0,0,0,0.00182400003541261,0.184975996613503,0,0,0,0.00176799995824695,0,0.297156006097794,0,0.0486800000071526,0.025747999548912,0,0.340748012065887,0.026316000148654,0.0277360007166862,0,0,0,0.00982800032943487,0,0,0.000163999997312203,0,0,0,0,0,0,0,0,0.0011800000211224,0,0,0,0
"50kmE405N275",0.00101600005291402,0.0530799999833107,0.0069280001334846,0.000980000011622906,0,0,0.00143599999137223,0,0,0.000704000005498528,0.00158000004012138,0.0328439995646477,0,0,0,0.00209599989466369,0,0.15310400724411,0,0.0668080002069473,0.0374399982392788,0,0.149724006652832,0.297919988632202,0.16687199473381,0.0103320004418492,0.00830399990081787,0,0.005107999779284,0,0.00014000000373926,0.000247999996645376,0,0,0.000163999997312203,0,0,0,0,0,0.00317199993878603,0,0,0,0
"50kmE410N275",0.00126399996224791,0.0672679990530014,0.0146639999002218,0.000387999985832721,0,0.00256399996578693,0.00182799994945526,0.000723999983165413,0,0.00049200002104044,0.00302399997599423,0.328588008880615,0,0,0.0701119974255562,0.0043919999152422,0,0.0412119999527931,0,0.0323240011930466,0.00825200043618679,0,0.167216002941132,0.113912001252174,0.112708002328873,0.00914399977773428,0.00585999991744757,0,0.00139999995008111,0,0,0.000395999988541007,0,0,0.000407999992603436,0.000232000005780719,0,0,0,0.00851999968290329,0.00310799991711974,0,0,0,0
"50kmE415N275",0.00196400005370378,0.0472479984164238,0.0118199996650219,0,0,0.000232000005780719,0,0.00028000000747852,0,0.000631999981123954,0.00328000006265938,0.0823839977383614,0,0,0.0225680004805326,0.00947200041264296,0,0.235119998455048,0,0.00276400009170175,0.00249599991366267,0,0.0873719975352287,0.41347599029541,0.0719359964132309,0.00253599998541176,0,0,0.00348399998620152,0,0,0,0,0,0,0,0,0,0,0,0.000936000025831163,0,0,0,0
"50kmE420N275",0.00242800009436905,0.0726760029792786,0.0141399996355176,0.000167999998666346,0,0.0010039999615401,0.000984000042080879,0.000364000006811693,0.00119199999608099,0.000292000011540949,0.00220400001853704,0.179783999919891,0,0,0,0.00604399992153049,0,0.288087993860245,0,0.00218799989670515,0.0017239999724552,0,0.0860640034079552,0.261635988950729,0.064071998000145,0.00712400022894144,0.000296000012895092,0,0.00621599983423948,0,0,0,0,0,0,0.000936000025831163,0,0,0,0,0.000376000010874122,0,0,0,0
"50kmE325N280",0,0.0234508104622364,0.000301510415738449,0,0.000421157426899299,0,0,0,0,0,0.0010337500134483,0.0251545831561089,0,0,0,0,0,0.00330225704237819,0,0.0349177792668343,0.00418285885825753,0,0.00533625576645136,0.000866244256030768,0.00264180568046868,0.000598234939388931,0.00188085075933486,0,0.000253651640377939,0.00123475701548159,0,0,0,0,0.00114861119072884,0,0.00111989583820105,0,0.00930375047028065,0,0.000282366905594245,0,0.00131133105605841,0.8812575340271,0
"50kmE330N280",0.000739999988581985,0.0540280006825924,0.0108279995620251,0.00039999998989515,0.000783999974373728,0.00118400005158037,0.00137199996970594,0.000232000005780719,0,0,0.00363199994899333,0.160743996500969,0,0,0,0,0,0.0371280014514923,0,0.155535995960236,0.0195920001715422,0,0.0549120008945465,0.0289639998227358,0.0419519990682602,0.00413199979811907,0.00695599988102913,0,0.00573199987411499,0.00210399995557964,0,0,0,0,0.00179600005503744,0,0.00265199993737042,0,0.0224120002239943,0,0.000419999996665865,0,0.00705600017681718,0.374711990356445,0
"50kmE335N280",0.000303999986499548,0.0539960004389286,0.0091559998691082,0.000831999990623444,0,0.000523999973665923,0.00171600002795458,0,0,0.000132000001030974,0.00212400010786951,0.39138400554657,0,0,0,0,0,0.108148001134396,0,0.198216006159782,0.0236319992691278,0,0.0518920011818409,0.0550599992275238,0.0539399981498718,6.80000011925586e-05,0.00258399988524616,0,0.00351599999703467,0,0,0,0,0,0.000307999987853691,0,0.00344799994491041,0,0.0202799998223782,0,0.00188400002662092,0,0.000647999986540526,0.0162080004811287,0
"50kmE340N280",0,0.0394759997725487,0.00710800010710955,0,0,0.000607999972999096,0.000944000028539449,0,0,0.000167999998666346,0.00221600010991096,0.359759986400604,0,0,0,0.000180000002728775,0,0.11030799895525,0,0.272583991289139,0.0282480008900166,0,0.062024001032114,0.0710079967975616,0.0230839997529984,0.00242400006391108,0.00899999961256981,0,0.00426399987190962,0,0,0,0,0,0.00168800004757941,0,0,0,0,0.000255999999353662,0.00465200003236532,0,0,0,0
"50kmE345N280",0.00112000002991408,0.0492639988660812,0.0229919999837875,0.00128399999812245,0,0.000760000024456531,0.00187200005166233,0,0.000148000006447546,0.000136000002385117,0.0041880002245307,0.397480010986328,0,0,0,0.000415999995311722,0,0.147696003317833,0,0.281688004732132,0.0256360005587339,0,0.0481519997119904,0.00786400027573109,0.00471600005403161,0,0,0,0.000508000026457012,0,0,0,0,0,0,0,0,0,0,0,0.0040799998678267,0,0,0,0
"50kmE350N280",0.000195999993593432,0.0349679999053478,0.00805199984461069,0.000587999995332211,0,0.000344000000040978,0.00359999993816018,0,0.000112000001536217,0.000228000004426576,0.00412799976766109,0.441695988178253,0,0,0,0.000384000013582408,0,0.373232007026672,0,0.0592800006270409,0.01906399987638,0,0.0464960001409054,0.00401199981570244,0.00179600005503744,0,0,0,0.000419999996665865,0,0,0,0,0,0,0,0,0,0,0,0.00140399998053908,0,0,0,0
"50kmE355N280",0.00102800002787262,0.0478559993207455,0.00888399966061115,0.00211600004695356,0,0.000495999993290752,0.00178000004962087,0,0,0,0.00406799977645278,0.415071994066238,0,0,0,0,0,0.358527988195419,0,0.0392559990286827,0.0169120002537966,0,0.052216000854969,0.0335440002381802,0.0151119995862246,0,0,0,0.00085200002649799,0,0,0,0,0,0,0,0,0,0,0,0.00227999989874661,0,0,0,0
"50kmE360N280",0,0.0289079993963242,0.00359999993816018,0,0,0,0.000300000014249235,0.00014000000373926,0,0.000184000004082918,0.00137600000016391,0.499352008104324,0,0,0,0,0,0.260547995567322,0,0.0368839986622334,0.0165359992533922,0,0.0986640006303787,0.0378360003232956,0.0123079996556044,0,0.000203999996301718,0,0.00172800000291318,0,0,0,0,0,0,0,0,0,0,0,0.00143199996091425,0,0,0,0
"50kmE365N280",0.00015999999595806,0.0228279996663332,0.00492399977520108,0.00023999999393709,0,0.00177600001916289,0.000623999978415668,0,0,0.000592000025790185,0.00109200004953891,0.818068027496338,0,0,0,0,0,0.0368199981749058,0,0.0162680000066757,0.0108200004324317,0,0.0756039991974831,0.00147999997716397,0.00425599981099367,0,0.000847999996040016,0,0.000327999994624406,0,0,0,0,0,0.00193599995691329,0,0,0,0,0,0.00133600004483014,0,0,0,0
"50kmE370N280",0.000155999994603917,0.0307759996503592,0.00595600018277764,0.000423999998020008,0,0.000576000020373613,0.00124400004278868,0,0,0,0.000276000006124377,0.885060012340546,0,0,0,0,0,0.0028800000436604,0,0.00212799990549684,0.00850799959152937,0,0.0495360009372234,0.00408799992874265,0.00555199990049005,0,2.80000003840541e-05,0,0.00206799991428852,0,0,0,0,0,0.000224000003072433,0,0,0,0,0,0.00052000000141561,0,0,0,0
"50kmE375N280",0.000432000000728294,0.057548001408577,0.00626800023019314,0.00128399999812245,0,0,0.00294800009578466,0,0,0.000236000007134862,0.0039079999551177,0.580744028091431,0,0,0,0.000180000002728775,0,0.00570400012657046,0,0.0100600002333522,0.0260000005364418,0,0.203068003058434,0.045304000377655,0.0411840006709099,0,0.000731999985873699,0,0.00584799982607365,0,0,0,0,0,0.000691999972332269,0,0,0,0,0.00275200000032783,0.005107999779284,0,0,0,0
"50kmE380N280",0.000415999995311722,0.0421920008957386,0.00648800004273653,0.00248800008557737,0,0.000176000001374632,0.00223600002937019,0,0,0.000423999998020008,0.000880000006873161,0.654796004295349,0,0,0,0.000307999987853691,0,0.00834000017493963,0,0.00942800007760525,0.0320320017635822,0,0.201608002185822,0.00328000006265938,0.0054959999397397,0,0.000547999981790781,0,0.00454800017178059,0,0,0,0,0,0,0,0,0,0,0.00560399983078241,0.0187120009213686,0,0,0,0
"50kmE385N280",0.000584000023081899,0.0509800016880035,0.00749999983236194,0.0010039999615401,0,0.000704000005498528,0.000768000027164817,0.000192000006791204,0.000148000006447546,0.000255999999353662,0.000864000001456589,0.714712023735046,0,0,0.000867999973706901,9.60000033956021e-05,0,0.0210999995470047,0,0.0106640001758933,0.0195760000497103,0,0.132492005825043,0.0148440003395081,0.00367600005120039,0,0.00126399996224791,0,0.00860800035297871,0,0,3.19999999192078e-05,0,0,0.000600000028498471,0,0,0,0,0,0.00846800021827221,0,0,0,0
"50kmE390N280",0.000112000001536217,0.0241519995033741,0.00432799989357591,0.000260000000707805,0,0.00278800004161894,0.00083999999333173,0,0,0.000167999998666346,0.0014519999967888,0.497848004102707,0,0,0.00844800006598234,0,0,0.0867720022797585,0,0.0116119999438524,0.0195119995623827,0,0.274724006652832,0.0116999996826053,0.00514800008386374,0.000407999992603436,0.001304000033997,0,0.00911599956452847,0,0,0.000119999996968545,0,0,0.0024840000551194,0,0,0,0,0.000395999988541007,0.0363080017268658,0,0,0,0
"50kmE395N280",0.000127999999676831,0.0162680000066757,0.00223600002937019,0.000132000001030974,0,0,0.00125600001774728,0,0,0.000103999998827931,0,0.392172008752823,0,0,0,0,0,0.112851999700069,0,0.00658799987286329,0.0119599997997284,0,0.401975989341736,0.0190360005944967,0.0152319995686412,0,0.000260000000707805,0,0.0197999998927116,0,0,0,0,0,0,0,0,0,0,0,0,0,0,0,0
"50kmE400N280",0.00121200003195554,0.0488720014691353,0.0116680003702641,0.00150000001303852,0,0.00298399990424514,0.00298799993470311,7.20000025467016e-05,0,0.000647999986540526,0.00273600011132658,0.257256001234055,0,0,9.99999974737875e-05,0.0129119995981455,0,0.276731997728348,0,0.0334119983017445,0.0195719990879297,0,0.275831997394562,0.00647999998182058,0.00920000020414591,0.000427999999374151,0.000607999972999096,0,0.0267040003091097,0,0.000108000000182074,0.000276000006124377,0,0,0.000184000004082918,0,0,0,0,0.00228399992920458,0.0052319997921586,0,0,0,0
"50kmE405N280",1.20000004244503e-05,0.0436599999666214,0.00530399987474084,0.00170400005299598,0,0.00162400002591312,0.00230800011195242,0.000372000009519979,0,9.60000033956021e-05,0.00198800000362098,0.232040002942085,0,0,0,0.00478400010615587,0,0.206668004393578,0,0.0360120013356209,0.0230519995093346,0,0.210096001625061,0.152503997087479,0.0534880012273788,0,0.000468000012915581,0,0.01498799957335,0,0,0.000136000002385117,0,0,0.000167999998666346,0,0,0,0,0,0.00852799974381924,0,0,0,0
"50kmE410N280",0.000508000026457012,0.0658480003476143,0.00833200011402369,0.000636000011581928,0,0.0015999999595806,0.00130000000353903,0,0.000108000000182074,0,0.000571999989915639,0.23063200712204,0,0,0.0280959997326136,0.0129079995676875,0,0.0608239993453026,0,0.0548480004072189,0.0100360000506043,0,0.120264001190662,0.274064004421234,0.109535999596119,0.00139999995008111,0.00167999998666346,0,0.0147679997608066,0,0,0.000103999998827931,0,0,0,0,0,0,0,0.000464000011561438,0.00147200003266335,0,0,0,0
"50kmE415N280",0.00249599991366267,0.083296000957489,0.0261359997093678,0.0017359999474138,0.00197599991224706,0.00172800000291318,0.000864000001456589,0.000335999997332692,0.000103999998827931,0.000460000010207295,0.00496400007978082,0.202884003520012,0,0,0.0167280007153749,0.0434000007808208,0,0.0898559987545013,0,0.0104719996452332,0.00902399979531765,0,0.133231997489929,0.286523997783661,0.0408839993178844,0.000199999994947575,0.000631999981123954,0,0.0210999995470047,0,0,0,0,0,0.000103999998827931,0,0,0,0,0.0106520000845194,0.0102120004594326,0,0,0,0
"50kmE460N280",0.00228399992920458,0.0602560006082058,0.00942400004714727,0.000904000014998019,0.000331999995978549,0.000699999975040555,0.000883999979123473,0,0,0.00151199998799711,0.00307999993674457,0.208764001727104,0,0,0,0,0,0.183715999126434,0,0.099872000515461,0.0701519995927811,0,0.0261599998921156,0.232587993144989,0.0792040005326271,0.000260000000707805,0,0,0.00249999994412065,0,0,0,0,0,0.000203999996301718,0,0,0,0,0.00994400028139353,0.00725999986752868,0,0,0,0
"50kmE465N280",0.000419999996665865,0.0338039994239807,0.00172800000291318,0,0,0,0.000387999985832721,0,0.000352000002749264,0,0.000276000006124377,0.144595995545387,0,0,0,0,0,0.0588920004665852,0,0.16525599360466,0.0788199976086617,0,0.00879599992185831,0.426800012588501,0.0657479986548424,0.000112000001536217,0,0,0.00880800001323223,0,0,0.000132000001030974,0,0,0.0014519999967888,0,0,0,0,0.00362000009045005,0,0,0,0,0
"50kmE320N285",0,0.00659518642351031,0.000108259788248688,0,0,0,0,0,0,0,0,0.0113283041864634,0,0,0,0,0,0.0014117076061666,0,0.0277145057916641,0.00214787409640849,0,0.00364185939542949,0.000177546055056155,0,0.000454691122286022,0.0153339160606265,0,0.000710184220224619,0.0004979950026609,0,0,0,0,4.33039167546667e-05,0,0.0001039294002112,0,0.00579406367614865,0,0,0,0,0.923936665058136,0
"50kmE325N285",0.000264000002061948,0.0540120005607605,0.00812000036239624,0.000155999994603917,0.000151999993249774,0.000364000006811693,0.00139200000558048,0,0,0.000403999991249293,0.001587999984622,0.327455997467041,0,0,0,0,0,0.0768679976463318,0,0.281471997499466,0.0318799987435341,0,0.0486479997634888,0.0132759995758533,0.0115360002964735,0.000368000008165836,0.0137560004368424,0,0.00630800006911159,0.00254000001586974,0,0,0,0,0.00185200001578778,0.000108000000182074,0.000744000019039959,0,0.0113120004534721,0,0.000311999989207834,0.000307999987853691,0.00594400009140372,0.098860003054142,0
"50kmE330N285",0.000103999998827931,0.0216680001467466,0.00153999996837229,0,0,0.000264000002061948,0.000264000002061948,0,0,0,0.000284000008832663,0.341324001550674,0,0,0,0,0,0.099711999297142,0,0.338348001241684,0.0457479991018772,0,0.0851920023560524,0.0164240002632141,0.0270520001649857,0,0.00641999999061227,0,0.013327999971807,0,0,0,0,0,0.000423999998020008,0,0,0,0,0,0.00190399994608015,0,0,0,0
"50kmE335N285",0.00028000000747852,0.031835999339819,0.00711600016802549,0.000568000017665327,0,0,0.000920000020414591,0,0,0,0.000655999989248812,0.531336009502411,0,0,0,0,0,0.105035997927189,0,0.185267999768257,0.0413240008056164,0,0.04670400172472,0.0167720001190901,0.0278200004249811,0,0.00119600002653897,0,0.00141599995549768,0,0,0,0,0,0,0,0,0,0,0,0.00175199995283037,0,0,0,0
"50kmE340N285",0.00014000000373926,0.0417999997735023,0.0065080001950264,0.000904000014998019,0,0.000195999993593432,0.00175199995283037,0,0,0,0.000907999987248331,0.488415986299515,0,0,0,0,0,0.112471997737885,0,0.22248800098896,0.0269639994949102,0,0.0655720010399818,0.0102880001068115,0.00992000009864569,0,0.000531999976374209,0,0.00399600015953183,0,0,0,0,0,0,0,0.000880000006873161,0,0.00330400001257658,0,0.00288400007411838,0,7.5999996624887e-05,0,0
"50kmE345N285",0.00014000000373926,0.036556001752615,0.00707199983298779,0.000176000001374632,0,0,0.00137600000016391,0,0,0,0.00193200004287064,0.329255998134613,0,0,0,0,0,0.245128005743027,0,0.284947991371155,0.0159920006990433,0,0.0527839995920658,0.00862399954348803,0.00849200040102005,0,0.000631999981123954,0,0.00253599998541176,0,0,0,0,0,0.00122400000691414,0,0.000236000007134862,0,0,0.000172000000020489,0.00272400001995265,0,0,0,0
"50kmE350N285",0.000103999998827931,0.0251480005681515,0.00344799994491041,0.00011600000289036,0,0,0.00106399995274842,0,0,0,0.000620000006165355,0.271439999341965,0,0,0,0,0,0.466928005218506,0,0.164304003119469,0.012083999812603,0,0.0335800014436245,0.00985999964177608,0.00673200003802776,0,0.000372000009519979,0,0.00268399994820356,0,0,0,0,0,0,0,0,0,0,0.000460000010207295,0.00105600000824779,0,0,0,0
"50kmE355N285",0.00047999998787418,0.0251599997282028,0.00377200008369982,0.000612000003457069,0,0.000228000004426576,0.00101600005291402,0,0,0,0.00161200005095452,0.340999990701675,0,0,0,0,0,0.421476006507874,0,0.0293240007013083,0.017408000305295,0,0.0918359979987144,0.0449279993772507,0.0160440001636744,0,0.000176000001374632,0,0.00426799990236759,0,0,0,0,0,0.00022000000171829,0,0,0,0,0,0.00044000000343658,0,0,0,0
"50kmE360N285",0.00014000000373926,0.0173439998179674,0.00192399998195469,0.000148000006447546,0,0,0.00124000001233071,9.60000033956021e-05,0,0,0.0024439999833703,0.378811985254288,0,0,0,0,0,0.370959997177124,0,0.018308000639081,0.0138240000233054,0,0.148075997829437,0.0243839994072914,0.0185679998248816,0,0,0,0.00277199991978705,0,0,0,0,0,0,0,0,0,0,0,0.00095999997574836,0,0,0,0
"50kmE365N285",0.000348000001395121,0.0518839992582798,0.0072719999589026,0.000207999997655861,0,0.000415999995311722,0.00015999999595806,0,0,0,0.00305599998682737,0.673160016536713,0,0,0,0,0,0.0414640009403229,0,0.0140239996835589,0.019964000210166,0,0.169103994965553,0.00814799964427948,0.00429200008511543,0,0,0,0.00267599988728762,0,0,0,0,0,0,0,0,0,0,0,0.00382400001399219,0,0,0,0
"50kmE370N285",0.000804000010248274,0.137303993105888,0.0204879995435476,0.00347599992528558,0,0.00162400002591312,0.000452000007499009,0,0.000260000000707805,0.00638800021260977,0.0180159993469715,0.461836010217667,0,0,0,0.000595999998040497,0,0.0296839997172356,0,0.014856000430882,0.00900399964302778,0,0.264984011650085,0.0163599997758865,0.00500399991869926,0,0.000108000000182074,0,0.00466000009328127,0,0,0,0,0,0.000503999995999038,0,0,0,0,0.00114800001028925,0.0024439999833703,0,0,0,0
"50kmE375N285",0.0357199981808662,0.30187600851059,0.0770879983901978,0.0140639999881387,0.00235600001178682,0.0106079997494817,0.00164799997583032,0.00190399994608015,0.00047999998787418,0.0296880006790161,0.0236039999872446,0.287467986345291,0,0,0,0.000744000019039959,0,0.00847200024873018,0,0.0108240004628897,0.00508400006219745,0,0.164895996451378,0.000132000001030974,0.00254400004632771,0,0.000364000006811693,0,0.00602000020444393,0,0,0,0,0,0.00241199997253716,0,0,0,0,0.00654400000348687,0.00546000013127923,0,0,0,0
"50kmE380N285",3.99999998990097e-06,0.0452480018138885,0.00407199980691075,0.000132000001030974,0,0.00160800002049655,0.00109999999403954,0,0,0,0.00215999991632998,0.722487986087799,0,0,0.00734400004148483,0.000103999998827931,0,0.0307000000029802,0,0.0128079997375607,0.00803199969232082,0,0.156959995627403,9.99999974737875e-05,0.000407999992603436,0,0,0,0.00454400014132261,0,0,0,0,0,0.000127999999676831,0,0,0,0,0,0.00206000008620322,0,0,0,0
"50kmE385N285",0.000528000004123896,0.0248119998723269,0.00470399996265769,0.000272000004770234,0,0.00460400013253093,0.00014000000373926,0,0,0,0.000260000000707805,0.702632009983063,0,0,0.0337520018219948,0.000568000017665327,0,0.0210360009223223,0,0.00850799959152937,0.00819600000977516,0,0.160127997398376,0.00267999991774559,0.00361600005999207,0,0.00528000015765429,0,0.00735200010240078,0,0,0,0,0,0.00865999981760979,0.000232000005780719,0,0,0,0,0.00203999993391335,0,0,0,0
"50kmE390N285",0,0.0294519998133183,0.00701199984177947,0.000872000004164875,0,0.000163999997312203,0.00284400000236928,0,0.000172000000020489,0,0.000783999974373728,0.735019981861115,0,0,0.00161200005095452,9.99999974737875e-05,0,0.0375799983739853,0,0.0078159999102354,0.0229359995573759,0,0.0995680019259453,0.0123319998383522,0.00211200001649559,0.000948000000789762,0.00975599978119135,0,0.0180639997124672,0,0,0.000311999989207834,0,0,0.000108000000182074,0,0,0,0,0.000112000001536217,0.0103240003809333,0,0,0,0
"50kmE395N285",0.000788000004831702,0.023080000653863,0.00341199990361929,0.00052000000141561,0,2.80000003840541e-05,0.00122400000691414,0,0,0,0.000607999972999096,0.389111995697021,0,0,0,0.000307999987853691,0,0.151176005601883,0,0.00774399982765317,0.0115200001746416,0,0.373452007770538,0.0133880004286766,0.011467999778688,0.000500000023748726,0.00014000000373926,0,0.00898800045251846,0,0,0,0,0,0.000668000022415072,0,0,0,0,0,0.00187599996570498,0,0,0,0
"50kmE400N285",0.000883999979123473,0.0562359988689423,0.0154120000079274,0.00140800001099706,0,0.00387999997474253,0.0017239999724552,0.000515999970957637,0,0.000788000004831702,0.00433199992403388,0.402480006217957,0,0,0.000264000002061948,0.0160760004073381,0,0.147231996059418,0,0.0148400003090501,0.0108040003105998,0,0.267416000366211,0.00798000022768974,0.0107359997928143,0.00028000000747852,0.00255999993532896,0,0.0135359996929765,0,0,0.000436000002082437,0,0,0.00120000005699694,0,0,0,0,0.00535999983549118,0.0136200003325939,0,0,0,0
"50kmE405N285",0.000108000000182074,0.0495119988918304,0.00694799982011318,0.00170799996703863,0,0.00155599997378886,0.00144400005228817,0.000671999994665384,0,0.000192000006791204,0.00117599999066442,0.405519992113113,0,0,0,0.00268799997866154,0,0.225424006581306,0,0.0591519996523857,0.00859600026160479,0,0.195712000131607,0.00525599997490644,0.013264000415802,0,0.0006520000169985,0,0.00695599988102913,0,0,0,0,0,0.00131199997849762,0,0,0,0,0,0.0121520003303885,0,0,0,0
"50kmE410N285",0.000112000001536217,0.0693159997463226,0.00967600010335445,0.000907999987248331,0,0.0014519999967888,0.000604000000748783,0.000112000001536217,0.000387999985832721,9.99999974737875e-05,0.0019120000069961,0.241520002484322,0,0,0,0.0137480003759265,0,0.211656004190445,0,0.0471599996089935,0.014568000100553,0,0.17119200527668,0.0729959979653358,0.137495994567871,0,0.00212000007741153,0,0.00198399997316301,0,0,0,0,0,0.000136000002385117,0,0,0,0,0,0.000844000023789704,0,0,0,0
"50kmE415N285",0.00255599990487099,0.0789240002632141,0.0212680008262396,0.000475999986520037,0.00112000002991408,0.00125199998728931,0.00174400000832975,0.000696000002790242,0.000112000001536217,0.000123999998322688,0.00457999994978309,0.267883986234665,0,0,0.0291280001401901,0.0208359993994236,0,0.0602880008518696,0,0.02789600007236,0.0089520001783967,0,0.211288005113602,0.109728001058102,0.119631998240948,0.000528000004123896,0.00198399997316301,0,0.0103040002286434,0,0,0,0,0,0.000123999998322688,0,0,0,0,0.00692400010302663,0.0116520002484322,0,0,0,0
"50kmE455N285",0,0.0205199997872114,0.00236400007270277,0,0,0,0,0.000123999998322688,0,0,0.00274399993941188,0.0193479992449284,0,0,0,0,0,0.272139996290207,0,0,0.0266679991036654,0,0.0282879993319511,0.347775995731354,0.180447995662689,0.0214079990983009,0,0,0.0691720023751259,0,0,0,0,0,0.00594000006094575,0.00269200000911951,0,0,0,0,0.000368000008165836,0,0,0,0
"50kmE460N285",0.000103999998827931,0.0239119995385408,0.00531199993565679,0.00014000000373926,0,0.00123599998187274,0.000544000009540468,0.0010039999615401,0,0,0.00330800004303455,0.164647996425629,0,0,0,0.00494799995794892,0,0.19641600549221,0,0.00155599997378886,0.0907960012555122,0,0.0186880007386208,0.32846400141716,0.0812240019440651,0.0168440006673336,0,0,0.030332000926137,0,0,0,0,0,0.00350799993611872,0.00389600009657443,0,0,0,0.000119999996968545,0.0230000000447035,0,0,0,0
"50kmE465N285",0.000251999997999519,0.0369639992713928,0.00322799989953637,0.000335999997332692,0,0,0.00225199991837144,0.000372000009519979,0.000172000000020489,0.000127999999676831,0.00187200005166233,0.212612003087997,0,0,0,0,0,0.150496006011963,0,0.0271519999951124,0.0702800005674362,0,0.00372799998149276,0.412416011095047,0.0378119982779026,0,0,0,0.00871200021356344,0,0,0,0,0,0.00613200012594461,0.000859999970998615,0,0,0,0,0.0242240000516176,0,0,0,0
"50kmE470N285",0.000307999987853691,0.0348960012197495,0.000867999973706901,0,0,0,0.000236000007134862,0,0,0.000123999998322688,0.00105600000824779,0.533659994602203,0,0,0.000172000000020489,0,0,0.0269239991903305,0,0.0205719992518425,0.0486479997634888,0,0.0193399991840124,0.246071994304657,0.0580519996583462,0,0,0,0.0059639997780323,0,0,0,0,0,0,0,0,0,0,0,0.00310799991711974,0,0,0,0
"50kmE475N285",0.000155999994603917,0.0475119985640049,0.00370400003157556,0,0,0,0.000584000023081899,0.000195999993593432,0,0,0.000243999995291233,0.67960399389267,0,0,0.0520879998803139,0.00245600007474422,0,0.00125199998728931,0,0.0136399995535612,0.0387279987335205,0,0.0803119987249374,0.0141399996355176,0.0564199984073639,0.00116400001570582,0,0,0.00407199980691075,0,0,0,0,0,0,0,0,0,0,0,0.00372799998149276,0,0,0,0
"50kmE480N285",7.20000025467016e-05,0.0539080016314983,0.00830399990081787,0.000292000011540949,0,0,0.0014639999717474,0.000364000006811693,0.0013279999839142,0,0.00227200007066131,0.530659973621368,0,0,0.0588200017809868,0.0105119999498129,0,0.0154919996857643,0,0.0358840003609657,0.0407719984650612,0,0.122239999473095,0.0369759984314442,0.0401600003242493,0.000820000015664846,0,0,0.0166239999234676,0,0,0,0,0,0.00150000001303852,0,0,0,0,0.00203599990345538,0.0195000004023314,0,0,0,0
"50kmE485N285",0,0.0580199994146824,0.00578399980440736,0.000247999996645376,0,0.000560000014957041,0.00124799995683134,0,0,0.000176000001374632,0.00329199992120266,0.443735986948013,0,0,0.00543599994853139,0.00559999980032444,0,0.0438559986650944,0,0.0152839999645948,0.073904000222683,0,0.21493199467659,0.0476999990642071,0.0587159991264343,0.00297600007615983,0,0,0.0118680000305176,0,0,0,0,0,0.00109599996358156,0,0,0,0,0.00213199993595481,0.00343600008636713,0,0,0,0
"50kmE320N290",0,0.0173182096332312,0.00092015543486923,0,0,0.000100453646155074,0.000397796451579779,0,0,0,0.00184834713581949,0.0429620146751404,0,0,0,0,0,0.00841399747878313,0,0.0582751706242561,0.0105114700272679,0,0.0034676599316299,0.000140635107527487,0,0,0.0126692140474916,0,0.000204925439902581,0.000357614975655451,0,0,0,0,0.000277252082014456,0,0.000152689550304785,0,0.0141880735754967,0,0.000462086783954874,0,0.000349578709574416,0.82698267698288,0
"50kmE325N290",0.00127600005362183,0.0657839998602867,0.0104679996147752,0.000136000002385117,0.00237599993124604,0.00272800005041063,0.000720000010915101,0.00011600000289036,0,0.000307999987853691,0.00255599990487099,0.257771998643875,0,0,0,0,0,0.0529600009322166,0,0.235587999224663,0.0234479997307062,0,0.0400560013949871,0.00716800009831786,0.00486799981445074,0.000188000005437061,0.0277839992195368,0,0.00639599980786443,0.00139999995008111,0,0,0,0,0.000395999988541007,0.0020000000949949,0.000663999991957098,0,0.0353600010275841,0,0.0024679999332875,0,0.00523999985307455,0.209775999188423,0
"50kmE330N290",0.000224000003072433,0.0498999990522861,0.00397199997678399,0,2.80000003840541e-05,0.000712000008206815,0.00123199995141476,0,0,0,0.000755999993998557,0.207384005188942,0,0,0,0,0,0.046059999614954,0,0.309536010026932,0.0474839992821217,0,0.0680800005793571,0.0111400000751019,0.0229320004582405,0.000144000005093403,0.0203360002487898,0,0.00690399995073676,0.000232000005780719,0,0,0,0,0,0,0.000123999998322688,0,0.0320280008018017,0,0.00015999999595806,0,0,0.170632004737854,0
"50kmE335N290",0.000638123659882694,0.0513830035924911,0.00545013789087534,0.000136454124003649,0.000533776415977627,0.000606016837991774,0.000525749695952982,0,0,0.000288961658952758,0.00118394009768963,0.209268450737,0,0,0,0,0,0.00858456920832396,0,0.175716787576675,0.0158848650753498,0,0.0374446138739586,0.0151263400912285,0.00664210505783558,0.000120400691230316,0.00424613105133176,0,0.000638123659882694,0.00053778977598995,0,0,0,0,0.000365215440979227,0,0.000357188720954582,0,0.0486298389732838,0.00103143265005201,0.000381268851924688,0,0.00297389714978635,0.411304831504822,0
"50kmE340N290",0.000105730134237092,0.0280669443309307,0.00292960577644408,0,0.000744516379199922,0.00102646334562451,0.000158595197717659,0,0,0,0.00268730754032731,0.111043073236942,0,0,0,0,0,0.0154762482270598,0,0.0498693808913231,0.00668302550911903,0,0.00726013584062457,0.00112338270992041,0.000127757244626991,0.000220271103898995,0.00400893436744809,0,0.000810597673989832,0.00104849052149802,0,0,0,0,0,0,0.000762138050049543,0,0.0258422065526247,0,0.000317190395435318,0,0.00161238457076252,0.738075613975525,0
"50kmE345N290",0.000123999998322688,0.0276960004121065,0.00375199993140996,0.000103999998827931,0.000195999993593432,0.000311999989207834,0.000376000010874122,0,0.000132000001030974,0,0.00243999995291233,0.0921880006790161,0,0,0,0,0,0.227336004376411,0,0.100312002003193,0.00441200006753206,0,0.0122880004346371,0.000296000012895092,0.000103999998827931,0.000547999981790781,0.00285600009374321,0,0,0.00244800001382828,0,0,0,0,0.000176000001374632,0,0.0182360000908375,0,0.100575998425484,0.00011600000289036,0.000119999996968545,0,0.000612000003457069,0.402244001626968,0
"50kmE350N290",9.99999974737875e-05,0.027208000421524,0.00687600020319223,0.000155999994603917,0,0.000112000001536217,0.000452000007499009,0,0.000172000000020489,0,0.000915999989956617,0.253711998462677,0,0,0,0,0,0.511748015880585,0,0.136600002646446,0.0133560001850128,0,0.0354040004312992,0.00759200006723404,0.00433199992403388,0,0,0,0.000844000023789704,0,0,0,0,0,0,0,0,0,0,0,0.000419999996665865,0,0,0,0
"50kmE355N290",0.000515999970957637,0.0446080006659031,0.00857200007885695,0.00067999999737367,0,0.000272000004770234,0.00240399991162121,0.000112000001536217,0,0.000180000002728775,0.00238399999216199,0.439319998025894,0,0,0,0.000224000003072433,0,0.360119998455048,0,0.035776000469923,0.0161760002374649,0,0.066431999206543,0.00746400002390146,0.0119719998911023,0,5.60000007681083e-05,0,0.00160800002049655,0,0,0,0,0,0.000348000001395121,0,0,0,0,8.3999999333173e-05,0.000691999972332269,0,0,0,0
"50kmE360N290",0.000327999994624406,0.021212000399828,0.00361600005999207,0.000188000005437061,0,0,0,0.00011600000289036,0,0,0.000928000023122877,0.361615985631943,0,0,0,0.00100799999199808,0,0.418215990066528,0,0.0226840004324913,0.012075999751687,0,0.11897200345993,0.0162080004811287,0.0195240005850792,0,0.00036000000545755,0,0.00258000008761883,0,0,0,0,0,0,0,0,0,0,0,0.000368000008165836,0,0,0,0
"50kmE365N290",0.000327999994624406,0.0793119966983795,0.011404000222683,0.000571999989915639,0,0.00270400010049343,0.00316400011070073,0.000172000000020489,0,0.000288000010186806,0.00502800010144711,0.562164008617401,0,0,0,0.000571999989915639,0,0.0415159985423088,0,0.0342600010335445,0.0126160001382232,0,0.192128002643585,0.024388000369072,0.00960000045597553,0,0.000432000000728294,0,0.00641999999061227,0,0,0,0,0,0,0,0,0,0,0.00670799985527992,0.00622399989515543,0,0,0,0
"50kmE370N290",0.000296000012895092,0.101336002349854,0.0204600002616644,0.00153600005432963,0.000644000014290214,0.000636000011581928,0.00187200005166233,0.000236000007134862,0.000303999986499548,0.00178799999412149,0.00746400002390146,0.571888029575348,0,0,0,0.000515999970957637,0,0.0472839996218681,0,0.0220359992235899,0.0175679996609688,0,0.180803999304771,0.00341999996453524,0.00158399995416403,0,0.000376000010874122,0,0.00426399987190962,0,0,0,0,0,0,0,0,0,0,0.0096079995855689,0.0040799998678267,0,0,0,0
"50kmE375N290",0.000380000012228265,0.133839994668961,0.0313440002501011,0.00494799995794892,0.000192000006791204,0.0151399997994304,0.00334800011478364,0.0014280000468716,0.00130799994803965,0.00381599995307624,0.013604000210762,0.465723991394043,0,0,0,0.00106399995274842,0,0.0180559996515512,0,0.0170040000230074,0.0131240002810955,0,0.226291999220848,0.0152000002563,0.0133520001545548,0,0.000503999995999038,0,0.00599199999123812,0,0,0,0,0,0.00304799992591143,0,0,0,0,0.00435600010678172,0.00693600019440055,0,0,0,0
"50kmE380N290",0.000380000012228265,0.0470519997179508,0.00735600013285875,0.000815999985206872,0,0,0.0030280000064522,0.00014000000373926,0.000155999994603917,0.000444000004790723,0.00242800009436905,0.568928003311157,0,0,0.00455999979749322,0.000691999972332269,0,0.0258719995617867,0,0.0154560003429651,0.00706799980252981,0,0.294620007276535,0.00530799990519881,0.00142400001641363,0,0.000276000006124377,0,0.00591599987819791,0,0,0,0,0,0.000251999997999519,0,0,0,0,0.000348000001395121,0.00748000014573336,0,0,0,0
"50kmE385N290",0.000707999977748841,0.0412920005619526,0.0111760003492236,0.00242800009436905,0,0.00196400005370378,0.000867999973706901,0.000327999994624406,0.000327999994624406,0,0.00385199999436736,0.56879597902298,0,0,0.0690679997205734,0.000127999999676831,0,0.0170399993658066,0,0.0220599994063377,0.0254599992185831,0,0.211620002985001,0.00603199983015656,0.00847600027918816,0,0.000323999993270263,0,0.00258000008761883,0,0,0,0,0,0.00110800005495548,0,0,0,0,0,0.00436400016769767,0,0,0,0
"50kmE390N290",0.000108000000182074,0.0193240009248257,0.0044680000282824,0.000151999993249774,0,0.00110400002449751,0,0.000151999993249774,0,0.000112000001536217,0.000236000007134862,0.646892011165619,0,0,0.000108000000182074,0.000444000004790723,0,0.0960920006036758,0,0.0108279995620251,0.0126200001686811,0,0.104327999055386,0.02381999976933,0.0092320004478097,0,0.0422400012612343,0,0.0255839992314577,0,0,0,0,0,0.00135999999474734,0,0,0,0,0,0.000796000007539988,0,0,0,0
"50kmE395N290",0.00044000000343658,0.0206920001655817,0.00293600000441074,8.3999999333173e-05,0,0.0015640000347048,0.000579999992623925,0,0,0.00011600000289036,0.00122800003737211,0.316783994436264,0,0,0,0.00028000000747852,0,0.257676005363464,0,0.014291999861598,0.00913599971681833,0,0.291440010070801,0.0452720001339912,0.0192959997802973,0,0.00181199994403869,0,0.0123880002647638,0,0,0,0,0,0.000176000001374632,0.000464000011561438,0,0,0,0,0.00334400008432567,0,0,0,0
"50kmE400N290",0.00109999999403954,0.104419998824596,0.0284880008548498,0.00321200001053512,0.00047999998787418,0.0017359999474138,0.00371999992057681,0.00149599998258054,0,0.000448000006144866,0.00348399998620152,0.395303994417191,0,0,0,0.00453600008040667,0,0.145868003368378,0,0.0329880006611347,0.0115560004487634,0,0.228655993938446,0.00323999999091029,0.00898800045251846,0.000368000008165836,0.00226800004020333,0,0.00744799990206957,0,0,0,0,0,0.000407999992603436,0,0,0,0,0.00298000010661781,0.00680800015106797,0,0,0,0
"50kmE405N290",0.00168800004757941,0.098580002784729,0.017400000244379,0.00127600005362183,0.000144000005093403,0,0.00239200005307794,0.000688000000081956,0.000372000009519979,0.000739999988581985,0.00232800003141165,0.257564008235931,0,0,0.00635599996894598,0.00442000012844801,0,0.193903997540474,0,0.0186199992895126,0.00874799955636263,0,0.236872002482414,0.0559879988431931,0.0730599984526634,0.00227999989874661,0.000264000002061948,0,0.00883600022643805,0,0,0,0,0,0.0024600001052022,0,0,0,0,0.00248800008557737,0.00253199995495379,0,0,0,0
"50kmE450N290",0,0.0278719998896122,0.00399600015953183,0,0,0,0.000335999997332692,0,0,0,0.00135200005024672,0.265300005674362,0,0,0,0,0,0.240383997559547,0,0.000984000042080879,0.0351120010018349,0,0.0126879997551441,0.318883985280991,0.0846839994192123,0.00134800001978874,0,0,0.00499199982732534,0,0,0,0,0,0.00067999999737367,0,0,0,0,0,0.00138799997512251,0,0,0,0
"50kmE455N290",0,0.0239799991250038,0.00277199991978705,9.99999974737875e-05,0,0.00015999999595806,0.00028000000747852,0,0,0.000123999998322688,0.00047999998787418,0.303312003612518,0,0,0,0.000923999992664903,0,0.208683997392654,0,0.000595999998040497,0.127895995974541,0,0.00478800013661385,0.275359988212585,0.036311998963356,0.00128800002858043,0,0,0.00712000019848347,0,0,0,0,0,0.000768000027164817,0,0,0,0,0,0.00505599984899163,0,0,0,0
"50kmE460N290",0,0.0297279991209507,0.00543999997898936,0.000167999998666346,0,0.000931999995373189,0.000539999979082495,0,0,0,0.0023439999204129,0.438955992460251,0,0,0,0.000103999998827931,0,0.105020001530647,0,0.00164000003132969,0.0996719971299171,0,0.00583200016990304,0.217355996370316,0.0664639994502068,0.000464000011561438,0,0,0.00818799994885921,0,0,0,0,0,0,0,0,0,0,0.00148400000762194,0.01566799916327,0,0,0,0
"50kmE465N290",0.000112000001536217,0.0343879982829094,0.00480000022798777,0.000888000009581447,0,0.000376000010874122,0.000592000025790185,0,0.000788000004831702,0.000136000002385117,0.00155599997378886,0.46917599439621,0,0,0,0,0,0.0747400000691414,0,0.00102800002787262,0.0918599963188171,0,0.00102399999741465,0.275483995676041,0.0199480000883341,0.000984000042080879,0,0,0.00728000001981854,0,0,0,0,0,0.0014280000468716,0.000880000006873161,0,0,0,0,0.0125320004299283,0,0,0,0
"50kmE470N290",0.000192000006791204,0.0342079997062683,0.00398000003769994,0.000103999998827931,0,0,0.000315999990561977,0,0,0.00044000000343658,0.000912000017706305,0.456835985183716,0,0,0,0,0,0.0770199969410896,0,0.00119600002653897,0.122071996331215,0,0.00173999997787178,0.269484013319016,0.0175400003790855,0.000460000010207295,0,0,0.0108679998666048,0,0,0,0,0,0,0,0,0,0,0,0.0026320000179112,0,0,0,0
"50kmE475N290",0,0.0544200018048286,0.0052479999139905,0.000607999972999096,0,0.00113600003533065,0.000823999987915158,0.000251999997999519,0,0.000335999997332692,0.00225999997928739,0.465840011835098,0,0,0.00241199997253716,0.00256399996578693,0,0.0222360007464886,0,0.00617199996486306,0.0819680020213127,0,0.0519639998674393,0.178103998303413,0.106720000505447,0,0,0,0.0122640002518892,0,0,0.00014000000373926,0,0,0,0,0,0,0,0,0.00453200004994869,0,0,0,0
"50kmE480N290",0.000820000015664846,0.0759079977869987,0.0144560001790524,0.00186800002120435,0,0.000888000009581447,0.00224400009028614,0,0.000216000000364147,0.000928000023122877,0.00105600000824779,0.522248029708862,0,0,0.00418400019407272,0.00617199996486306,0,0.0104799997061491,0,0.0226959995925426,0.0294199995696545,0,0.113799996674061,0.0728240013122559,0.0959440022706985,0.00163600000087172,0,0,0.0208439994603395,0,0,0,0,0,0,0,0,0,0,0,0.00136800005566329,0,0,0,0
"50kmE485N290",9.60000033956021e-05,0.0716919973492622,0.0131200002506375,0.000579999992623925,0,0.00127200002316386,0.000243999995291233,0.000255999999353662,0,0.000472000014269724,0.00196400005370378,0.361739993095398,0,0,0.00244800001382828,0.00420799991115928,0,0.0776880010962486,0,0.0151680000126362,0.0935560017824173,0,0.125476002693176,0.0632399991154671,0.142752006649971,0.000247999996645376,0,0,0.0182399991899729,0,0,0,0,0,0.00031999999191612,0,0,0,0,0,0.00522000016644597,0,0,0,0
"50kmE490N290",0,0.0475879982113838,0.00597199983894825,0.00208000000566244,0,0.000127999999676831,0.00174800003878772,0,0.00011600000289036,0,0.000432000000728294,0.0875879973173141,0,0,0,0.00083999999333173,0,0.102519996464252,0,0.00760000012814999,0.131528005003929,0,0.194555997848511,0.160275995731354,0.223723992705345,0,0,0,0.0275320000946522,0,0,0.000127999999676831,0,0,0,0,0,0,0,0.0024600001052022,0.00318400003015995,0,0,0,0
"50kmE345N295",0,0.015939999371767,0.00199200003407896,0,0,0,0.000899999984540045,0,0,0,0.00126000004820526,0.111152000725269,0,0,0,0,0,0.215599998831749,0,0.128555998206139,0.0052319997921586,0,0.0166200008243322,0.0040480000898242,0.00160399999003857,0,0.0114280004054308,0,0.000232000005780719,0.00413999985903502,0,0,0,0,0.00426399987190962,0.00304399989545345,0.00312400003895164,0,0.0315839983522892,0,0.000203999996301718,0.000176000001374632,0,0.438899993896484,0
"50kmE350N295",0.000120478543976787,0.0215335320681334,0.00225294870324433,0.000212845421629027,0.000104414735687897,0,0.00102808349765837,0,0,0.000140558302518912,0.00121683324687183,0.144505977630615,0,0,0,0.000224893272388726,0,0.365254789590836,0,0.0672511234879494,0.00338946306146681,0,0.0148911476135254,0.000297180406050757,0.00100398785434663,0,0,0,0.000220877322135493,0.00182324193883687,0.00036143561010249,0,0,0,0.00193167256657034,0,0.00120880140457302,0,0.0226419344544411,0.000497977947816253,0,0,0,0.347885817289352,0
"50kmE355N295",0.000465112185338512,0.0399689339101315,0.007933234795928,0.000412457971833646,0.00036419162643142,0.000640626240056008,0.000522154266946018,0,0,0,0.00258005643263459,0.149910926818848,0,0,0,0,0,0.0790690705180168,0,0.00568665470927954,0.00535317789763212,0,0.00796394981443882,0,0.000307149573927745,0,0.000802976719569415,0,0.00036857946543023,0.000794201041571796,0.000346640212228522,0,0,0,0.00193504220806062,0,0.00074593466706574,0,0.0204868763685226,0.000987266423180699,0.000223780400119722,0,0.000636238371953368,0.671494781970978,0
"50kmE360N295",0.00226400000974536,0.0540440008044243,0.0206400007009506,0.00134800001978874,0.00646399985998869,0.00109200004953891,0.000728000013623387,0.00039999998989515,0,0.00171999994199723,0.00455600023269653,0.361027985811234,0,0,0,0,0,0.253655999898911,0,0.0307240001857281,0.00937199965119362,0,0.0806519985198975,0.00951199978590012,0.00958000030368567,0.000148000006447546,0.00416800007224083,0,0.00251200003549457,0.000163999997312203,0,0,0,0,0.000796000007539988,0,0.00618000002577901,0,0.00384799996390939,0.00875599961727858,0.00184799998532981,0,0.0190799999982119,0.104719996452332,0
"50kmE365N295",0.000728000013623387,0.0863600000739098,0.0157479997724295,0.00208400003612041,0.00197200011461973,0.000595999998040497,0.00189600000157952,0,0.00022000000171829,0.00108800001908094,0.00302399997599423,0.452275991439819,0,0,0,0.00083999999333173,0,0.147139996290207,0,0.0472839996218681,0.0048119998537004,0,0.183668002486229,0.0215680003166199,0.00761599978432059,0,0.000844000023789704,0,0.00675200019031763,0,0,0,0,0,0,0,0,0,0,0.010219999589026,0.00326399994082749,0,0,0,0
"50kmE370N295",0.000315999990561977,0.0355679988861084,0.00315600004978478,0.000352000002749264,0,0.000228000004426576,0,0,0,0.000307999987853691,0.000563999987207353,0.492480009794235,0,0,0,0,0,0.27973198890686,0,0.0236520003527403,0.0173359997570515,0,0.12771999835968,0.00540400017052889,0.00983600039035082,0,0,0,0.0017119999974966,0,0,0,0,0,0.000456000008853152,0,0,0,0,0,0.0011800000211224,0,0,0,0
"50kmE375N295",9.60000033956021e-05,0.0492839999496937,0.00679200002923608,0.00232400000095367,0,0.000723999983165413,5.60000007681083e-05,0.000224000003072433,0,0,0.000928000023122877,0.797104001045227,0,0,0,0.000103999998827931,0,0.0109320003539324,0,0.0127159999683499,0.0189200006425381,0,0.0901840031147003,0.000928000023122877,0.00128800002858043,0,0,0,0.000783999974373728,0,0,0,0,0,0.00256399996578693,0,0,0,0,0,0.0040480000898242,0,0,0,0
"50kmE380N295",0.00168800004757941,0.0738999992609024,0.00969200022518635,0.00208400003612041,0,0.00110400002449751,0.00102800002787262,0,0,0,0.00161200005095452,0.628268003463745,0,0,0,0.000136000002385117,0,0.045244000852108,0,0.0154240000993013,0.0185679998248816,0,0.180035993456841,0.00276799988932908,0.00486399978399277,0,0,0,0.00429600011557341,0,0,0,0,0,0.00105199997778982,0,0,0,0,0,0.0082360003143549,0,0,0,0
"50kmE385N295",0.000419999996665865,0.0465640015900135,0.00480399979278445,0.000348000001395121,0,0.00157199997920543,0.000288000010186806,0.000163999997312203,0,0,0.00106000003870577,0.659012019634247,0,0,0,0.000228000004426576,0,0.13230399787426,0,0.00832800008356571,0.0135199995711446,0,0.10419200360775,0.0033160001039505,0.00458399998024106,0.0100360000506043,0.00202800007537007,0,0.00171999994199723,0,0,0,0,0,0.00419199978932738,0,0,0,0,0,0.00132000003941357,0,0,0,0
"50kmE390N295",0.0007999999797903,0.0390960015356541,0.00370000000111759,0.00121599994599819,0,0.000768000027164817,0.000335999997332692,0.000251999997999519,0.000268000003416091,0.000264000002061948,0.000768000027164817,0.221660003066063,0,0,0,0.000148000006447546,0,0.338667988777161,0,0.0228560008108616,0.0204479992389679,0,0.270568013191223,0.0519200004637241,0.0117039997130632,0,0.00102800002787262,0,0.00723200011998415,0,0,0,0,0,0.000483999989228323,0,0,0,0,0.00282800011336803,0.00298799993470311,0,0,0,0
"50kmE395N295",0.000243999995291233,0.0428440012037754,0.00330400001257658,0.000595999998040497,0,0.000595999998040497,0.000203999996301718,0,0.000460000010207295,0.000172000000020489,0.00131199997849762,0.076275996863842,0,0,0,0.000112000001536217,0,0.207312002778053,0,0.11234799772501,0.0378119982779026,0,0.215908005833626,0.0906160026788712,0.195447996258736,0,0.000376000010874122,0,0.0122480001300573,0,0,0,0,0,0.000236000007134862,0.00028000000747852,0,0,0,0,0.00129599997308105,0,0,0,0
"50kmE400N295",0.00190799997653812,0.0606199987232685,0.00638000015169382,0.00141200004145503,0,0.00176799995824695,0.00116400001570582,9.60000033956021e-05,0.000255999999353662,0.000807999982498586,0.000452000007499009,0.131007999181747,0,0,0,8.80000006873161e-05,0,0.16975599527359,0,0.134036004543304,0.060199998319149,0,0.19964399933815,0.0824839994311333,0.136399999260902,0,0.00225599994882941,0,0.00690799998119473,0,0,0,0,0,0.00022000000171829,0,0,0,0,0.000167999998666346,0.00196800008416176,0,0,0,0
"50kmE405N295",0.000883999979123473,0.0559079982340336,0.0111360000446439,0.0011399999493733,0.000148000006447546,0.00299599999561906,0.00150000001303852,0.00047999998787418,9.99999974737875e-05,0.000292000011540949,0.00236400007270277,0.222084000706673,0,0,0.0253240000456572,0.000500000023748726,0,0.225960001349449,0,0.0371080003678799,0.0202559996396303,0,0.209472000598907,0.119032002985477,0.0517159998416901,0.000508000026457012,0,0,0.00527200009673834,0,0,0,0,0,0.000296000012895092,0,0,0,0,0.00514400005340576,0.000380000012228265,0,0,0,0
"50kmE445N295",0.000948000000789762,0.0353320017457008,0.0100760003551841,0.000236000007134862,0,0.000323999993270263,0.00104799994733185,0.000112000001536217,0,0.000264000002061948,0.00233600009232759,0.272715985774994,0,0,0,0,0,0.175891995429993,0,0.000855999998748302,0.00933200027793646,0,0.00601200014352798,0.421039998531342,0.0322320014238358,0.0129359997808933,0,0,0.0106960004195571,0,0,0,0,0,0.000112000001536217,0.000415999995311722,0,0,0,0,0.00708399992436171,0,0,0,0
"50kmE450N295",0,0.0171840004622936,0.0036599999293685,0.000407999992603436,0,0,0.000284000008832663,0,0,0.000188000005437061,0.00241199997253716,0.24549999833107,0,0,0,0.000804000010248274,0,0.211411997675896,0,0.000631999981123954,0.0756120011210442,0,0.00516000017523766,0.387928009033203,0.0270319990813732,0.001304000033997,0,0,0.0154039999470115,0,0,0,0,0,0.000387999985832721,0.000595999998040497,0,0,0,0,0.00409199995920062,0,0,0,0
"50kmE455N295",0.000636000011581928,0.0478160008788109,0.00894000008702278,0.000783999974373728,0,0.000671999994665384,0.00303600006736815,0.000136000002385117,0.00014000000373926,0.000928000023122877,0.00155199994333088,0.366268008947372,0,0,0,0.000883999979123473,0,0.0615519993007183,0,0.00289599993266165,0.0651239976286888,0,0.0221280008554459,0.311363995075226,0.0877839997410774,0.00356799992732704,0,0,0.0114080002531409,0,0,0,0,0,0.00011600000289036,0,0,0,0,0.000188000005437061,0.00208000000566244,0,0,0,0
"50kmE460N295",9.60000033956021e-05,0.0683920010924339,0.00883200019598007,0.000671999994665384,0,0.000568000017665327,0.00322000007145107,0.000224000003072433,0.000251999997999519,0.00113200000487268,0.00826399959623814,0.329699993133545,0,0,0,0.000108000000182074,0,0.0781679973006248,0,0.00179600005503744,0.106192000210285,0,0.0429759994149208,0.190807998180389,0.142596006393433,0.00197200011461973,0,0,0.00463599991053343,0,0,0,0,0,0,0,0,0,0,0.00159600004553795,0.00779999978840351,0,0,0,0
"50kmE465N295",0,0.0471960008144379,0.00392800010740757,0.000199999994947575,0,0,0.000264000002061948,0,0.000407999992603436,0,0.00570800015702844,0.498560011386871,0,0,0,0.00374799990095198,0,0.0428079999983311,0,0.000964000006206334,0.0976160019636154,0,0.00482399994507432,0.211300000548363,0.061404000967741,0.00022000000171829,0,0,0.013675999827683,0,0,0,0,0,0,0,0,0,0,0.000247999996645376,0.0069280001334846,0,0,0,0
"50kmE470N295",0.000112000001536217,0.041287999600172,0.00586399994790554,0.000136000002385117,0,0.00139600003603846,0.000612000003457069,0,0,0.000119999996968545,0.00176400004420429,0.484663993120193,0,0,0,0.001475999946706,0,0.0626479983329773,0,0.00108800001908094,0.110527999699116,0,0.0059799998998642,0.228832006454468,0.0396240018308163,0.000327999994624406,0,0,0.00997199956327677,0,0,0,0,0,0,0,0,0,0,0,0.00356799992732704,0,0,0,0
"50kmE475N295",0,0.0472039990127087,0.00395999988541007,0.000763999996706843,0,0,0.000276000006124377,0.000123999998322688,0,0,0.000915999989956617,0.436899989843369,0,0,0,0.000300000014249235,0,0.0873520001769066,0,0.00164000003132969,0.105619996786118,0,0.00382800004445016,0.267172008752823,0.0358080007135868,0.000127999999676831,0,0,0.00565999979153275,0,0,0,0,0,0,0,0,0,0,0,0.00234799995087087,0,0,0,0
"50kmE480N295",0.000331999995978549,0.064191997051239,0.0100119998678565,0.00104799994733185,0,0.000207999997655861,0.000352000002749264,0,0.00023999999393709,0.000576000020373613,0.0024679999332875,0.492240011692047,0,0,0,0.00406400021165609,0,0.0617320016026497,0,0.00392800010740757,0.0507600009441376,0,0.0447800010442734,0.159520000219345,0.08958800137043,0,0,0,0.010776000097394,0,0,0,0,0,0,0,0,0,0,0,0.00318400003015995,0,0,0,0
"50kmE485N295",0,0.0562799982726574,0.00691200001165271,0.00134399998933077,0,0.00113600003533065,0.00170000002253801,0.000436000002082437,0.00119600002653897,0.000224000003072433,0.000644000014290214,0.372303992509842,0,0,0,0.00294800009578466,0,0.119695998728275,0,0.0059639997780323,0.0747959986329079,0,0.0342199988663197,0.126827999949455,0.0895040035247803,0.01609200052917,0,0,0.0852439999580383,0,0,0,0,0,0.000103999998827931,0,0,0,0,0,0.00242800009436905,0,0,0,0
"50kmE490N295",0.000136000002385117,0.0796039998531342,0.0135439997538924,0.002779999980703,0,0.00186399999074638,0.000444000004790723,0.00127600005362183,0.000123999998322688,0.00140800001099706,0.0045159999281168,0.148568004369736,0,0,0,0.000300000014249235,0,0.0882640033960342,0.000119999996968545,0.0244880001991987,0.168320000171661,0,0.0366000011563301,0.277720004320145,0.12355600297451,9.99999974737875e-05,0,0,0.0204600002616644,0,0,0,0,0,0.00015999999595806,0,0,0,0,0,0.00564800016582012,0,0,0,0
"50kmE495N295",0,0.0703919976949692,0.00339199998416007,0.000867999973706901,0,0,9.99999974737875e-05,0,0,0.000163999997312203,0.00123199995141476,0.0796080008149147,0,0,0,0,0,0.0933960005640984,0,0.0671159997582436,0.0713440030813217,0,0.0416599996387959,0.319795995950699,0.139899998903275,0.00221600010991096,0.000500000023748726,0,0.103968001902103,0,0,0,0,0,0,0,0,0,0,0,0.00434800004586577,0,0,0,0
"50kmE345N300",0.000297795049846172,0.0170665923506021,0.00494926981627941,0.000348126603057608,0.00177418743260205,0.00080111064016819,0.00044878973858431,0,0,0.000255852093687281,0.000557841442059726,0.0520805791020393,0,0,0,0,0,0.108238019049168,0,0.0378912761807442,0.00563713442534208,0,0.013480469584465,0.000440401141531765,0.00124570610933006,0.000142606077133678,0.00882899388670921,0,0,0.00162319280207157,0,0,0,0,0,0,0.000117440307803918,0,0.00723516149446368,0,0.000138411793159321,0,0,0.73640102148056,0
"50kmE350N300",0.000296940823318437,0.0068848836235702,0,0,0,0,0,0,0,0,0.000186451215995476,0.0549409575760365,0,0,0,0,0,0.0422484651207924,0,0.0103445891290903,0.00248601613566279,0,0.00714039104059339,0.00115323532372713,0.000517920008860528,0,0.000966784078627825,0,0,0.00122919690329581,0,0,0,0,0.00116014084778726,0,0,0,0.0146882124245167,0,0.000165734410984442,0,0,0.855590105056763,0
"50kmE360N300",0,0.0161134004592896,0.00184626330155879,0,0.000306688249111176,5.52038873138372e-05,0,0,0,0.000312822026899084,0.000582707696594298,0.105985328555107,0,0,0,0,0,0.0242099706083536,0,0.00683301454409957,0.000993669964373112,0,0.0194992385804653,0.000772854429669678,0.000502968730870634,0,0.000754453125409782,0,0.000177879192051478,0,0,0,0,0,0,0,0,0,0.00597428716719151,0,0.000374159688362852,0,0,0.814705073833466,0
"50kmE365N300",0.000395279726944864,0.0325950346887112,0.00366855133324862,0.000106592291558627,0.000190977851161733,0.000368631677702069,0,0,0,0,0.00151005748193711,0.250927120447159,0,0,0,0.00163441512268037,0,0.0690362751483917,0,0.0116629730910063,0.00384620507247746,0,0.0352021045982838,0.000510754704009742,0.00134572759270668,0.000248715339694172,0.000115474977064878,0,0.000315335521008819,0,0,0,0,0,0.000333100906573236,0,0,0,0.00938900373876095,0,0.00141678913496435,0,0,0.575180888175964,0
"50kmE370N300",0.00031999999191612,0.0484960004687309,0.00276799988932908,0.000668000022415072,0.000296000012895092,0.000376000010874122,0.000103999998827931,0.000195999993593432,0.000119999996968545,0.00028000000747852,0.000991999986581504,0.524456024169922,0,0,0,0,0,0.131999999284744,0,0.0181079991161823,0.00958000030368567,0,0.1015639975667,0.00714799994602799,0.00292399991303682,0,0.00124799995683134,0,0.00292399991303682,9.60000033956021e-05,0,0.00031999999191612,0,0,0.00989999994635582,0,0.00970400031656027,0,0.0238639991730452,0,0.00743199978023767,0.000251999997999519,0,0.0938640013337135,0
"50kmE375N300",0.000511999998707324,0.0575079992413521,0.00639599980786443,0.000771999999415129,0,0.00123199995141476,0,0,0.000203999996301718,0.000415999995311722,0.000912000017706305,0.737963974475861,0,0,0,0.000264000002061948,0,0.074583999812603,0,0.0135880000889301,0.0199159998446703,0,0.0681160017848015,0.000251999997999519,0.00243199989199638,0,0.000411999993957579,0,0.000936000025831163,0,0,0,0,0,0.00734400004148483,0,0,0,0,0,0.00624000001698732,0,0,0,0
"50kmE380N300",0.000728000013623387,0.0848120003938675,0.0147839998826385,0.00410800008103251,0,0.00255200010724366,0.000723999983165413,0.00047999998787418,9.99999974737875e-05,0.000600000028498471,0.00213199993595481,0.812479972839355,0,0,0,0.000103999998827931,0,0.0187999997287989,0,0.00883200019598007,0.00516799977049232,0,0.0290040001273155,0,0.000155999994603917,0,0.000127999999676831,0,0.00143599999137223,0,0,0,0,0,0.00758400000631809,0,0,0,0,0,0.00528800021857023,0,0,0,0
"50kmE385N300",0.00083999999333173,0.0931240022182465,0.0123760001733899,0.000864000001456589,0,0.000647999986540526,0.00179200002457947,0,0,0.000728000013623387,0.00151199998799711,0.392904013395309,0,0,0,0.000188000005437061,0,0.344063997268677,0,0.0179479997605085,0.00608000019565225,0,0.117159999907017,0.00415599998086691,0.00218799989670515,0,0,0,0.00190799997653812,0,0,0,0,0,0.000836000021081418,0,0,0,0,0,0.000684000027831644,0,0,0,0
"50kmE390N300",0.000311999989207834,0.105324000120163,0.00913999974727631,0.000628000008873641,0,0.000915999989956617,0.00384399993345141,0.000407999992603436,0.000395999988541007,0.000303999986499548,0.00198800000362098,0.208683997392654,0,0,0,0.000155999994603917,0,0.125771999359131,0,0.149348005652428,0.0376800000667572,0,0.246828004717827,0.0195959992706776,0.0792599990963936,0,0.000728000013623387,0,0.00262799998745322,0,0,0,0,0,0.000464000011561438,0,0,0,0,0.00166399998124689,0.00393200013786554,0,0,0,0
"50kmE395N300",0.000444000004790723,0.0808280035853386,0.00456799985840917,0.000771999999415129,0.000176000001374632,0.000376000010874122,0.00234799995087087,0,0,0,0.00772400014102459,0.141123995184898,0,0,0,0.000211999999010004,0,0.117448002099991,0,0.164764001965523,0.0641440004110336,0,0.162131994962692,0.0351479984819889,0.207916006445885,0.00150799995753914,0.000600000028498471,0,0.00509600015357137,0,0,0,0,0,0,0,0,0,0,0.00267200008966029,0,0,0,0,0
"50kmE400N300",9.31322585499005e-17,0.0586239993572235,0.00205200002528727,0.000515999970957637,0,0,0.000452000007499009,0,0,0.000123999998322688,0.0024439999833703,0.0449680015444756,0,0,0,0,0,0.246767997741699,0,0.120088003575802,0.0538079999387264,0,0.0409800000488758,0.141335994005203,0.258004009723663,0,0.000207999997655861,0,0.0197720006108284,0,0,0,0,0,0.0014639999717474,0.00757599994540215,0,0,0,0,0.000815999985206872,0,0,0,0
"50kmE405N300",0,0.0313640013337135,0.00283599994145334,0,0,0.000232000005780719,0.0011680000461638,0,0,0,0.00198399997316301,0.0872640013694763,0,0,0,0,0,0.395671993494034,0,0.00368000008165836,0.00807600002735853,0,0.134455993771553,0.256471991539001,0.0587479993700981,0.000775999971665442,0.00871200021356344,0,0.00725999986752868,0,0,0,0,0,0.000108000000182074,4.4000000343658e-05,0,0,0,0,0.00114800001028925,0,0,0,0
"50kmE445N300",0.00200399989262223,0.0547639988362789,0.0111400000751019,0.000403999991249293,0,0.000192000006791204,0.00140800001099706,0,0.000132000001030974,0.0006520000169985,0.00339199998416007,0.289903998374939,0,0,0,0,0,0.20244400203228,0,0,0.026596000418067,0,0.00621599983423948,0.370384007692337,0.0143240001052618,0.000752000021748245,0,0,0.00992000009864569,0,0,0,0,0,9.60000033956021e-05,0.000211999999010004,0,0,0,0,0.00506399990990758,0,0,0,0
"50kmE450N300",0,0.0305039994418621,0.00730799976736307,0.000260000000707805,0,0.000323999993270263,0.00917600002139807,0.00681999977678061,0.00011600000289036,0.000296000012895092,0.00223600002937019,0.0419519990682602,0,0,0,0.000899999984540045,0,0.162995994091034,0,0.00161999999545515,0.0923480018973351,0,0.0248080007731915,0.388619989156723,0.0822440013289452,0.029611999168992,0,0,0.104896001517773,0,0,0,0,0,0.000108000000182074,0.00571999978274107,0,0,0,0,0.00713599985465407,0,0,0,0
"50kmE455N300",0.00014000000373926,0.0347959995269775,0.0124559998512268,0.000984000042080879,0,1.99999994947575e-05,0.0153519995510578,0.00155599997378886,0,0.000820000015664846,0.00264000007882714,0.497027993202209,0,0,0.000155999994603917,0.0222120005637407,0,0.0658240020275116,0,0.00639599980786443,0.0863199979066849,0,0.0286159999668598,0.103104002773762,0.0917439982295036,0.00386000005528331,0,0,0.0187359992414713,0,0,0,0,0,0,5.99999984842725e-05,0,0,0,0,0.00718000018969178,0,0,0,0
"50kmE460N300",0.00309200002811849,0.115872003138065,0.0289280004799366,0.00387199991382658,0.000307999987853691,0.00549999997019768,0.00426399987190962,0.00170400005299598,0.000419999996665865,0.0114879999309778,0.00347999995574355,0.586704015731812,0,0,0.000984000042080879,0.00851599965244532,0,0.00829199980944395,0,0.0130880000069737,0.0558560006320477,0,0.0262640006840229,0.0341399982571602,0.0720959976315498,0,0,0,0.00632000016048551,0,0,0,0,0,0,9.99999974737875e-05,0,0,0,0.00691200001165271,0.00179999996908009,0,0,0,0
"50kmE465N300",0,0.0724880024790764,0.0113040003925562,0.000928000023122877,0,0.00104400003328919,0.000768000027164817,0.000272000004770234,0.000195999993593432,0.000460000010207295,0.00190399994608015,0.660968005657196,0,0,0,0.00298399990424514,0,0.00797600019723177,0,0.00466800015419722,0.0468520000576973,0,0.0564120002090931,0.0421399995684624,0.0755160003900528,0.00347999995574355,0,0,0.00365200010128319,0,0,0,0,0,0.000144000005093403,0,0,0,0,0.00237999996170402,0.0034640000667423,0,0,0,0
"50kmE470N300",5.60000007681083e-05,0.0752680003643036,0.0118279997259378,0.00163199997041374,0,0.0019000000320375,0.00137199996970594,0.000907999987248331,0.000796000007539988,0.0019120000069961,0.00247599999420345,0.606263995170593,0,0,0,0.00847200024873018,0,0.0440599992871284,0,0.00359599990770221,0.0406880006194115,0,0.0523599982261658,0.0631560012698174,0.0710640028119087,0,0,0,0.00539200007915497,0,0,0,0,0,0.00047999998787418,0,0,0,0,0,0.00632000016048551,0,0,0,0
"50kmE475N300",0,0.0511160008609295,0.00523999985307455,0.000264000002061948,0,0,0.000768000027164817,0,0,0.000103999998827931,0.00162800005637109,0.357712000608444,0,0,0,0.00114800001028925,0,0.11251600086689,0,0.00447600008919835,0.092799998819828,0,0.010088000446558,0.24219599366188,0.0915360003709793,0,0,0,0.0227400008589029,0,0,0,0,0,0.000568000017665327,0,0,0,0,0,0.00510000018402934,0,0,0,0
"50kmE480N300",0,0.0344679988920689,0.00394799979403615,0,0,0,0.000303999986499548,0,0,0,0.00149599998258054,0.0837040022015572,0,0,0,0,0,0.181012004613876,0,0.00407599983736873,0.101460002362728,0,0.0262320004403591,0.361092001199722,0.149903997778893,0.00292399991303682,0.00067999999737367,0,0.0483519993722439,0,0,0,0,0,0,0.000247999996645376,0,0,0,0,9.99999974737875e-05,0,0,0,0
"50kmE485N300",0,0.0546079985797405,0.0043919999152422,0.000103999998827931,0,0.000151999993249774,0.000796000007539988,0,9.99999974737875e-05,0.000167999998666346,0.00127200002316386,0.542756021022797,0,0,0,0.00176000001374632,0,0.0892440006136894,0,0.00269200000911951,0.068172000348568,0,0.0176120009273291,0.0970799997448921,0.0657320022583008,0,0,0,0.0496079996228218,0,0,0.000119999996968545,0,0,0,0,0,0,0,0,0.00363199994899333,0,0,0,0
"50kmE490N300",0.000255999999353662,0.153916001319885,0.0233880002051592,0.00557200005277991,0,3.60000012733508e-05,0.00431999983265996,0.0125320004299283,0.00165600003674626,0.00288800010457635,0.00381599995307624,0.365520000457764,0,0,0,0.000376000010874122,0,0.0361000001430511,0,0.0481120012700558,0.0705119967460632,0,0.0487440004944801,0.0931200012564659,0.0890719965100288,0,0,0,0.0169639997184277,0,0,0,0,0,0.00085200002649799,0,0,0,0,0.00218000006861985,0.0200679991394281,0,0,0,0
"50kmE320N305",0,0.000736874411813915,0,0,0,0.000122812401968986,0,0,0,0,3.5089258744847e-05,0.00614061998203397,0,0,0,0,0,0.00355278747156262,0,0,0,0,0,0,0,0.000403526471927762,0.00514934863895178,0,0,0,0,0,0,0,0,0,0,0,0,0,0,0,0,0.983858942985535,0
"50kmE370N305",0.00120360194705427,0.0370902605354786,0.00196440727449954,0.000776906963437796,0,0.00058368657482788,0.000877542537637055,0.00012076273560524,0,0,0.00288622942753136,0.253440737724304,0,0,0,0.000732627289835364,0,0.0910269245505333,0,0.0301947090774775,0.0072014844045043,0,0.0493718311190605,0.0107800867408514,0.000672245922032744,0,0.00951207801699638,0,0.00103050866164267,0.00229449197649956,0,0.0033411025069654,0,0,0.0108968243002892,0.00141292402986437,0.0036430093459785,0,0.0254608113318682,0,0.00220593274571002,0.000229449200560339,0.00143305119127035,0.449615776538849,0
"50kmE375N305",0.000452000007499009,0.0828799977898598,0.00829199980944395,0.000515999970957637,0,0,0.00153999996837229,0.00139200000558048,0,0.000303999986499548,0.00169199996162206,0.64274001121521,0,0,0,0,0,0.15658800303936,0,0.0253040008246899,0.00804399978369474,0,0.0673879981040955,0.000676000025123358,0.000123999998322688,0,0.000936000025831163,0,0.000123999998322688,0,0,0,0,0,0,0,0,0,0,0,0.00100799999199808,0,0,0,0
"50kmE380N305",0.00812000036239624,0.223284006118774,0.053091999143362,0.00644400017336011,0,0.00283599994145334,0.00147999997716397,0.00472800014540553,0.000883999979123473,0.00369599997065961,0.0079560000449419,0.539719998836517,0,0,0,0,0,0.0363320000469685,0,0.052267998456955,0.0158840008080006,0,0.0346999987959862,0.000560000014957041,0,0,0.00108800001908094,0,0.00313999992795289,0,0,0,0,0,0.00256399996578693,0,0,0,0,0,0.00122400000691414,0,0,0,0
"50kmE385N305",0.00104400003328919,0.185683995485306,0.013671999797225,0.00350799993611872,0,0.00175199995283037,0.00585599988698959,0.000904000014998019,0.000148000006447546,0.00110400002449751,0.00519599998369813,0.369260013103485,0,0,0,0.000352000002749264,0,0.109555996954441,0,0.14096400141716,0.0601559989154339,0,0.0779159963130951,0.00233200006186962,0.00745599996298552,0,0.00224799988791347,0,0.00428800005465746,0,0,0,0,0,0.00252799992449582,0,0,0,0,0.000752000021748245,0.0033239999320358,0,0,0,0
"50kmE390N305",0.00628399988636374,0.277579993009567,0.0277679990977049,0.00595600018277764,0,0.000899999984540045,0.00280799996107817,0.000348000001395121,0.00112399994395673,0.00931200012564659,0.0133400000631809,0.358312010765076,0,0,0,0,0,0.0454760007560253,0,0.0954200029373169,0.0661080032587051,0,0.0465280003845692,0.00441600009799004,0.0319279991090298,0,0.00425599981099367,0,0.00134800001978874,0,0,0,0,0,0,0,0,0,0,0.000376000010874122,0.000411999993957579,0,0,0,0
"50kmE395N305",0.000684000027831644,0.190520003437996,0.0088280001655221,0.00466800015419722,0,0.00529199978336692,0.00450399983674288,0,0.00014000000373926,0.000176000001374632,0.00484400009736419,0.466843992471695,0,0,0,0.0265720002353191,0,0.0240000002086163,0,0.143715992569923,0.0541799999773502,0,0.0350399985909462,0.00249999994412065,0.0226520001888275,0,0.000411999993957579,0,0.00102800002787262,0,0,0,0,0,0,0,0,0,0,0.00300400005653501,0.000395999988541007,0,0,0,0
"50kmE400N305",0.00250399997457862,0.235972002148628,0.0345400013029575,0.00294800009578466,0.000384000013582408,0.00105199997778982,0.00502800010144711,0.000663999991957098,0.00140399998053908,0.00284400000236928,0.00848800037056208,0.137856006622314,0,0,0,0.00360799999907613,0,0.138871997594833,0,0.157067999243736,0.0509120002388954,0,0.044599998742342,0.0476039983332157,0.0881799980998039,0.001587999984622,0.00303600006736815,0,0.00874799955636263,0,0,0.000112000001536217,0,0,0.000331999995978549,0.0128079997375607,0,0,0,0.00709199998527765,0.00175599998328835,0,0,0,0
"50kmE405N305",0.00130000000353903,0.112407997250557,0.0279799997806549,0.000631999981123954,0,0.00141599995549768,0.029492000117898,0.00354399997740984,0,0.00113600003533065,0.00406400021165609,0.385251998901367,0,0,0,0.00049200002104044,0,0.138512000441551,0,0.000167999998666346,0.000744000019039959,0,0.13408799469471,0.120067998766899,0.0129399998113513,0.00225199991837144,0.00377200008369982,0,0.0103759998455644,0,0,0,0,0,0,0.00173200003337115,0,0,0,0,0.00763199990615249,0,0,0,0
"50kmE450N305",0.00172800000291318,0.128792002797127,0.016499999910593,0.000980000011622906,0,0.000251999997999519,0.00139600003603846,0.000899999984540045,0,0.00144799996633083,0.00645599979907274,0.389780014753342,0,0,0,0,0,0.189344003796577,0,0,0.0029279999434948,0,0.0338359996676445,0.203096002340317,0.0172080006450415,0.000699999975040555,0,0,0.00362799991853535,0,0,0,0,0,0.00014000000373926,0.00014000000373926,0,0,0,0,0.000747999991290271,0,0,0,0
"50kmE455N305",0.000584000023081899,0.0545959994196892,0.011459999717772,0.00301199988462031,0,0,0.0155760003253818,0.00119600002653897,0,0.000755999993998557,0.00136400002520531,0.234403997659683,0,0,0.000155999994603917,0.00370800006203353,0,0.215103998780251,0,0.00279600010253489,0.0349720008671284,0,0.106795996427536,0.185228005051613,0.0560560002923012,0.00063999998383224,0,0,0.0625799968838692,0,0,0,0,0,0,0.0024840000551194,0,0,0,0,0.00653199991211295,0,0,0,0
"50kmE460N305",9.99999974737875e-05,0.0508960001170635,0.0100320000201464,0.00199200003407896,0,0,0.00101999996695668,0.000612000003457069,0.00023999999393709,0.00144799996633083,0.00125199998728931,0.163384005427361,0,0,0.000688000000081956,0.00694000022485852,0,0.173043996095657,0,0.00943600013852119,0.111483998596668,0,0.0775479972362518,0.230851992964745,0.14164799451828,0,0,0,0.00790799967944622,0,0,0,0,0,0.0006520000169985,0,0,0,0,0.00575200002640486,0.00307200010865927,0,0,0,0
"50kmE465N305",0.000356000004103407,0.0571120008826256,0.00987999979406595,0.000788000004831702,0,0.00105600000824779,0.00617599999532104,0.000815999985206872,0.000192000006791204,0.000712000008206815,0.00212799990549684,0.203664004802704,0,0,0,0.00470799999311566,0,0.119672000408173,0,0.00585999991744757,0.121696002781391,0,0.0257040001451969,0.284887999296188,0.105616003274918,0.00623599998652935,0.000579999992623925,0,0.0373639985918999,0,0,0,0,0,0.000752000021748245,0.0006520000169985,0,0,0,0,0.00339199998416007,0,0,0,0
"50kmE470N305",0.000243999995291233,0.0614919997751713,0.00338399992324412,0.000112000001536217,0,0,0.00165200000628829,0.000163999997312203,0,0.000655999989248812,0.00467200018465519,0.182779997587204,0,0,0,0.00100799999199808,0,0.149816006422043,0,0.0107559999451041,0.0930600017309189,0,0.0175759997218847,0.324304014444351,0.0975240021944046,0.00326399994082749,0.0100159998983145,0,0.0328840017318726,0,0.000747999991290271,0.0013279999839142,0,0,0,0.00011600000289036,0,0,0,0,0.0024439999833703,0,0,0,0
"50kmE475N305",0.000335999997332692,0.0657799988985062,0.00552800018340349,0.000419999996665865,0,0,0.00223600002937019,0.000584000023081899,0,0.00147200003266335,0.00283199991099536,0.359127998352051,0,0,0,0,0,0.110895998775959,0,0.0229720007628202,0.0631679967045784,0,0.0433799996972084,0.140683993697166,0.142892003059387,0.000224000003072433,0,0,0.0364239998161793,0,0.000660000019706786,0,0,0,0,0,0,0,0,0,0.000384000013582408,0,0,0,0
"50kmE480N305",0.000255999999353662,0.0547080002725124,0.00310000008903444,0.000432000000728294,0,0,0.00266400002874434,0,0,0.0011800000211224,0.00253199995495379,0.680555999279022,0,0,0,0.000228000004426576,0,0.0293160006403923,0,0.00844800006598234,0.0354800000786781,0,0.070263996720314,0.0238639991730452,0.0628319978713989,0,0,0,0.00638400018215179,0,0,0,0,0,0.000752000021748245,0,0,0,0,0,0.0170040000230074,0,0,0,0
"50kmE315N310",0,0.000172404179465957,0,0,0,0.000131838489323854,0,0,0,0,0.000339737627655268,0.00241365842521191,0,0,0,0,0,0.00083666731370613,0,0,0.00128796056378633,0,0,0,0,0.00129810208454728,0.00206377939321101,0,0,0,0,0,0,0,0,0,0,0,0,0,0,0,0,0.991455852985382,0
"50kmE320N310",0.00014811079017818,0.0156316924840212,0.00199349108152092,0,0.000116086834168527,0.00208155694417655,0.000488365301862359,0,0,0,0.00199349108152092,0.181163504719734,0,0,0,0,0,0.0754884630441666,0,0.000180134738911875,0.0025499074254185,0,0.00840628799051046,0.000224167670239694,0.00401900615543127,0.00171728455461562,0.0305988881736994,0,0,0,0,0.000380284443963319,0,0,0.000184137737960555,0,0.000348260509781539,0,0.0025499074254185,0,0.000800598820205778,0,0.00125694018788636,0.66767942905426,0
"50kmE325N310",0.000308852439047769,0.023260198533535,0.00365408533252776,0.00060166057664901,0.000453250977443531,0.00165657210163772,0.0121575547382236,0,0,0,0.00568769825622439,0.264305472373962,0,0,0,0,0,0.125542491674423,0,0.000481328461319208,0.00602863915264606,0,0.0285147000104189,0.00640567950904369,0.0128274038434029,0.00234246510080993,0.0193413831293583,0,2.00553531612968e-05,0,0,0.000224619958316907,0,0,0,0.000629738089628518,0.000104287835711148,0,0.00342144328169525,0,0.00137579720467329,0,0.00433195615187287,0.476322650909424,0
"50kmE330N310",0.00194400001782924,0.0344199985265732,0.00472400011494756,0,0.00139999995008111,0.000288000010186806,0.00536399986594915,0,0.000384000013582408,0.00165200000628829,0.00618000002577901,0.209999993443489,0,0,0,0,0,0.184239998459816,0,0.000380000012228265,0.00371200009249151,0,0.0223399996757507,0.0109999999403954,0.0150760002434254,0.0543639995157719,0.0467600002884865,0,0.00179999996908009,0,0,0,0,0,0.000172000000020489,0.02653600089252,0.000511999998707324,0,0.00871600024402142,0.000804000010248274,0.000468000012915581,0,0.0049519999884069,0.35181200504303,0
"50kmE335N310",0.000527011463418603,0.0380298271775246,0.00166178611107171,0.000114752496301662,0.000114752496301662,0,0.00356157752685249,0,0,0.000225254902034067,0.00657064281404018,0.153530344367027,0,0,0,0,0,0.103005237877369,0,0.000471760256914422,0.00427984306588769,0,0.0147988218814135,0.0130562838166952,0.0128650302067399,0.00119002582505345,0.0159463472664356,0,0.000382508325856179,0.000909519789274782,0,0,0,0,0.000871268974151462,0,0.00120702630374581,0,0.00505761010572314,0,0.00023800517374184,0.000306006666505709,0.00436059478670359,0.616718173027039,0
"50kmE340N310",0.000441545591456816,0.0183097440749407,0.00106546876486391,0,0.000753507192712277,0,0.000753507192712277,0,0,0.000153581073391251,0.00220772810280323,0.103028908371925,0,0,0,0,0,0.0736853256821632,0,0,0.00123824749607593,0,0.00627282727509737,0.000225572206545621,0.000695914262905717,0.00177098182030022,0,0,0.000398350908653811,0.00150701438542455,0.000575929065234959,0.000436746195191517,0,0,0.000331159215420485,0,0.000489539699628949,0,0,0,0,0.00240450375713408,0.000244769849814475,0.783009111881256,0
"50kmE345N310",0.000736857356969267,0.0534040406346321,0.00942211039364338,0,0.000169114806340076,0.00124017521739006,0.00363999488763511,0,0.000112743204226717,0.00111535238102078,0.00782357342541218,0.123691372573376,0,0,0,0,0,0.101722553372383,0,0.000644246872980148,0.00499291345477104,0,0.0114756477996707,0.0134003348648548,0.0186509471386671,0.000986502971500158,0.033533051609993,0,0.00499291345477104,0.000330176524585113,0,0.000157035174197517,0,0,0.000632167269941419,0,0.00304003991186619,0,0.00035433578887023,0,0.000684512313455343,0,0.000853627105243504,0.602193653583527,0
"50kmE350N310",0.000640473968815058,0.0711166262626648,0.0094630029052496,0.000364269566489384,0.00387486745603383,0.000780577654950321,0.000596441386733204,0,0.000356263626599684,0.00129695970099419,0.00883453711867332,0.0969277247786522,0,0,0,0.000516382104251534,0,0.115253284573555,0,0,0.00120489159598947,0,0.0371114611625671,0.00943498220294714,0.0227328222244978,0.00430318433791399,0.0310269594192505,0,0.000524388044141233,0.000716530252248049,0.00047234955127351,0,0,0,0.00154914637096226,0,0.00526789808645844,0,0.0095310527831316,0.000252186611760408,0.000260192551650107,0,0.00175730045884848,0.563833236694336,0
"50kmE355N310",0.000882201187778264,0.0516670271754265,0.00417797174304724,0,0.000133162437123246,0.000441100593889132,0.00192253279965371,0.000199743662960827,0.000320422113873065,0.000337067438522354,0.00976663269102573,0.180247843265533,0,0,0,0.00320422113873065,0,0.109222330152988,0,0.000183098352863453,0,0,0.0339522622525692,0.00323335058055818,0.0140652833506465,0,0.000998718314804137,0,0.000536811072379351,0.00054513372015208,0,0,0,0,0,0,0.00423623016104102,0,0.00967092253267765,0,0.000341228762408718,0,0.000145646423334256,0.569569051265717,0
"50kmE360N310",0.00155958579853177,0.0567279234528542,0.00245192623697221,0.000265290378592908,0.0013224323047325,0,0.000148723396705464,0,0.000237153508351184,0.000514502520672977,0.00954241398721933,0.142605632543564,0,0,0,0,0,0.28645732998848,0,0,0.00103302462957799,0,0.0301546715199947,0.00219467491842806,0.00762508856132627,0.000707441009581089,0.00178066117223352,0,0,0.000373818242223933,0.000253231730312109,0,0,0,0.000759695132728666,0,0,0,0.000884301261976361,0,0.000422052864450961,0,4.82346149510704e-05,0.451930195093155,0
"50kmE365N310",0.000471066916361451,0.0269550327211618,0.00161329994443804,0.00112138933036476,0,0.000300148822134361,0.000471066916361451,0,0.00038352349656634,0.000262630230281502,0.00645736837759614,0.152338027954102,0,0,0,8.33746744319797e-05,0,0.150833114981651,0,0,0,0,0.0215648598968983,0.00213022297248244,0.0131523543968797,0.000792059407103807,0.000429379579145461,0,0,0.00983404275029898,0.000208436686079949,0,0,0,0.000591960153542459,0,0.000737865862902254,0,0.00463563203811646,0,0.00334749324247241,0,0,0.601285636425018,0
"50kmE370N310",0.00100340752396733,0.0228455830365419,0.00217137392610312,0.00360424001701176,0.00187035172712058,0,0.00348383118398488,0,0,0.000598030921537429,0.000565921887755394,0.102142877876759,0,0,0,0,0,0.0392733737826347,0,0.0153722036629915,0.00144490692764521,0,0.0139152565971017,0.000184626987902448,0,0.000594017270486802,0.00203089695423841,0,0.000746535253711045,0.000658235396258533,0.00018864062440116,0.000545853690709919,0,0,0.000353199458913878,0,0,0,0.0106802703812718,0,0.00022074967273511,0,0,0.775505602359772,0
"50kmE375N310",0.00249999994412065,0.0462759993970394,0.0127640003338456,0.00165999995078892,0.00762799987569451,0.000260000000707805,0.000747999991290271,0,0,0.000311999989207834,0.0022960000205785,0.452340006828308,0,0,0,0,0,0.0266999993473291,0,0.0204440001398325,0.00335599994286895,0,0.0249080006033182,0.000568000017665327,0,0.000356000004103407,0.00468399981036782,0,0.000607999972999096,0.00104000000283122,0,0.00142400001641363,0,0,0.00438399985432625,0,0.00112399994395673,0,0.0157919991761446,0.000255999999353662,0.0034719998948276,0,0,0.364100009202957,0
"50kmE380N310",0.00239200005307794,0.12134800106287,0.0213079992681742,0.00240799994207919,0.00138799997512251,0.00261999992653728,0.00081200001295656,0,0.000112000001536217,0.000456000008853152,0.00756399985402822,0.387208014726639,0,0,0,0.000432000000728294,0,0.078004002571106,0,0.248375996947289,0.0113159995526075,0,0.00748400017619133,0.00173999997787178,0.00406400021165609,0.000996000017039478,0.00386000005528331,0,0.000284000008832663,0.00230000005103648,0,0,0,0,0,0,0,0,0.00453200004994869,0.000315999990561977,0.0015760000096634,0,0.000228000004426576,0.0868759974837303,0
"50kmE385N310",0.00191999995149672,0.19922000169754,0.0259799994528294,0.00277199991978705,0.00379600003361702,0.000523999973665923,0.000444000004790723,0,0.000867999973706901,0,0.00603599986061454,0.257403999567032,0,0,0,0.000592000025790185,0,0.0930719971656799,0,0.309347987174988,0.0607040002942085,0,0.0101279998198152,0.00516799977049232,0.0101199997588992,0.000163999997312203,0.00301999994553626,0,0.000195999993593432,0.000119999996968545,0,0,0,0,0.000939999998081475,0,0,0,0,0.00395199982449412,0.00262799998745322,0,0.000883999979123473,0,0
"50kmE390N310",0.00569600006565452,0.283071994781494,0.0446080006659031,0.0124679999426007,0.0168120004236698,0.00422800006344914,0.000292000011540949,0.000495999993290752,0.00178399996366352,0.00629599997773767,0.0135080004110932,0.159792006015778,0,0,0,0.000720000010915101,0,0.0661119967699051,0,0.190075993537903,0.0992759987711906,0,0.0297800004482269,0.00960000045597553,0.0163599997758865,0.000775999971665442,0.00755999982357025,0,0.00155199994333088,0,0,0,0,0,0.00135599996428937,0,0.000875999976415187,0,0.000315999990561977,0.00224400009028614,0.0123960003256798,0,0.0119479997083545,0,0
"50kmE395N310",0.000684000027831644,0.229284003376961,0.0350079983472824,0.00233999988995492,0,0.000783999974373728,0.000663999991957098,0.000364000006811693,0.000587999995332211,0.000704000005498528,0.00980000011622906,0.0699879974126816,0,0,0,0.00485200015828013,0,0.126560002565384,0,0.191484004259109,0.106923997402191,0,0.0376439988613129,0.0991119965910912,0.0420479997992516,6.80000011925586e-05,0.0147559996694326,0,0.0104839997366071,0.000644000014290214,0,0,0,0,0.00201599998399615,0,0,0,0,0.00358400004915893,0.00961599964648485,0,0,0,0
"50kmE400N310",0.000272000004770234,0.138559997081757,0.0310079995542765,0.00196000002324581,0.000747999991290271,0.0046879998408258,0.00609199982136488,0.00123599998187274,0.00148400000762194,0.000859999970998615,0.0101800002157688,0.22146800160408,0,0,0,0.000184000004082918,0,0.0564239993691444,0,0.252472013235092,0.0544200018048286,0,0.0219080001115799,0.0930399969220161,0.0498679988086224,0.00189600000157952,0.0182799994945526,0,0.005044000223279,0.000855999998748302,0,0,0,0,0.00143199996091425,0.00528000015765429,0,0,0,0.00701599987223744,0.013323999941349,0,0,0,0
"50kmE405N310",0.00846000015735626,0.188227996230125,0.0568599998950958,0.00476799998432398,0.00166800001170486,0.00397600000724196,0.0137400003150105,0.00182400003541261,0.000199999994947575,0.00781199987977743,0.0141639998182654,0.510339975357056,0,0,0,0.00121200003195554,0,0.0500600002706051,0,0.00545200007036328,0.00487199984490871,0,0.0679199993610382,0.0308200009167194,0.00657599978148937,0.000216000000364147,0.00248000002466142,0,0.00298799993470311,0,0,0,0,0,0,0,0,0,0,0.00803199969232082,0.00733199995011091,0,0,0,0
"50kmE460N310",0.000251999997999519,0.070932000875473,0.00776800001040101,0.000148000006447546,0,0.00120399997103959,0.00302399997599423,0.000103999998827931,0,0.000472000014269724,0.00212000007741153,0.399044007062912,0,0,0,0.00101600005291402,0,0.180063992738724,0,0.00109599996358156,0.0137080000713468,0,0.020524000748992,0.245460003614426,0.0328399986028671,0.000251999997999519,0.000144000005093403,0,0.000828000018373132,0,0,0,0,0,0.000723999983165413,0,0,0,0,0.000503999995999038,0.0177720002830029,0,0,0,0
"50kmE465N310",0.000508000026457012,0.0718879997730255,0.00543999997898936,0.000920000020414591,0,0.000127999999676831,0.00803199969232082,0.000783999974373728,0,0.000967999978456646,0.00309200002811849,0.40855199098587,0,0,0,0.000448000006144866,0,0.113219998776913,0,0.00956400018185377,0.033415999263525,0,0.0314360000193119,0.194836005568504,0.091728001832962,0.000211999999010004,0,0,0.0121360002085567,0,0,0,0,0,0.000587999995332211,0,0,0,0,0,0.0121039999648929,0,0,0,0
"50kmE325N315",0,0.00580246420577168,0,0,0,0,0.0011575868120417,0,0,0,0.00271233730018139,0.0830120518803596,0,0,0,0,0,0.106342993676662,0,0,0.000464972108602524,0,0.00536655308678746,0.00319183967076242,0,0.00339042162522674,0.0263871662318707,0,0.00114305643364787,0,0.000203425297513604,0.00038747675716877,0,0,0,0.00167583697475493,0.000392320216633379,0,0.0033855780493468,0,0.000406850595027208,0,0.000983222271315753,0.753593862056732,0
"50kmE330N315",0,0.0110680004581809,0.00176799995824695,0,0,9.99999974737875e-05,0.00152399996295571,0,0,0,0.00378799997270107,0.318203985691071,0,0,0,0,0,0.450724005699158,0,0,0.0108679998666048,0,0.0262759998440742,0.020516000688076,0.014852000400424,0.0125639997422695,0.0229119993746281,0,0.00750799989327788,0.00011600000289036,0.000268000003416091,0.000495999993290752,0,0,0,0.0347680002450943,0,0,0.00283999997191131,0,0.00166800001170486,0,0.000991999986581504,0.0561800003051758,0
"50kmE335N315",0.000384000013582408,0.0252759996801615,0.00370800006203353,0.000508000026457012,0,0.0017119999974966,0.000415999995311722,0.000184000004082918,0.00011600000289036,0.0014519999967888,0.00560399983078241,0.32558399438858,0,0,0,0,0,0.521459996700287,0,0.00114399997983128,0.00945200026035309,0,0.0304879993200302,0.0191479995846748,0.0263720005750656,0.0110440002754331,0.0087679997086525,0,0.00504000019282103,0,0,0,0,0,0.000620000006165355,0,0.000547999981790781,0,0.000172000000020489,0,0.0007999999797903,0,0,0,0
"50kmE340N315",0,0.0414160005748272,0.00519599998369813,0.000207999997655861,0,0.00138799997512251,0.000456000008853152,0.000468000012915581,0.000195999993593432,0.000515999970957637,0.00993600022047758,0.387172013521194,0,0,0,0.000899999984540045,0,0.489051997661591,0,0,0.00560799986124039,0,0.024855999276042,0.010768000036478,0.00871600024402142,0.00102800002787262,0.00267599988728762,0,0.00251600006595254,0,0,0,0,0,0,0.00541200023144484,0,0,0,0.000119999996968545,0.000804000010248274,0,0.000592000025790185,0,0
"50kmE345N315",0.000260000000707805,0.0299040004611015,0.00331200007349253,0.000352000002749264,0,0,0.00324400002136827,0,0.000419999996665865,0.00190399994608015,0.0103559996932745,0.432972013950348,0,0,0,0,0,0.361279994249344,0,0.000167999998666346,0.00134399998933077,0,0.0399999991059303,0.0132039999589324,0.0194959994405508,0.073912002146244,0.00494399992749095,0,0.00153200002387166,0,0,0,0,0,0,0,0,0,0,0,0.00139600003603846,0,0,0,0
"50kmE350N315",0.000660000019706786,0.0701799988746643,0.0106960004195571,0.000600000028498471,0.00168800004757941,0.00290800002403557,0.000108000000182074,0.000176000001374632,0.000780000002123415,0.000931999995373189,0.0171840004622936,0.499031990766525,0,0,0,0.000260000000707805,0,0.23989200592041,0,0.00081200001295656,0.00135599996428937,0,0.0553160011768341,0.0152719998732209,0.0326559990644455,0.0282480008900166,0.0188880003988743,0,0.000103999998827931,0,0,0,0,0,0.000255999999353662,0,0.000696000002790242,0,0,0,0,0,0,0.00130000000353903,0
"50kmE355N315",0.00176000001374632,0.139640003442764,0.0105640003457665,0.000352000002749264,0.000180000002728775,0.00401599984616041,0.00291600008495152,0.000311999989207834,0.00108800001908094,0.0087679997086525,0.0441160015761852,0.240428000688553,0,0,0,0.00192399998195469,0,0.301140010356903,0,0.000300000014249235,0.00354800000786781,0,0.109655998647213,0.0468080006539822,0.0503639988601208,0.000151999993249774,0.0249480009078979,0,0.00359599990770221,0,0,0,0,0,0,0.000103999998827931,0,0,0,0,0.00331999990157783,0,0,0,0
"50kmE360N315",0.00564400013536215,0.254687994718552,0.0171119999140501,0.00203200010582805,0,0.00405200012028217,0.00273600011132658,0.000975999981164932,0.00178399996366352,0.0319119989871979,0.0495840013027191,0.181163996458054,0,0,0,0.00342800002545118,0,0.302747994661331,0,0,0.00220800004899502,0,0.0766599997878075,0.00762799987569451,0.039792001247406,0,0.00617199996486306,0,0.000243999995291233,0,0,0,0,0,0.000984000042080879,0,0,0,0.00039999998989515,9.20000020414591e-05,0.00427199993282557,0,0.00368799990974367,0,0
"50kmE365N315",0.00139200000558048,0.0856719985604286,0.0193280000239611,0.00421199994161725,0.00211200001649559,0.000419999996665865,0.00232800003141165,0.000704000005498528,0.00311199994757771,0.00205200002528727,0.015192000195384,0.320760011672974,0,0,0,0.0287200007587671,0,0.193939998745918,0,0,0,0,0.0529480017721653,0.00270400010049343,0.0150600001215935,0.000384000013582408,0.000276000006124377,0,0.000483999989228323,0,0,0,0,0,0.0300239995121956,0,0.00564000010490417,0,0.0618400014936924,0,0.00300400005653501,0,0.0483799986541271,0.099311999976635,0
"50kmE370N315",0.00054115237435326,0.0289950259029865,0.00306102214381099,0,0.000210677637369372,0.00175151601433754,0.000272641656920314,0.00026024883845821,0.000243725109612569,0.000408962485380471,0.00805532187223434,0.158925294876099,0,0,0,0.00321799772791564,0,0.0361663289368153,0,0,0,0,0.00869148503988981,0.000904674583580345,0.00292470143176615,0,0.000185892029548995,0,0.000161106436280534,0,0,0,0,0,0.00108230474870652,0,0.000256117898970842,0,0.00625836523249745,0,0.00076422281563282,0,0,0.736661195755005,0
"50kmE380N315",0.000375014496967196,0.00904807727783918,0.00139096286147833,0.000688662985339761,0.00724118901416659,0,0,0,0.00170461134985089,0,0.00197053072042763,0.0172847583889961,0,0,0,0,0,0.0104799503460526,0,0.0146528389304876,6.81844539940357e-05,0,0,0.000852305674925447,0.000450017396360636,0,0.00117277260869741,0,0.000279556261375546,0.00128868618048728,0,0,0,0,0,0,0,0,0.00500473892316222,0.000818213447928429,0.00174552202224731,0,0,0.923483431339264,0
"50kmE385N315",0.000315999990561977,0.0292879994958639,0.00899599958211184,0.00229199999012053,0.00552400015294552,0.000136000002385117,0,0,0.00292399991303682,0.00174400000832975,0.0122999995946884,0.28617200255394,0,0,0,0.00150000001303852,0,0.0143480002880096,0,0.0352320000529289,0.00171600002795458,0,0.00570800015702844,0.00181199994403869,0.000712000008206815,0.0139600001275539,0.000148000006447546,0,0.00267200008966029,0.00402799993753433,0,0,0,0,0.00740800006315112,0,0.00320399994961917,0,0.022019999101758,0.00139999995008111,0.0136360004544258,0,0.0614200010895729,0.459383994340897,0
"50kmE390N315",0,0.0639920011162758,0.0198599994182587,0.00348399998620152,0.00905600003898144,0.00115999998524785,0.000151999993249774,0.000899999984540045,0.00310000008903444,0.00126399996224791,0.00640399986878037,0.391155987977982,0,0,0,0.00322799989953637,0,0.0312239993363619,0,0.132579997181892,0.00863599963486195,0,0.00584399979561567,0.0326999984681606,0.0116119999438524,0.0138520002365112,0.00672800000756979,0,0.0020479999948293,0.000595999998040497,0,0,0,0,0.0168200004845858,0,0.0143280001357198,0,0.0470839999616146,0.0329280011355877,0.0548800006508827,0,0.032820001244545,0.0515640005469322,0
"50kmE395N315",0,0.111660003662109,0.0314560011029243,0.0037839999422431,0.00114399997983128,0.00383999990299344,0.000243999995291233,0.000339999998686835,0.00192399998195469,0.000888000009581447,0.0174480006098747,0.122968003153801,0,0,0,0.000475999986520037,0,0.15250800549984,0,0.31903201341629,0.0416840016841888,0,0.0155720002949238,0.0733560025691986,0.0361360013484955,0.0107159996405244,0.0104839997366071,0,0.000415999995311722,0.00196800008416176,0,0,0,0,0.0119839999824762,0,0,0,0,0.0196920000016689,0.0102800000458956,0,0,0,0
"50kmE400N315",0,0.120728000998497,0.0306160002946854,0.00206000008620322,0,0.005107999779284,0.00198399997316301,0.000211999999010004,0.00126000004820526,0.00274399993941188,0.0132839996367693,0.0599999986588955,0,0,0,0,0,0.0981440022587776,0,0.448215991258621,0.0365400016307831,0,0.0178679991513491,0.0963200032711029,0.0285759996622801,0.00412799976766109,0.0105799995362759,0,0.000419999996665865,0.000123999998322688,0,0,0,0,0.000691999972332269,0.00484000006690621,0,0,0,0.0078320000320673,0.00772400014102459,0,0,0,0
"50kmE405N315",0.00508800009265542,0.105839997529984,0.0353239998221397,0.00153600005432963,0.0013399999588728,0.00176000001374632,0.00434800004586577,0.0021720000077039,0.000571999989915639,0.00320399994961917,0.00950399972498417,0.440459996461868,0,0,0,0.000352000002749264,0,0.2100919932127,0,0.0178999993950129,0.00456399982795119,0,0.054467998445034,0.0490280017256737,0.0127600003033876,0.000423999998020008,0.00221200007945299,0,0.00158399995416403,0,0,0,0,0,0.000148000006447546,0,0,0,0,0.0163240004330873,0.018996000289917,0,0,0,0
"50kmE330N320",0.000372000009519979,0.00754800019785762,0.000964000006206334,0,0,0.000923999992664903,0,0,0,0,0.00331200007349253,0.0270719993859529,0,0,0,0,0,0.0642199963331223,0,0.000715999980457127,0.000587999995332211,0,0.00663599977269769,0.000268000003416091,0.00095999997574836,0.000511999998707324,0.0054959999397397,0,0.000348000001395121,0,0.000284000008832663,0,0,0,0,0,0.000460000010207295,0,0.00675200019031763,0,0,0,0.00320399994961917,0.869364023208618,0
"50kmE335N320",0,0.0229519996792078,0.00561199989169836,0.000300000014249235,0,0.00157199997920543,0.00258799991570413,0,0.000723999983165413,0.00125600001774728,0.00375599996186793,0.0578560009598732,0,0,0,0,0,0.214819997549057,0,0,0.00324800005182624,0,0.0186720006167889,0.0128520000725985,0.00129199994262308,0.0434040017426014,0.0265839993953705,0,0.00260000000707805,0,0,0,0,0,0,0,0.000752000021748245,0,0.00733199995011091,0,0.00063999998383224,0,0,0.571187973022461,0
"50kmE340N320",0.00101200002245605,0.0998319983482361,0.022112000733614,0.00203999993391335,0.0059639997780323,0.000788000004831702,0.00167999998666346,0.000928000023122877,0.00168800004757941,0.00739199994131923,0.0131799997761846,0.107472002506256,0,0,0,0,0,0.321007996797562,0,0,0.00630800006911159,0,0.0302080009132624,0.0108200004324317,0.00651200022548437,0.00151600001845509,0.00546000013127923,0,0.00611199997365475,0,0,0.000167999998666346,0,0,0.00240399991162121,0,0.00227600010111928,0,0.020856000483036,9.60000033956021e-05,0.00397199997678399,0,0.00778800016269088,0.310407996177673,0
"50kmE345N320",0.00260000000707805,0.0928160026669502,0.00933600030839443,0.00187200005166233,5.60000007681083e-05,0.0045159999281168,0.00282400008291006,0,0.000676000025123358,0.00304000009782612,0.0192399993538857,0.425291985273361,0,0,0,0,0,0.361180007457733,0,0.000468000012915581,0.00845200009644032,0,0.0338840000331402,0.00274799996986985,0.00715600000694394,0.00377200008369982,0,0,0.00151199998799711,0,0,0,0,0,0,0,0.000531999976374209,0,0.00712799979373813,0,0.00227999989874661,0,0.00862000044435263,0,0
"50kmE350N320",0.00122400000691414,0.0685599967837334,0.0153959998860955,0.000539999979082495,0,0.0043440000154078,0.00353999994695187,0.000195999993593432,0.00113200000487268,0.00153200002387166,0.0169040001928806,0.5660799741745,0,0,0,0.000132000001030974,0,0.253080010414124,0,0.000707999977748841,0.000888000009581447,0,0.038052000105381,0.00224000005982816,0.0103399995714426,0.00302399997599423,0.00154800002928823,0,0.000712000008206815,0,0,0,0,0,0,0,0,0,0,0,0.00982800032943487,0,0,0,0
"50kmE355N320",0.00264000007882714,0.144523993134499,0.0139239998534322,0.00213599996641278,0,0.00716800009831786,0.00286399992182851,0.000495999993290752,0.001587999984622,0.00436400016769767,0.0472639985382557,0.342247992753983,0,0,0,0,0,0.32439199090004,0,0.00105199997778982,0.00149599998258054,0,0.067560002207756,0.00785600021481514,0.0162840001285076,0.000207999997655861,0.000407999992603436,0,0,0,0,0,0,0,0.000775999971665442,0,0,0,0,0,0.0107519999146461,0,0,0,0
"50kmE360N320",0.0249320007860661,0.310440003871918,0.039792001247406,0.00387999997474253,0.00109200004953891,0.00460400013253093,0.000704000005498528,0.000547999981790781,0.00140800001099706,0.0256239995360374,0.0502920001745224,0.323255985975266,0,0,0,0,0,0.140412002801895,0,0,0.0151199996471405,0,0.0349799990653992,0.00508800009265542,0.00674400012940168,0.000436000002082437,0,0,0.000148000006447546,0,0,0,0,0,0.000103999998827931,0,0,0,0.000255999999353662,0.00316400011070073,0.00448800018057227,0,0.00248800008557737,0,0
"50kmE365N320",0.000720000010915101,0.0911879986524582,0.00973599962890148,0.000967999978456646,0.000167999998666346,0.0041880002245307,0.00237599993124604,0.000487999990582466,0.00100799999199808,0.00475999992340803,0.0167640000581741,0.605567991733551,0,0,0,0.000427999999374151,0,0.136000007390976,0,0.000539999979082495,0.0047320001758635,0,0.0181440003216267,0.000163999997312203,0.00559999980032444,0.000119999996968545,0.000296000012895092,0,0.00014000000373926,0,0,0,0,0,0.00697200000286102,0,0.0116480002179742,0,0.0409520007669926,0,0.0043440000154078,0,0.0143360001966357,0.0176519993692636,0
"50kmE370N320",0,0.0236294604837894,0.00535115553066134,0,0.00175855413544923,0,0.000781579583417624,0,0,0.000106579034763854,0.00508026732131839,0.177587315440178,0,0,0,0,0,0.0401403307914734,0,0,0.00475608929991722,0,0.00338832521811128,0,0.00480937911197543,0.000222039656364359,0.000115460621600505,0,0,0.000128782994579524,0,0,0,0,0.00100361928343773,0,0.00746497325599194,0,0.0264316014945507,0,0.000914803356863558,0,0.0114083979278803,0.684921264648438,0
"50kmE385N320",0,0,0,0.0010390019742772,0.000440788688138127,0,0,0,0,0,0.00157424539793283,0.00245582265779376,0,0,0,0,0,0,0,0,0,0,0.00177102605812252,0,0,0.00090519106015563,0,0,0,0.0012200401397422,0,0,0,0,0.000724152836482972,0,0,0,0,0,0.00575386686250567,0,0,0.984115839004517,0
"50kmE390N320",0,0.149537950754166,0.0269832387566566,0.00776093127205968,0.0248309802263975,0.00185622274875641,0,0.000292035052552819,0.0108212986961007,0.016653997823596,0.0271112527698278,0.144301310181618,0,0,0,0.000216025917325169,0,0.0894187316298485,0,0.0160899311304092,0.00316437962464988,0,0.0158899072557688,0.000556066748686135,0.00188422610517591,0.0209705159068108,0.00127215264365077,0,0.00180821702815592,0.00606072740629315,0,0,0,0,0.00515261851251125,0,0.00124814978335053,0,0.00281633785925806,0.051710207015276,0.0267112050205469,0,0,0.344881385564804,0
"50kmE395N320",0,0.14266400039196,0.0283959992229939,0.00671599991619587,0.00303200003691018,0.00169199996162206,0,0.000331999995978549,0.00275200000032783,0.00561999995261431,0.0152000002563,0.0547159984707832,0,0,0,0.00419599981978536,0,0.538164019584656,0,0.0459039993584156,0.018036000430584,0,0.010495999827981,0.0134920002892613,0.0242999996989965,0.00564400013536215,0.00289599993266165,0,0.0021480000577867,0.000444000004790723,0,0,0,0,0.0174359995871782,0,0,0,0,0.0237280000001192,0.0319960005581379,0,0,0,0
"50kmE400N320",0,0.11056400090456,0.0273800007998943,0.00339199998416007,0.000276000006124377,0.000836000021081418,0.00152000004891306,0.000576000020373613,0.00134399998933077,0.00509200012311339,0.0130679998546839,0.0440080016851425,0,0,0,0.00832400005310774,0,0.280631989240646,0,0.127936005592346,0.0377920009195805,0,0.01893600076437,0.136079996824265,0.0845919996500015,0.00914399977773428,0.0507720001041889,0,0,0.00364000000990927,0,0,0,0,0.00311199994757771,0,0,0,0,0.017527999356389,0.0134560000151396,0,0,0,0
"50kmE405N320",0,0.0608760006725788,0.0153360003605485,0.000224000003072433,0,0.000323999993270263,0.00095999997574836,0.000523999973665923,0.000775999971665442,0.00166399998124689,0.00825999956578016,0.0728280022740364,0,0,0,0,0,0.350668013095856,0,0.242755994200706,0.146047994494438,0,0.00933200027793646,0.0353999994695187,0.037831999361515,0.00206399988383055,0.00151600001845509,0,0,0,0,0,0,0,0.00202800007537007,0.000555999984499067,0,0,0,0.00540000014007092,0.00462799984961748,0,0,0,0
"50kmE410N320",0.00118400005158037,0.083807997405529,0.0251599997282028,0.000243999995291233,0,0.00189199997112155,0.000232000005780719,0.000775999971665442,0.000112000001536217,0.000508000026457012,0.00516000017523766,0.615411996841431,0,0,0,0.000151999993249774,0,0.108640000224113,0,0.00831199996173382,0.0402759984135628,0,0.0405879989266396,0.0351920016109943,0.0228240005671978,0,0.00191600003745407,0,0.00193999998737127,0,0,0,0,0,0,0.00370000000111759,0,0,0,0,0.00197200011461973,0,0,0,0
"50kmE325N325",0.000239412882365286,0.008973378688097,0.00517960591241717,0,0.00110958667937666,0.000778091896791011,0.000437388924183324,0.00033149475348182,0.000124310536193661,0,0.00101750472094864,0.0420537926256657,0,0,0,0,0,0.0925561040639877,0,0.00516579346731305,0.00194292759988457,0,0.00483429851010442,0,0.000354515243088827,0.0107045182958245,0.00193371949717402,0,0.000151935106259771,0,0,0,0,0,0,0,0.000695218215696514,0,0.00451661599799991,0.00114641943946481,0,0,0.00814924668520689,0.807604134082794,0
"50kmE330N325",0.000872000004164875,0.011807999573648,0.00127200002316386,0,0.000199999994947575,0.000691999972332269,0.000615999975707382,0,0,0,0.00499199982732534,0.0260480009019375,0,0,0,0,0,0.404404014348984,0,0,0.0021480000577867,0,0.0122239999473095,0.00196400005370378,0.0209599994122982,0.00500399991869926,0.00981600023806095,0,0.000356000004103407,0.00321200001053512,0.000964000006206334,0,0,0,0,0,0.00980000011622906,0,0.0320560000836849,0.00162800005637109,0,0,0,0.44896399974823,0
"50kmE335N325",0.000419999996665865,0.0664239972829819,0.0185240004211664,0.00112399994395673,0.00245200004428625,0.000500000023748726,0.00480799982324243,0.000203999996301718,0.0011680000461638,0.0019120000069961,0.00523599982261658,0.0033400000538677,0,0,0,0,0,0.415399998426437,0,0.000167999998666346,0.0171639993786812,0,0.0271799992769957,0.0665559992194176,0.0329999998211861,0.195196002721786,0.0327720008790493,0,0.0296279992908239,0.000335999997332692,0,0.000647999986540526,0,0,0,0.00898000039160252,0.0039240000769496,0,0.0075679998844862,0,0.00161999999545515,0,0,0.0537480004131794,0
"50kmE340N325",0.00023999999393709,0.0479799993336201,0.00776399997994304,0.000344000000040978,0,0,0.0031999999191612,0.000167999998666346,0.000339999998686835,0.00205200002528727,0.00775599991902709,0.214880004525185,0,0,0,0.000528000004123896,0,0.392816007137299,0,0.000980000011622906,0.0157399997115135,0,0.0300840009003878,0.0447559989988804,0.0228679999709129,0.0627679973840714,0.107972003519535,0,0.011672000400722,0,0,0.000883999979123473,0,0,0,0.021619999781251,0,0,0,0,0.0024439999833703,0,0.000144000005093403,0,0
"50kmE345N325",0.00170000002253801,0.0660839974880219,0.0103919999673963,0.00081200001295656,0.000300000014249235,0.000788000004831702,0.00154800002928823,0.000119999996968545,0.000348000001395121,0.000823999987915158,0.00874000042676926,0.53082400560379,0,0,0,0.000348000001395121,0,0.227195993065834,0,0.00083999999333173,0.0163400005549192,0,0.0541680008172989,0.028659999370575,0.02802399918437,0.00243999995291233,0.00203200010582805,0,0.00238800002261996,0,0,0,0,0,0.000387999985832721,0,0.00137199996970594,0,0.00887599959969521,0.000243999995291233,0.000515999970957637,0,0.00368799990974367,0,0
"50kmE350N325",0.000247999996645376,0.0344640016555786,0.00970000028610229,0,0,0.00313599989749491,0.000996000017039478,0.000192000006791204,0.000555999984499067,0.000387999985832721,0.0206599999219179,0.605076014995575,0,0,0,0.000276000006124377,0,0.293660014867783,0,0,0,0,0.0239480007439852,0.000715999980457127,0.00513199996203184,0,0.000515999970957637,0,0,0,0,0,0,0,0,0,0,0,0,0,0.000335999997332692,0,0,0,0
"50kmE355N325",0.000348000001395121,0.0841680020093918,0.0231919996440411,0.000707999977748841,0.000108000000182074,0.00296399998478591,0.00196800008416176,0.00134800001978874,0.00236000004224479,0.00473999977111816,0.0273560006171465,0.524951994419098,0,0,0,0,0,0.291236013174057,0,0,0,0,0.01927600055933,0.00389600009657443,0.00543199991807342,0.000335999997332692,0.000123999998322688,0,0,0,0,0.000203999996301718,0,0,0,0,0,0,0,0,0.00528400018811226,0,0,0,0
"50kmE360N325",0.00149199995212257,0.0848840028047562,0.0162119995802641,0.000755999993998557,0,0.00198399997316301,0.00224400009028614,0.000103999998827931,0.00608400022611022,0.00343600008636713,0.0203239992260933,0.719488024711609,0,0,0,0,0,0.102548003196716,0,0,0.00427999999374151,0,0.00845200009644032,0.00780399981886148,0.00386400008574128,0.00150400004349649,0.000132000001030974,0,0.000195999993593432,0,0,0,0,0,0.00348399998620152,0,0,0,0,0,0.0107279997318983,0,0,0,0
"50kmE365N325",0.000123999998322688,0.0391400009393692,0.00892399996519089,0,0,0.00627199979498982,0.000264000002061948,0.000307999987853691,0.000668000022415072,0.00083999999333173,0.0164759997278452,0.754711985588074,0,0,0,0.000180000002728775,0,0.0925879999995232,0,0.00127600005362183,0.0189079996198416,0.000260000000707805,0.0101640000939369,0.0353999994695187,0.0059799998998642,0.00167200004216284,0.00162800005637109,0,0.00243199989199638,0,0,0,0,0,0.0010039999615401,0,0,0,0,0,0.000780000002123415,0,0,0,0
"50kmE370N325",0.000563999987207353,0.0393799990415573,0.00717200012877584,0,0,0.00199200003407896,0.0011399999493733,0.000547999981790781,0.00014000000373926,0.000460000010207295,0.0113479997962713,0.73308002948761,0,0,0,0,0,0.113063998520374,0,0.000728000013623387,0.0116280000656843,0,0.00904799997806549,0.00629199994727969,0.0201120004057884,0.000604000000748783,0.00437200022861362,0,0.000847999996040016,0.00125199998728931,0,0,0,0,0.00467600021511316,0,0.0021720000077039,0,0.00352400005795062,0,0.000571999989915639,0,0.00331999990157783,0.0219640005379915,0
"50kmE375N325",0.00110424880404025,0.0145542556419969,0.00289544300176203,0,0.000250381999649107,0,0.00043656348134391,0,0,0.00026322208577767,0.00391623098403215,0.0731950029730797,0,0,0,0,0,0.0309895873069763,0,0,0.00137389090377837,0,0.00373646966181695,0,0.00411525275558233,0.000802506401669234,0.0013867310481146,0,0,0.000295322359306738,0,0,0,0,0.0050846803933382,0,0.00100152799859643,0,0.00158575258683413,0,0.000205441639991477,0,0,0.852807462215424,0
"50kmE390N325",0,0.00759390275925398,0.0010868210811168,0,0,0.000304586807033047,0,0,0,0,0.00239515979774296,0.0213626101613045,0,0,0,0,0,0.00213210750371218,0,6.92242747390992e-06,0.00140525272581726,0,0.00217364216223359,0.000879148254171014,0,0.0215356703847647,0,0,0,0.00306663522496819,0,0,0,0,0,0,0,0,0,0,0.00026997466920875,0,0,0.935787558555603,0
"50kmE395N325",0,0.155100002884865,0.0325520001351833,0.00681200018152595,0.0115080000832677,0.00794799998402596,0,0.00083999999333173,0.00603999989107251,0.0135279996320605,0.0314039997756481,0.0840680003166199,0,0,0,0.00115200004074723,0,0.244951993227005,0,0.051987998187542,0.00276799988932908,0,0.0318440012633801,0.00424400018528104,0.00414399988949299,0.0240959990769625,0.00201199995353818,0,0,0.00277199991978705,0,0,0,0,0.00821200013160706,0,0,0,0,0.00984000042080879,0.202595993876457,0,0,0.059579998254776,0
"50kmE400N325",0,0.0450720004737377,0.0138360001146793,0.00215599988587201,0.000699999975040555,0.000775999971665442,0,0.00123199995141476,0.00313599989749491,0.00215200008824468,0.0123399998992682,0.299212008714676,0,0,0,0.00864799972623587,0,0.124935999512672,0,0.0258440002799034,0.00753200007602572,0,0.056232001632452,0.0606679990887642,0.0169799998402596,0.0076919998973608,0.0228840000927448,0,0.00183600001037121,0.00111599999945611,0,0,0,0,0.0181840006262064,0,0,0,0,0.00251600006595254,0.264319986104965,0,0,0,0
"50kmE405N325",0,0.062135998159647,0.0198839996010065,0.00112799997441471,0,0,0.00135599996428937,0.00028000000747852,0.000592000025790185,0.00146800000220537,0.00754400016739964,0.0855159983038902,0,0,0,0,0,0.537455976009369,0,0.102172002196312,0.0431360006332397,0,0.00740000000223517,0.0595760010182858,0.0207880008965731,0.00292000011540949,0.0111520001664758,0,0.000568000017665327,0,0,0,0,0,0.0143120000138879,0.00436800019815564,0,0,0,0.00461600022390485,0.0116320000961423,0,0,0,0
"50kmE410N325",0.000327999994624406,0.0538839995861053,0.0169200003147125,0.000272000004770234,0,0.000307999987853691,0.000699999975040555,0.000331999995978549,0.0011399999493733,0.000552000012248755,0.00404000002890825,0.508099973201752,0,0,0,0,0,0.136636003851891,0,0.0612480007112026,0.0334080010652542,0,0.0141319995746017,0.107823997735977,0.0163400005549192,0.00248800008557737,0.00374400010332465,0,0.00202800007537007,0,0,0,0,0,0.000119999996968545,0.0307199992239475,0,0,0,0,0.00473600020632148,0,0,0,0
"50kmE295N330",0,0.00111274153459817,0,0,0,0,0,0,0,0,0,0,0,0,0,0,0,0.0945431366562843,0,0,0.0349959433078766,0,0.000155163172166795,0.00579866906628013,0.00281066983006895,0,0.0422487147152424,0,0.00509378500282764,0.000323626038152725,0,0.00663211708888412,0,0,0,0.00763846095651388,0,0,0.00120583944953978,0,0.000234961364185438,0.000159596398589201,0.000851180811878294,0.796195387840271,0
"50kmE300N330",0.000144541845656931,0.0039068809710443,0.000144541845656931,0,0,0,0,0,0,0,0.000607925991062075,0.0127834510058165,0,0,0,0,0,0.338504254817963,0,0.0051354868337512,0.0145902242511511,0,0.00201933458447456,0.00719733349978924,0.00368581712245941,0,0.000195556611288339,0,0.00380910281091928,0.000484640302602202,0,0.00080773385707289,0,0,0,0.0012073494726792,0.0005441575194709,0,0.0020575956441462,0,0.000106280771433376,0,0.00358378747478127,0.598484039306641,0
"50kmE305N330",0,0.00700614182278514,0.00117458950262517,0,0.000538137916009873,0,0,0,0,0,0.00104005506727844,0.0683228224515915,0,0,0,0,0,0.130865827202797,0,0.0144365848973393,0.00275278254412115,0,0.00157301861327142,0.000424301077146083,0.00218877266161144,0,0,0,0,0.000481219496577978,0,0,0,0,0,0,0.000325987406540662,0,0.000191452927538194,0,0,0.00014488329179585,0.00501399673521519,0.763519406318665,0
"50kmE325N330",0,0.00172548764385283,0.00138921046163887,0,1.65382207342191e-05,0,0.000126793020172045,0,0,0,0.000308713439153507,0.0415274687111378,0,0,0,0,0,0.0952270701527596,0,0,0.00181369145866483,0,0.00442673033103347,0,0.000336277124006301,0.000716656213626266,0.00992844440042973,0,0.000308713439153507,0,0,0,0,0,0,0,0,0,0.000385891791665927,0,0,0,0,0.84176230430603,0
"50kmE330N330",0,0.00423409044742584,0.000342643179465085,0,8.97398786037229e-05,0.000289615069050342,0.000126451646792702,0,0,0,0.000803579809144139,0.0140279745683074,0,0,0,0,0,0.390690714120865,0,0,0.00265956367366016,0,0.0128124067559838,0.00461344560608268,0.00972861889749765,0.0143910134211183,0.0116335516795516,0,0.00390776386484504,0,0,0.000256982370046899,0,0,0,0.000717919028829783,0.000216191518120468,0,0.000285535963485017,0,0.000350801332388073,0,0.000726077181752771,0.527095317840576,0
"50kmE335N330",0.000368000008165836,0.00374400010332465,0.00219999998807907,0,0,0,0.000123999998322688,0,0,0,0.000723999983165413,0.00328400009311736,0,0,0,0,0,0.448888003826141,0,0,0.00124000001233071,0,0.00655200006440282,0.0909639969468117,0.0285800006240606,0.142884001135826,0.0478399991989136,0,0.0350520014762878,0,0,0.000411999993957579,0,0,0,0.0810839980840683,0,0,0.000403999991249293,0,0.00352000002749264,0,0,0.102136000990868,0
"50kmE340N330",0.000119999996968545,0.00752800004556775,0.00139999995008111,0,0,0.000216000000364147,0.000671999994665384,0.000103999998827931,0.000272000004770234,0.000103999998827931,0.00255999993532896,0.152556002140045,0,0,0,0.000531999976374209,0,0.540167987346649,0,0.00450799986720085,0.0193240009248257,0,0.0147360004484653,0.03583599999547,0.0170079991221428,0.125203996896744,0.0664959996938705,0,0.00874400045722723,0,0,0.000236000007134862,0,0,0,0.00109999999403954,0,0,0,0,0.000576000020373613,0,0,0,0
"50kmE345N330",0.000691999972332269,0.0451520010828972,0.00540800020098686,7.5999996624887e-05,0,0.000432000000728294,0.00157199997920543,0.000123999998322688,0.000303999986499548,0.000783999974373728,0.0134680001065135,0.467887997627258,0,0,0,0.000612000003457069,0,0.34527999162674,0,0.00107999995816499,0.0137280002236366,0,0.040803998708725,0.0156720001250505,0.0195799991488457,0.0132200000807643,0.01180399954319,0,0.00170400005299598,0,0,0,0,0,0,0,0,0,0,0,0.000615999975707382,0,0,0,0
"50kmE350N330",0.00613200012594461,0.263552010059357,0.0484240017831326,0.00346000003628433,0,0.0022960000205785,0.00368000008165836,0.000707999977748841,0.000872000004164875,0.0187800005078316,0.028311999514699,0.378527998924255,0,0,0,0,0,0.212871998548508,0,0,0.00377200008369982,0,0.0149560002610087,0.00231199990957975,0.00307999993674457,0,0.00424400018528104,0,0.00104400003328919,0,0,0,0,0,0,0,0,0,0,0,0.00297600007615983,0,0,0,0
"50kmE355N330",0.00178399996366352,0.0941319987177849,0.0208119992166758,0.0019000000320375,3.19999999192078e-05,0.00134800001978874,0.00383999990299344,0.000896000012289733,0.00203200010582805,0.00185999996028841,0.0198359992355108,0.518527984619141,0,0,0,0,0,0.311044007539749,0,0,0.00112399994395673,0,0.0101079996675253,0.00052000000141561,0.00508400006219745,0,0.000207999997655861,0,0,0,0,0,0,0,0.000195999993593432,0,0,0,0,0,0.00471600005403161,0,0,0,0
"50kmE360N330",0.000272000004770234,0.0477840006351471,0.012699999846518,0.000323999993270263,0,0.00355600006878376,0.00448000011965632,0.000103999998827931,0.00320799998007715,0.000975999981164932,0.0142759997397661,0.795912027359009,0,0,0,0.000195999993593432,0,0.0621800012886524,0,0.000195999993593432,0.000568000017665327,0,0.0183400008827448,0.00442400015890598,0.0109120002016425,0,9.99999974737875e-05,0,0.000123999998322688,0,0,0,0,0,0.0083600003272295,0,0,0,0,0.000883999979123473,0.0101239997893572,0,0,0,0
"50kmE365N330",0,0.030324000865221,0.00735200010240078,0.000195999993593432,0,0.00250800000503659,0.002779999980703,0,0,0.00049200002104044,0.00767999980598688,0.754167973995209,0,0,0,0.00371200009249151,0,0.0523959994316101,0,0.000103999998827931,0.0014280000468716,0,0.0133520001545548,0.0405719988048077,0.00604399992153049,0.019268000498414,0.00137199996970594,0,0.00250800000503659,0,0,0,0,0,0.010499999858439,0,0.00724400021135807,0,0.0294879991561174,0.000647999986540526,0.00135200005024672,0,0.000595999998040497,0.00391600001603365,0
"50kmE370N330",0.000699999975040555,0.0513399988412857,0.00738799991086125,0,0.000207999997655861,0.00356799992732704,0.00105600000824779,0,0.00126799999270588,0.00167599995620549,0.0129519999027252,0.680800020694733,0,0,0,0,0,0.128931999206543,0,0,0.0043759997934103,0,0.0259520001709461,0.0131320003420115,0.0175439994782209,0.000872000004164875,0.000395999988541007,0,0.00186399999074638,0,0,0,0,0,0.00961199961602688,0,0,0,0.000760000024456531,0,0.00321200001053512,0,0,0.0323919989168644,0
"50kmE375N330",0.000369871646398678,0.0171412397176027,0.00124831683933735,0,0.000491235754452646,0,0,0,0,0.000277403742074966,0.00298209022730589,0.10559257119894,0,0,0,0,0,0.060375764966011,0,0,0.00153149978723377,0,0.00477365590631962,0.000196494307601824,0.00223656767047942,0,0.00229435996152461,0,0.000225390525883995,0.000861107429955155,0,0.000277403742074966,0,0,0.00640340289101005,0,0,0,0.000820652698166668,0.000739743292797357,0.00266423169523478,0,0.00239260727539659,0.786104381084442,0
"50kmE395N330",0,0.0221960004419088,0.00601200014352798,0.000292000011540949,0.00135200005024672,0.000571999989915639,0,0.000592000025790185,0.000487999990582466,0.000555999984499067,0.00413199979811907,0.184412002563477,0,0,0,0.000188000005437061,0,0.0794600024819374,0,0.02403200045228,0.000880000006873161,0,0.00370000000111759,0.00335999997332692,0.00134399998933077,0.014639999717474,0.000224000003072433,0,0,0.00651999982073903,0,0,0,0,0.000791999977082014,0,0.00104799994733185,0,0.176244005560875,0,0.104291997849941,0,0,0.362672001123428,0
"50kmE400N330",0,0.0281719993799925,0.00694399978965521,0.00144799996633083,0.000207999997655861,0,0,0.000292000011540949,0.000268000003416091,0.000620000006165355,0.00426399987190962,0.0628840029239655,0,0,0,0,0,0.478648006916046,0,0.0150680001825094,0.000823999987915158,0,0.00702399993315339,0.00207199994474649,0.00467999977990985,0.000523999973665923,0,0,0,0,0,0,0,0,0.0272519998252392,0,0,0,0.0519319996237755,0,0.297915995121002,0,0,0.00896000023931265,0
"50kmE405N330",0,0.0518839992582798,0.0113719999790192,0.000996000017039478,0,0.000975999981164932,0.000448000006144866,0.00109999999403954,0.00166399998124689,0.00192399998195469,0.0116839995607734,0.0859159976243973,0,0,0,0,0,0.481712013483047,0,0.13230000436306,0.0456600002944469,0,0.0109280003234744,0.0419639982283115,0.0428920015692711,0.0119880000129342,0.0310319997370243,0,0.00127999996766448,0.000203999996301718,0,0,0,0,0.0125399995595217,0.00808000005781651,0,0,0,0,0.011455999687314,0,0,0,0
"50kmE410N330",0.000123999998322688,0.0627999976277351,0.0137679995968938,0.000339999998686835,0.000296000012895092,0,0.00138000003062189,0.000176000001374632,0.000444000004790723,0.00106799998320639,0.0105480002239347,0.636283993721008,0,0,0,0,0,0.0936719998717308,0,0.0579279996454716,0.0043759997934103,0,0.0170200001448393,0.0325080007314682,0.0266159996390343,0.0120280003175139,0.00306400004774332,0,0.00163199997041374,0,0,0,0,0,0.00428800005465746,0.0108040003105998,0,0,0,0.00191600003745407,0.00692000007256866,0,0,0,0
"50kmE290N335",0,0.000333207455696538,0,0,0,0,0,0,0,0,0.000293222547043115,0,0,0,0,0,0,0.0346891172230244,0,0,0.00285669858567417,0,0,0.00200368743389845,0.000284337031189352,0,0.00363418273627758,0,0,0.000142168515594676,0,0.00120398961007595,0.000861896609421819,0,0,0.032330010086298,7.5527023000177e-05,0,0.000768598518334329,0,0,0,0.00016882510681171,0.920354545116425,0
"50kmE295N335",0,0.00226400000974536,0.000207999997655861,0,0.000315999990561977,0,0.000216000000364147,0,0,0,0.00226400000974536,0,0,0,0,0,0,0.0873600021004677,0,0.000300000014249235,0.113739997148514,0,0.0174400005489588,0.0262919999659061,0.0088280001655221,0.0266440007835627,0.0789839997887611,0,0.0270600002259016,0.000203999996301718,0.0138360001146793,0.0619760006666183,0.000423999998020008,0,0,0.31784400343895,0.000407999992603436,0,0.00106000003870577,0,0.0186679996550083,0.000151999993249774,0.00104400003328919,0.192468002438545,0
"50kmE300N335",0.000163999997312203,0.00555199990049005,0.000103999998827931,0,0,0,0.00114399997983128,0,0.000103999998827931,0,0.000807999982498586,0.00892799999564886,0,0,0,0,0,0.529608011245728,0,0.00289199990220368,0.116296000778675,0,0.00804399978369474,0.0769079998135567,0.012992000207305,0.00130799994803965,0.0232159998267889,0,0.0515040010213852,0,0.00237599993124604,0.00380400009453297,0.00237599993124604,0,0,0.145263999700546,0,0,0,0.00354800000786781,0.00306000001728535,0,0,0,0
"50kmE305N335",0.000920000020414591,0.0333760008215904,0.00703199999406934,0.00135599996428937,0.000612000003457069,0.000939999998081475,0.00262399995699525,0,0,0.000783999974373728,0.00456799985840917,0.0905840024352074,0,0,0,0,0,0.712815999984741,0,0.0289239995181561,0.00999999977648258,0,0.00751599995419383,0.0383439995348454,0.009808000177145,0,0.000155999994603917,0,0.0297800004482269,0,0,0,0,0,0.000224000003072433,0.00702399993315339,0.000132000001030974,0,0.0054640001617372,0.000387999985832721,0,0,0.00414399988949299,0.0024840000551194,0
"50kmE310N335",0.000411999993957579,0.00944400019943714,0.00102399999741465,0,0,0,0.000391999987186864,0,0,0,0.00109999999403954,0.0523359999060631,0,0,0,0.000243999995291233,0,0.531719982624054,0,0.0100600002333522,0.0161479990929365,0,0.00978800002485514,0.0709640011191368,0.0078159999102354,0.00433999998494983,0.0207000002264977,0,0.0313320010900497,0.00015999999595806,0,0,0,0,0.000464000011561438,0.0563720017671585,0.000723999983165413,0,0.0052319997921586,0.00146800000220537,0.00022000000171829,0.000576000020373613,0.00202000001445413,0.164943993091583,0
"50kmE315N335",0.000620000006165355,0.0124960001558065,0.0029039999935776,0.000676000025123358,0,0.000331999995978549,0.000452000007499009,0.000151999993249774,0.000339999998686835,0.000232000005780719,0.00295999995432794,0.0943159982562065,0,0,0,0,0,0.516852021217346,0,0.0141279995441437,0.00779200019314885,0,0.00540000014007092,0.0297679994255304,0.00828799977898598,0.000780000002123415,0.00392800010740757,0,0.0079720001667738,0.00195199996232986,0,0,0,0,0.00253199995495379,0.00039999998989515,0.000427999999374151,0,0.00249200011603534,0.0094999996945262,0.000255999999353662,0.00207199994474649,0.00256399996578693,0.267416000366211,0
"50kmE320N335",0.000754584325477481,0.0092993937432766,0.00124334916472435,0,0.00020150831551291,0,0.000222945367568173,0.000218657951336354,0.00124763650819659,0,0.00164207839407027,0.0852937549352646,0,0,0,0,0,0.2411068379879,0,0.00804318301379681,0.00576228043064475,0,0.00221659149974585,0.0103669594973326,0.00223374110646546,0,0,0,0.000780308793764561,0.0027825296856463,0,0,0,0,0.0013805462513119,0,0.0018778860103339,0,0.000252957252087072,0.00208796910010278,0,0.00185216148383915,0.00211369362659752,0.617018461227417,0
"50kmE330N335",0,1.4034989362699e-05,0,0,0,0,0,0,0,0,4.21049662691075e-05,0,0,0,0,0,0,0.0155648030340672,0,0,0,0,7.01749468134949e-06,0,0,0.00281401537358761,0.00192981096915901,0,0,0,0,0,0,0,0,0,0,0,0.000414032168919221,0,0,0,0,0.979214191436768,0
"50kmE335N335",0,0.004763999953866,0,0,0,0.00083999999333173,0.00011600000289036,0,0,0,0.00243199989199638,0.00503600016236305,0,0,0,0,0,0.130275994539261,0,0,0.00311199994757771,0,0.0192600004374981,0.0638080015778542,0.008500000461936,0.134159997105598,0.0759000033140182,0,0.0190239995718002,0.000224000003072433,0.00189600000157952,0.0114160003140569,0,0,0.00011600000289036,0.0238320007920265,0.00368000008165836,0,0.00474399980157614,0,0.00137600000016391,0,0.00749599980190396,0.477991998195648,0
"50kmE340N335",1.20000004244503e-05,0.00906800013035536,0.00258000008761883,0,0,0,0.000655999989248812,0,0,0.000119999996968545,0.00448000011965632,0.0418200008571148,0,0,0,0,0,0.543075978755951,0,0,0.0108519997447729,0,0.0147080002352595,0.066271997988224,0.00837600044906139,0.129616007208824,0.0799200013279915,0,0.0182600002735853,0,3.99999998990097e-06,0.00264400010928512,0,0,0,0.063511997461319,0,0,0,0,0.00402399990707636,0,0,0,0
"50kmE345N335",0,0.0385240018367767,0.00821200013160706,1.49011611032863e-16,0,0.00233600009232759,0.00150799995753914,0.00011600000289036,0.000444000004790723,0.00389999989420176,0.0154480002820492,0.455844014883041,0,0,0,0,0,0.430036008358002,0,0,0.00151199998799711,0,0.0224479995667934,0.00875599961727858,0.00246399990282953,0.00205600005574524,0.0017359999474138,0,0.000660000019706786,0,0,0.00015999999595806,0,0,0,0.00261200009845197,0,0,0,0,0.00122800003737211,0,0,0,0
"50kmE350N335",0.000783999974373728,0.0937839969992638,0.0224239993840456,0.00110800005495548,0.000103999998827931,0.000815999985206872,0.00689999992027879,0.000232000005780719,0.00138399994466454,0.00196000002324581,0.0215399991720915,0.25110000371933,0,0,0,0,0,0.531531989574432,0,0,0.00319599988870323,0,0.0279959999024868,0.0118279997259378,0.00431999983265996,0.00109599996358156,0.00633999984711409,0,0.00519599998369813,0,0,9.99999974737875e-05,0,0,0.000395999988541007,0,0,0,0,0,0.00586399994790554,0,0,0,0
"50kmE355N335",0.00313999992795289,0.141435995697975,0.0261560007929802,0.00139600003603846,0,0.00438399985432625,0.00366399995982647,0.000523999973665923,0.00179600005503744,0.00572399981319904,0.0261799991130829,0.52019202709198,0,0,0,0,0,0.212932005524635,0,0.00104400003328919,0.00329199992120266,0,0.0129760000854731,0.0128960004076362,0.0121640004217625,0.00049200002104044,0.0010039999615401,0,0.00225199991837144,0,0,0,0,0,0,0,0,0,0,0.000500000023748726,0.00585599988698959,0,0,0,0
"50kmE360N335",0.000372000009519979,0.0393919982016087,0.00807199999690056,0,0,0.00507199997082353,0.00319599988870323,0,0.000495999993290752,0.000760000024456531,0.0120400004088879,0.860207974910736,0,0,0,0,0,0.0409080013632774,0,0,0.000311999989207834,0,0.0111640002578497,0.00333199999295175,0.00822400022298098,0.000880000006873161,0.000387999985832721,0,0.000579999992623925,0,0,0,0,0,0.000539999979082495,0,0.000403999991249293,0,0,0.000352000002749264,0.00330800004303455,0,0,0,0
"50kmE365N335",0.000188000005437061,0.0111760003492236,0.000872000004164875,0,0,0,0.000132000001030974,0,0,6.39999998384155e-05,0.00872400030493736,0.3819560110569,0,0,0,0,0,0.0247319992631674,0,0,0.000167999998666346,0,0.00157199997920543,0,0.00131199997849762,8.80000006873161e-05,0.00168800004757941,0,0,0,0,0,0,0,0.00295999995432794,0,0.018495999276638,0,0.0859600007534027,0,0,0,0,0.459912002086639,0
"50kmE370N335",0,0.00292571820318699,0.000229083074373193,0,0,0,0,0,0,0,0.00217956188134849,0.0661461055278778,0,0,0,0,0,0.0103676458820701,0,0,0,0,0.00331188668496907,0.000785427691880614,0.00075924675911665,0.000294535391731188,0.00185884558595717,0,0,0.000281444925349206,0,0,0,0,0.00378968869335949,0,0.0132802734151483,0,0.0162387173622847,0,0,0,0,0.877551794052124,0
"50kmE395N335",0,0.000322469801176339,0,0,0,0,0,0,0,0,0.00154891237616539,0.00136388861574233,0,0,0,0,0,0.00041233844240196,0,0,0,0,0.000311897019855678,0.00131631118711084,0,0.00914016831666231,0,0,0,0.012052970007062,0,0,0,0,0.000803531322162598,0,0.000296037847874686,0,0.123701527714729,0,0.000211455611861311,0,0,0.848518490791321,0
"50kmE400N335",0,0.0162680000066757,0.0039559998549521,0.000503999995999038,0.000323999993270263,0.00135999999474734,0,0,0.000403999991249293,0.000303999986499548,0.00317999999970198,0.0751840025186539,0,0,0,0.000119999996968545,0,0.113335996866226,0,0,0.00144799996633083,0,0.00011600000289036,0.0021959999576211,0.00110800005495548,0.0191399995237589,0,0,0,0.00868400000035763,0,0,0,0,0.00208400003612041,0,0.0109479995444417,0,0.289039999246597,0,0.0013399999588728,0,0,0.44895601272583,0
"50kmE405N335",0,0.0275679994374514,0.0054199998266995,0.000372000009519979,0.000268000003416091,0,0,0.000123999998322688,0.000671999994665384,0.000696000002790242,0.00165200000628829,0.142056003212929,0,0,0,0,0,0.256760001182556,0,0.0019000000320375,0.00170000002253801,0,0.00518799992278218,0,0.000991999986581504,0.0097479997202754,3.99999998990097e-06,0,0.000180000002728775,0.0142080001533031,0,0,0,0,0.0133440000936389,0,0.00843599997460842,0,0.176899999380112,0.00106399995274842,0.0121200000867248,0,0,0.318628013134003,0
"50kmE410N335",0.00081200001295656,0.0380799993872643,0.00919600017368793,0,0.00240399991162121,0.000495999993290752,0,0.000144000005093403,0.0017119999974966,0.000828000018373132,0.0015999999595806,0.276367992162704,0,0,0,0,0,0.257948011159897,0,0.000144000005093403,0.000368000008165836,0,0.00220800004899502,0.00272800005041063,0.00153999996837229,0.00431999983265996,0.00360799999907613,0,0.00067999999737367,0.0043759997934103,0,0,0,0,0.00653599994257092,0.00132000003941357,0.0148080000653863,0,0.230187997221947,0.00516799977049232,0.00528800021857023,0,0.0334639996290207,0.0936679989099503,0
"50kmE430N335",0.00459600007161498,0.209312006831169,0.036752000451088,0.00414799991995096,0.00746400002390146,0.00408399989828467,0.00169599999208003,0.00146000005770475,0.00143199996091425,0.013043999671936,0.0331399999558926,0.26994800567627,0,0,0,0.0200599990785122,0,0.196815997362137,0,0.000539999979082495,0.00199600006453693,0,0.0447800010442734,0.092448003590107,0.0227879993617535,0.00170000002253801,0.00143199996091425,0,0.00196000002324581,0,0,0,0,0,0.000436000002082437,0.000644000014290214,0,0,0,0.00273999990895391,0.00634399987757206,0,0.0182399991899729,0,0
"50kmE290N340",0,0,0,0,0,0,0,0,0,0,0.000193675776245072,0,0,0,0,0,0,0.0263021159917116,0,0,0,0,0,0.000439313356764615,0,0.00240441388450563,0.00263588014058769,0,0,0.000420418160501868,0,0,0,0,0.0011951212072745,0.00731716537848115,0,0,0.00022674236970488,0,0,0,0,0.958865165710449,0
"50kmE295N340",0.000384000013582408,0.00591199984773993,0.000452000007499009,0,0,0,0.000376000010874122,0,0,0,0.00106000003870577,0.00227999989874661,0,0,0,0,0,0.269012004137039,0,0.000744000019039959,0.0140559999272227,0,0.000775999971665442,0.0077840001322329,0.0015760000096634,0.0123519999906421,0.019268000498414,0,0.00584399979561567,0.0053400001488626,0,0.0150920003652573,0.000348000001395121,0,0.00280799996107817,0.113255999982357,0.00198399997316301,0,0.026316000148654,0.000112000001536217,0.00261999992653728,0.00171600002795458,0.000615999975707382,0.487915992736816,0
"50kmE300N340",0,0.00577200017869473,0.00212400010786951,0,0,0.000508000026457012,0.000531999976374209,0,0,0,0.00128399999812245,0.00117199996020645,0,0,0,0,0,0.646759986877441,0,0.00112000002991408,0.0636639967560768,0,0.00193599995691329,0.0985160022974014,0.00612000003457069,0,0.000236000007134862,0,0.0624240003526211,0.000380000012228265,0,0,0,0,0.000464000011561438,0.0737000033259392,0.000303999986499548,0,0.00294800009578466,0.000172000000020489,0,0,0.0196560006588697,0.0102080004289746,0
"50kmE305N340",0.000655999989248812,0.0165720004588366,0.00306400004774332,0.000804000010248274,0,0,0.00146800000220537,0,0,0,0.00337999989278615,0.00417600013315678,0,0,0,0,0,0.816951990127563,0,0.0021959999576211,0.0263999998569489,0,0.00383600010536611,0.0363200008869171,0.0124679999426007,0.00555999996140599,0.00119199999608099,0,0.0270119998604059,0,0,0.00115200004074723,0,0,0.00299199996516109,0.0190239995718002,0.00190799997653812,0,0.00433599995449185,0.00154399999883026,0.000595999998040497,0,0.00639199977740645,0,0
"50kmE310N340",0,0.00675999978557229,0.000176000001374632,0.000468000012915581,0,0,0.00270400010049343,0,0,0,0.00138799997512251,0.0365159995853901,0,0,0,0.000495999993290752,0,0.756056010723114,0,0.00531199993565679,0.014635999687016,0,0.00789999961853027,0.0700040012598038,0.0108599998056889,0.00170799996703863,0.000647999986540526,0,0.0322160013020039,0,0,0.000456000008853152,0,0,0.000284000008832663,0.0514120012521744,0,0,0,0,0,0,0,0,0
"50kmE315N340",0.00036000000545755,0.0116280000656843,0.00100000004749745,0.00133600004483014,0,0,0.00205200002528727,0.000199999994947575,0,0.000163999997312203,0.00230800011195242,0.128948003053665,0,0,0,0.000108000000182074,0,0.710896015167236,0,0.0214680004864931,0.0245520006865263,0,0.00717200012877584,0.0431759990751743,0.00894800014793873,0,0.00906800013035536,0,0.0132520003244281,0,0,0,0.000636000011581928,0,0,0.0126080000773072,0,0,0,0,0.000119999996968545,0,0,0,0
"50kmE320N340",0.000108000000182074,0.0112159997224808,0.000372000009519979,0.00115599995478988,0.000148000006447546,0,0.00160800002049655,0.000292000011540949,0.000199999994947575,0,0.00301599991507828,0.128371998667717,0,0,0,0,0,0.49523600935936,0,0.00776800001040101,0.0335280001163483,0,0.0118559999391437,0.0745000019669533,0.0223559997975826,0.00928399991244078,0.0339320003986359,0,0.0244280006736517,0.000315999990561977,0,0.00104000000283122,0.000264000002061948,0,0.000844000023789704,0.0313280001282692,0,0,0,0,0.000744000019039959,0,0,0.106087997555733,0
"50kmE325N340",0,0.00525447772815824,0.00023012311430648,0.00102021242491901,0.000222452348680235,0,0,0,0,0,0.00165688642300665,0.0172132086008787,0,0,0,0,0,0.0342039652168751,0,0.00100487098097801,0.0023089018650353,0,0.000544624694157392,0.00150347105227411,0.00183331419248134,0,0.000291489268420264,0,0.000843784771859646,0.000935834017582238,0,0,0,0,0.00380470207892358,0,0.0011889694724232,0,0,0,0.000191769257071428,0.000291489268420264,0,0.925455451011658,0
"50kmE330N340",0,0.000129185616970062,0,0,0,0,0,0,0,0,0.000432771805208176,0.00191194703802466,0,0,0,0,0,0.0745465606451035,0,0,0,0,0.000665305939037353,0.000820328656118363,1.20313473035397e-16,0,0.00383681268431246,0,0,0,0,0,0,0,0,0,0,0,0,0,0,0,0,0.917657077312469,0
"50kmE335N340",0.000311999989207834,0.0144520001485944,0.00120000005699694,0,0.000364000006811693,0.00207599997520447,0.00772800017148256,9.60000033956021e-05,0,0,0.00389999989420176,0.00540400017052889,0,0,0,0,0,0.306203991174698,0,0,0.000796000007539988,0,0.0188200008124113,0.0263560004532337,0.00524399988353252,0.106551997363567,0.14996799826622,0,0.00559200020506978,0.000436000002082437,0.0013399999588728,0.0251240003854036,0,0,0.00126399996224791,0.0179239995777607,0.00300800008699298,0,0.020431999117136,0,0.00581200001761317,0,0.00206799991428852,0.267527997493744,0
"50kmE340N340",0.000944000028539449,0.0279959999024868,0.00465200003236532,0.00028000000747852,0.000331999995978549,0,0.0024679999332875,0.000323999993270263,0,0.000155999994603917,0.00958000030368567,0.0563840009272099,0,0,0,0,0,0.449092000722885,0,0,0.00127200002316386,0,0.0203520003706217,0.0323479995131493,0.0173760000616312,0.0556159988045692,0.0892959982156754,0,0.00985599961131811,0.000563999987207353,0.000387999985832721,0.000172000000020489,0,0,0,0.0169959999620914,0.00028000000747852,0,0.0223839990794659,0.00044000000343658,0.00395999988541007,0,0.0273160003125668,0.149176001548767,0
"50kmE345N340",0.00337600009515882,0.176735997200012,0.0531399995088577,0.00228799995966256,0.00501199997961521,0.00239200005307794,0.00152399996295571,0.000303999986499548,0.000823999987915158,0.0103959999978542,0.0290280003100634,0.323743999004364,0,0,0,0,0,0.291299998760223,0,0,0.00196400005370378,0,0.012648000381887,0.00135200005024672,0.00559999980032444,0.00184000004082918,0.00225599994882941,0,0.00170400005299598,0,0,0.000155999994603917,0,0,0.00193999998737127,0.00081200001295656,0.0138839995488524,0,0.025900000706315,0.000268000003416091,0.00231599994003773,0,0.0222839992493391,0.00501199997961521,0
"50kmE350N340",0.00625600013881922,0.154584005475044,0.0224120002239943,0.0015999999595806,0.000487999990582466,0.00296800001524389,0.00701199984177947,0.00014000000373926,0.000644000014290214,0.0178919993340969,0.026256000623107,0.0601160004734993,0,0,0,0,0,0.43503201007843,0,0.000668000022415072,0.00638400018215179,0,0.0250439997762442,0.012711999937892,0.00455600023269653,0.0409200005233288,0.0599320009350777,0,0.00142400001641363,0,0,0.000348000001395121,0,0,0,0.107036001980305,0,0,0,0,0.00557600008323789,0,0,0,0
"50kmE355N340",0.00400799978524446,0.154676005244255,0.0318519994616508,0.00052000000141561,0,0.00228399992920458,0.00523999985307455,0.00252000009641051,0.000899999984540045,0.00698400009423494,0.0206400007009506,0.491771996021271,0,0,0,0,0,0.143399998545647,0,0.00356799992732704,0.00741600012406707,0,0.0378639996051788,0.0177120007574558,0.015607999637723,0.00680400012061,0.0275320000946522,0,0.00370000000111759,0,0,0.000276000006124377,0,0,0.00211200001649559,0.00846800021827221,0,0,0,0,0.00414399988949299,0,0,0,0
"50kmE360N340",0.00022000000171829,0.0322239995002747,0.0167960003018379,0.000723999983165413,0.00297600007615983,0.00283599994145334,0.00284800003282726,0.000452000007499009,0.000415999995311722,0.000907999987248331,0.00977999996393919,0.794992029666901,0,0,0,0.000151999993249774,0,0.0505839996039867,0,0.0054199998266995,0.00400000018998981,0,0.00716000003740191,0.00522400019690394,0.0162160005420446,0.000419999996665865,0.000655999989248812,0,0.00276000006124377,0,0,0.000228000004426576,0,0,0.000668000022415072,0.00686400011181831,0.00193999998737127,0,0.00256799999624491,0.0042200000025332,0.0015999999595806,0,0.0241480004042387,0,0
"50kmE365N340",0,0.0202523246407509,0.00545189529657364,0.000157225353177637,0.000926354783587158,0,0.000106233346741647,0,0.00024646136444062,0.00113882147707045,0.00566436210647225,0.280570775270462,0,0,0,0,0,0.0117451585829258,0,0.00211191899143159,0.00208217371255159,0,0.00111757486592978,0.000114732014480978,0.00143627484794706,0.000399437383748591,0.000960349454544485,0,0.000501421396620572,0.000118981348350644,0,0,0,0,0,0,0.00584708340466022,0,0.038605198264122,0,0.000365442712791264,0,0.0500061623752117,0.570073664188385,0
"50kmE420N340",0.000744000019039959,0.0138520002365112,0.00264000007882714,0,0,0.00253599998541176,0.000531999976374209,0.000188000005437061,0.000348000001395121,0,0.00100799999199808,0.0726160034537315,0,0,0,0.000236000007134862,0,0.078355997800827,0,0,0,0,0.00159600004553795,0.00824800040572882,0.00125600001774728,0.00178000004962087,0.000807999982498586,0,0.000108000000182074,0.00164000003132969,0,0,0,0,0,0.00104799994733185,0.0137959998100996,0,0.299524009227753,0,0.00023999999393709,0,0.0428959988057613,0.454003989696503,0
"50kmE430N340",0.000456000008853152,0.0694240033626556,0.0128840003162622,0.00031999999191612,0,0.000155999994603917,0.00352800008840859,0.000531999976374209,0,0.000607999972999096,0.00662800017744303,0.457655996084213,0,0,0,0.000132000001030974,0,0.26843199133873,0,0.00047999998787418,0.00621599983423948,0,0.049915999174118,0.0773880034685135,0.0137560004368424,0.00381999998353422,0,0,0.0022960000205785,0,0,0,0,0,0.00031999999191612,0.00510000018402934,0,0,0,0,0.0199519991874695,0,0,0,0
"50kmE295N345",0,0,0,0,0,0,0,0,0,0,0,0,0,0,0,0,0,0.0252699833363295,0,0,0,0,0,0,0,0.00257402379065752,0,0,0,0,0,0,0,0,0,0.000709506566636264,0,0,0,0,0,0,0,0.971446514129639,0
"50kmE300N345",0,0.0031721715349704,0.000421084725530818,0,0,0,0,0.000296764454105869,0,0,0.000930396723560989,0.000268692150712013,0,0,0,0,0,0.298107922077179,0,0,0.0831943079829216,0,0.0012030991492793,0.0330330915749073,0.00411860970780253,0.00273504550568759,8.42169392853975e-05,0,0.0306028332561255,0.000665714906062931,0.000741911178920418,0,0,0,0.00114695460069925,0.0501812659204006,0.00257463217712939,0,0.00513723352923989,0,0.00147981196641922,0,0.0136591857299209,0.466245055198669,0
"50kmE305N345",0.000255999999353662,0.00867199990898371,0.00177600001916289,0.00184799998532981,0,0.00170799996703863,0.00154800002928823,0,0,0.000108000000182074,0.00177600001916289,0,0,0,0,0,0,0.462220013141632,0,0.000108000000182074,0.10325600206852,0,0.0212239995598793,0.097691997885704,0.0189399998635054,0.0156199997290969,0.00533200008794665,0,0.0673519968986511,0,0.0302559994161129,0.0246079992502928,0,0,0.0109120002016425,0.0573199987411499,0.00287600001320243,0,0.01112399995327,0.000739999988581985,0.0287040006369352,0,0.0240240003913641,0,0
"50kmE310N345",0.000188000005437061,0.00708399992436171,0.000859999970998615,0.00047999998787418,0,0,0.0014400000218302,0.000292000011540949,0,0,0.000920000020414591,0.0227719992399216,0,0,0,0,0,0.705268025398254,0,0.0137040000408888,0.0366480015218258,0,0.00694000022485852,0.0288159996271133,0.021764000877738,0.000891999981831759,0.00102800002787262,0,0.0226440001279116,0,0,0.00106399995274842,0,0,0.00953999999910593,0.0835359990596771,0,0,0,0.00210799998603761,0.0320120006799698,0,0,0,0
"50kmE315N345",0.000500000023748726,0.0141559997573495,0.0011680000461638,0.00170799996703863,0,0,0.000939999998081475,0,0,0,0.00325999991036952,0.115932002663612,0,0,0,0,0,0.56495600938797,0,0.0323360003530979,0.0234040003269911,0,0.0129960002377629,0.0458879992365837,0.0299800001084805,0,0.00230400008149445,0,0.040667999535799,0,0,0,0,0,0.000628000008873641,0.109027996659279,0,0,0,0,0.000148000006447546,0,0,0,0
"50kmE320N345",0.00525599997490644,0.0728759989142418,0.0170879997313023,0.00645199976861477,0,0.00197999994270504,0.00491600017994642,0.000755999993998557,0.00152799999341369,0.00864799972623587,0.0168040003627539,0.112556003034115,0,0,0,0,0,0.479148000478745,0,0.00753200007602572,0.0320760011672974,0,0.00700399978086352,0.0362799987196922,0.0126679996028543,0.00992800015956163,0.0495919995009899,0,0.0289840009063482,0,0,0,0.00134800001978874,0,0.00159600004553795,0.075652003288269,0,0,0,0,0.0092799998819828,0,5.19999994139653e-05,0,0
"50kmE325N345",0.00254176324233413,0.060608446598053,0.0074624908156693,0.00220566219650209,0.00139166787266731,0.00300390203483403,0.00022581779921893,0.000278333580354229,0.00141792569775134,0.00311418506316841,0.0107762357220054,0.0375802852213383,0,0,0,0.000246824114583433,0,0.0302858427166939,0,0.0092847878113389,0.00774082401767373,0,0.00294613465666771,0.00142842892091721,0.00181704561691731,0,0.0046896580606699,0,0.000955786963459104,0.0011658500880003,0,0.000147044149343856,0,0,0,0,0.00198509613983333,0,0.0146518992260098,0,0,0,0.00294613465666771,0.789101898670197,0
"50kmE330N345",0,0,0,0,0,0,0,0,0,0,0,0,0,0,0,0,0,0.000293200428131968,0,0,0,0,0,0,0,0,0.00221233046613634,0,0,0,0,0,0,0,0,0,0,0,0,0,0,0,0,0.997494459152222,0
"50kmE335N345",0.000253972277278081,0.00382016645744443,0.00102647126186639,0.00016931485151872,0.000772499013692141,0,0.000851865392178297,0,0,0,0.00216934666968882,0.00280427723191679,0,0,0,0,0,0.126187190413475,0,0,0.000317465368425474,0,0.000634930736850947,0.000158732684212737,0,0.00249739410355687,0.00787843205034733,0,0.000259263382758945,0,0,0.000365085172234103,0,0,0,0.000497362401802093,0,0,0.00195770291611552,0,0.00184129911940545,0.000179897033376619,0.000576728722080588,0.844780623912811,0
"50kmE345N345",0.00202000001445413,0.117688000202179,0.018163999542594,0.000555999984499067,0.00106399995274842,0.00196400005370378,0.00063999998383224,0,0.000224000003072433,0.00467999977990985,0.0216400008648634,0.212676003575325,0,0,0,0,0,0.248799994587898,0,0,0.0027560000307858,0,0.0095600001513958,0.0015760000096634,0.00360799999907613,0.0106720002368093,0.00434800004586577,0,0.00161599996499717,0,0,0,0,0,0.000216000000364147,0.025628000497818,0.0147320004180074,0,0.0381679981946945,0,0.00208400003612041,0,0.00322400010190904,0.251695990562439,0
"50kmE350N345",0.00311599997803569,0.155811995267868,0.0167079996317625,0.000920000020414591,0,0,0.00314399995841086,0,0.000407999992603436,0.00824800040572882,0.0192440003156662,0.0103679997846484,0,0,0,0,0,0.495375990867615,0,0,0.00313200009986758,0,0.0217599999159575,0.00675999978557229,0.00532800005748868,0.0575519986450672,0.06241599842906,0,0.00269600003957748,0,0,0,0,0,0,0.122460000216961,0,0,0,0,0.00455200020223856,0,0,0,0
"50kmE355N345",0.00265599996782839,0.149156004190445,0.0307199992239475,0.00237999996170402,0,0.00249999994412065,0.00465200003236532,0.000136000002385117,0.000628000008873641,0.0105440001934767,0.0237639993429184,0.491488009691238,0,0,0,0,0,0.228067994117737,0,0,0.000123999998322688,0,0.0192600004374981,0.00614400021731853,0.00367200002074242,0.00146800000220537,0.00646799989044666,0,0.00107999995816499,0,0,0,0,0,0.0033239999320358,0.00836400035768747,0,0,0,0,0.00340400007553399,0,0,0,0
"50kmE360N345",0,0.0488080009818077,0.0136839998885989,0,0.00199600006453693,0.000768000027164817,0.00242800009436905,0,0.000384000013582408,0.00213199993595481,0.0124760000035167,0.792608022689819,0,0,0,0,0,0.0793239995837212,0,0.000352000002749264,0.000515999970957637,0,0.00872400030493736,0.00340400007553399,0.00453600008040667,0.000487999990582466,0.00323999999091029,0,0.000975999981164932,0,0,0,0,0,0.00112000002991408,0,0.00271999998949468,0,0.000180000002728775,0.00235600001178682,0.000747999991290271,0,0.0160319991409779,0,0
"50kmE365N345",0.000463017175206915,0.00970739405602217,0.000771695282310247,0,0,0,0,0,0,0.000170305167557672,0.00717410491779447,0.167250320315361,0,0,0,0,0,0.0111337006092072,0,0.000106440726085566,0.00105908524710685,0,0.00152742443606257,0,0.000244813680183142,0,0.000393830705434084,0,0.000947322463616729,0,0,0,0,0,0,0,0,0,0.00429488345980644,0,0.000643966428469867,0,0,0.794111728668213,0
"50kmE300N350",0,0.000788000004831702,9.20000020414591e-05,0,0.000119999996968545,9.99999974737875e-05,0,0,0,0,0,0,0,0,0,0,0,0.0161760002374649,0,0.00294000003486872,0.0399120002985001,0,1.59999999596039e-05,0.0213559996336699,0,0.00520400004461408,0.00594000006094575,0,0.0123840002343059,0.000975999981164932,0.0104120001196861,0.0205520000308752,0.0139239998534322,0,7.999999797903e-05,0.19318799674511,0,0,0,0,0.014919999986887,0.000136000002385117,0,0.640784025192261,0
"50kmE305N350",0.000468000012915581,0.0163199994713068,0.00182799994945526,0.000503999995999038,0,0.000236000007134862,0.00124400004278868,0,0,0.000103999998827931,0.00190799997653812,0.00136800005566329,0,0,0,0,0,0.57176798582077,0,0.00085200002649799,0.0539080016314983,0,0.00553599977865815,0.0150439999997616,0.00361600005999207,0.00482799997553229,0.000915999989956617,0,0.00929199997335672,0,0.0100119998678565,0.00723200011998415,0.00254800007678568,0,0.00859200023114681,0.110947996377945,0.000284000008832663,0,0.0053719999268651,0.000464000011561438,0.0662799999117851,0.000828000018373132,0,0.0976999998092651,0
"50kmE310N350",9.20000020414591e-05,0.00876399967819452,0.00122400000691414,0.000568000017665327,0,0,0.000500000023748726,0.00014000000373926,0,0,0.00102800002787262,0.00166800001170486,0,0,0,0,0,0.681644022464752,0,0.000615999975707382,0.0277120005339384,0,0.00448800018057227,0.0260680001229048,0.00869200006127357,0.0013160000089556,0,0,0.0193199999630451,0,0,0,0,0,0.0147080002352595,0.157427996397018,0,0,0,0.0019120000069961,0.0421120002865791,0,0,0,0
"50kmE315N350",0.000464000011561438,0.00967600010335445,0.000828000018373132,0.00236800010316074,0,0.000103999998827931,0.00254400004632771,0,0,0,0.0006520000169985,0.012079999782145,0,0,0,0,0,0.759316027164459,0,0.00285200006328523,0.032660000026226,0,0.00791999977082014,0.0238400008529425,0.0178200006484985,0.00031999999191612,0,0,0.0230679996311665,0,0,0,0,0,0.00500399991869926,0.0734359994530678,0,0,0,0.000415999995311722,0.0246319994330406,0,0,0,0
"50kmE320N350",0,0.0152799999341369,0.000844000023789704,0.000747999991290271,0,0,0.00313999992795289,0.00129199994262308,0,0.000103999998827931,0.00388800003565848,0.167076006531715,0,0,0,0,0,0.742540001869202,0,0.00522800022736192,0.0171160008758307,0,0.00600400008261204,0.00243599992245436,0.00908000022172928,0,0,0,0.00766800018027425,0,0,0,0,0,0.000607999972999096,0.0136799998581409,0,0,0.00011600000289036,3.9999998989515e-05,0.00311199994757771,0,0,0,0
"50kmE325N350",0,0.0128396917134523,0.0011472204932943,0.00234950752928853,0,0,0.000674565671943128,0.000527721422258765,0,0.000137666458613239,0.00282675144262612,0.102625757455826,0,0,0,0.000169788632774726,0,0.0838709995150566,0,0.0104488842189312,0.00366651685908437,0,0.000435943802585825,0.000298277329420671,0.000821409863419831,0,0,0,0,0.000252388505032286,0,0,0,0,0,0,0.000894832017365843,0,0.0190576277673244,0.000660799036268145,0,0,0,0.756293654441833,0
"50kmE335N350",0,0.00727076875045896,0.000525952607858926,0,0.000180927701876499,0.000652181217446923,0,0,0,0.000214588668313809,0.00113185006193817,0.00696782022714615,0,0,0,0,0,0.0595925338566303,0,0,0.00119917199481279,0,0.00107294332701713,0.00540679274126887,6.732193287462e-05,0.00196916656568646,0.0096775284036994,0,0,0,0,0,0,0,0,0,0,0,0.00148108252324164,0,0,0,0,0.902589380741119,0
"50kmE345N350",0.00101200002245605,0.0281920004636049,0.00571600021794438,0,0.00106000003870577,0.00036000000545755,0.00186800002120435,0,9.60000033956021e-05,0.000951999973040074,0.00606800010427833,0.0151279997080564,0,0,0,0,0,0.325607985258102,0,0,0.00567199988290668,0,0.019548000767827,0.00882400013506413,0.0360440015792847,0.0388559997081757,0.039792001247406,0,0.00887999963015318,0,0,0.00330400001257658,0,0,0.00067999999737367,0.0217480007559061,0.0156560000032187,0,0.132423996925354,0,0.00689599988982081,0.00049200002104044,0.0170319993048906,0.258091986179352,0
"50kmE350N350",0,0.00308799999766052,9.99999974737875e-05,0.000511999998707324,0,0,0.00141200004145503,0,0,0,0.00145600002724677,0,0,0,0,0,0,0.305676013231277,0,0,0.000411999993957579,0,0.00581200001761317,0.00919200014322996,0.00218400009907782,0.207343995571136,0.1978639960289,0,0.010428000241518,0,0.00104000000283122,0.021959999576211,0,0,0,0.229507997632027,0,0,0,0,0.00201199995353818,0,0,0,0
"50kmE355N350",0,0.0293480008840561,0.00455600023269653,0.000327999994624406,0,0.00378799997270107,0.00322799989953637,0,0,0.00192399998195469,0.0106159998103976,0.452475994825363,0,0,0,0,0,0.298067986965179,0,0,0.00182400003541261,0,0.0213639996945858,0.0222679991275072,0.00731999985873699,0.0242199990898371,0.0276399999856949,0,0.00298799993470311,0,0,0,0,0,0.000303999986499548,0.0864840000867844,0,0,0,0,0.00125600001774728,0,0,0,0
"50kmE360N350",0.00133200001437217,0.0200599990785122,0.00112799997441471,0,0,0,0.00105600000824779,0,0,0.000344000000040978,0.00499999988824129,0.30104398727417,0,0,0,0,0,0.20100399851799,0,0,0.00851999968290329,0,0.0300200004130602,0.0620919987559319,0.00731599982827902,0.00599600002169609,0.061064001172781,0,0.00944400019943714,0,0,0,0,0,0,0.0978839993476868,0,0,0.00167999998666346,0,0.000211999999010004,0,0,0.184804007411003,0
"50kmE365N350",0.000398103264160454,0.00163664668798447,0,0,0,0,0,0,0,0,0.00217629782855511,0.00837786216288805,0,0,0,0,0,0.00110584241338074,0,0,0,0,0,0,0,0,0,0,0,0,0,0,0,0,0,0,0,0,0.00103506841696799,0,0,0,0,0.985270202159882,0
"50kmE300N355",0,0.00121599994599819,0,0,0,0,0,0,0,0,0.000568000017665327,0,0,0,0,0,0,0.0237080007791519,0,0,0.0658319965004921,0,0.00298000010661781,0.0168719999492168,0.00238800002261996,0.0250240005552769,0.026715999469161,0,0.0134519999846816,0.0042200000025332,0.00429200008511543,0.0259920004755259,0,0,0.00195199996232986,0.307307988405228,0.000331999995978549,0,0.00924399960786104,0,0.0145239997655153,0.000387999985832721,0,0.452991992235184,0
"50kmE305N355",0.000236000007134862,0.00835200026631355,0.000472000014269724,0.00022000000171829,0,0.000352000002749264,0.00184399995487183,0,0,0,0.0013399999588728,0.000243999995291233,0,0,0,0,0,0.55324798822403,0,0.000180000002728775,0.1007120013237,0,0.00732799991965294,0.0343919992446899,0.00505599984899163,0.00269200000911951,0.00585999991744757,0,0.018843999132514,0,0.000571999989915639,0.00100799999199808,0.000444000004790723,0,0.0103799998760223,0.189400002360344,0,0,0.00036000000545755,0,0.0533160008490086,0,0,0.00314799998886883,0
"50kmE310N355",0,0.00562399998307228,0,0.000136000002385117,0,0.000544000009540468,0.000604000000748783,0,0,0,0.000380000012228265,9.99999974737875e-05,0,0,0,0,0,0.586395978927612,0,0.000155999994603917,0.125208005309105,0,0.00478400010615587,0.0545359998941422,0.00902799982577562,0.00383200007490814,0.00283199991099536,0,0.0353639982640743,0,0,0,0.00187599996570498,0,0.00945600029081106,0.135964006185532,0,0,0,0.000372000009519979,0.0228080004453659,0,0,0,0
"50kmE315N355",0,0.00715600000694394,0.000987999956123531,0,0,0,0.0019000000320375,0.000103999998827931,0,0,0.00184799998532981,0.000292000011540949,0,0,0,0,0,0.525668025016785,0,0,0.221852004528046,0,0.00922800041735172,0.037491999566555,0.0113399997353554,0.00403599999845028,0.00265999999828637,0,0.030120000243187,0,0,0,0.000228000004426576,0,0.00334400008432567,0.0866400003433228,0,0,0,0.00138399994466454,0.0537200011312962,0,0,0,0
"50kmE320N355",0.000296000012895092,0.0119399996474385,0.000411999993957579,0.000411999993957579,0,0,0.000864000001456589,0,0,0,0.00231199990957975,0.0046560000628233,0,0,0,0,0,0.83516401052475,0,0.000188000005437061,0.078404001891613,0,0.00339199998416007,0.0151159996166825,0.00870800018310547,0.0074880002066493,0.00211600004695356,0,0.0121039999648929,0,0,0,0,0,0.000407999992603436,0.00846800021827221,0,0,0,0,0.00755200022831559,0,0,0,0
"50kmE325N355",0.00103599997237325,0.0277720000594854,0.00268799997866154,0.00152399996295571,0,0,0.00190399994608015,0,0,0,0.00443999981507659,0.0464279986917973,0,0,0,0,0,0.626399993896484,0,0.0123079996556044,0.00728400005027652,0,0.00268799997866154,0.0166079998016357,0.00502000004053116,0.0459639988839626,0.0564920008182526,0,0.00687600020319223,0,0,0.000788000004831702,0,0,0,0.00718400022014976,0.00124400004278868,0,0.0133640002459288,0.000119999996968545,0.00315200001932681,0,0.00298000010661781,0.105736002326012,0
"50kmE330N355",0,0.00625522946938872,0.000128724976093508,0,0,0.000748213962651789,0.000349971029208973,0,0,0,0.00365659384988248,0.0173175316303968,0,0,0,0,0,0.171176061034203,0,0.0231865867972374,0.00638395454734564,0,0.0015527451178059,0.000116657014586963,0.00192282942589372,0.000663738173898309,0.00093727873172611,0,0.000100566387118306,0,0.000643624924123287,0,0,0,0,0,0.000148838254972361,0,0.0111105749383569,0,0.00118668342474848,0,4.42492128058802e-05,0.752369344234467,0
"50kmE335N355",0,0.00296800001524389,0.000192000006791204,0,0,0.000403999991249293,0.000483999989228323,0,0,0.00011600000289036,0.000539999979082495,0.0151680000126362,0,0,0,0,0,0.0642440021038055,0,0,0.00353199988603592,0,0.00161999999545515,0.00565600022673607,0.000715999980457127,0.0144199999049306,0.0262359995394945,0,0.000508000026457012,0,0.000739999988581985,0,0,0,0,0,0,0,0.000452000007499009,0,0.00014000000373926,0,0,0.861863970756531,0
"50kmE340N355",0,0.00450280960649252,0.000512319675181061,0,0.000124077429063618,0,0,0,0,0.000684427097439766,0.000432269735028967,0.00595171377062798,0,0,0,0,0,0.014348953962326,0,0,0,0,0,0,0,0.000384239770937711,0,0,8.0049954704009e-05,0,0,0,0,0,0.000224139861529693,0,0,0,0.00262563838623464,0,0,0,0,0.970129370689392,0
"50kmE345N355",0.000243999995291233,0.0112319998443127,0.00549199990928173,0,0.000211999999010004,0,0.00104000000283122,0,0,0,0.00225999997928739,0.0447719991207123,0,0,0,0,0,0.377344012260437,0,0,0.00031999999191612,0,0.0250560007989407,0.0235840007662773,0.0145079996436834,0.213499993085861,0.134215995669365,0,0.00949599966406822,0,0.00517599983140826,0.0517520010471344,0,0,0,0.0168120004236698,0,0,0.00609599985182285,0,0.0177400000393391,0,0.00153600005432963,0.0376119986176491,0
"50kmE350N355",0,0.00466800015419722,0.000531999976374209,0.00135200005024672,0,0,0.00207199994474649,0,0,0,0.002608000067994,0.0368519984185696,0,0,0,0,0,0.356243997812271,0,0,0.00063999998383224,0,0.00366799999028444,0.0114439995959401,0.00757599994540215,0.155839994549751,0.179631993174553,0,0.00552000012248755,0,0.00028000000747852,0.0503760017454624,0,0,0,0.17756000161171,0,0,0,0,0.00313599989749491,0,0,0,0
"50kmE355N355",0.00418000016361475,0.121551997959614,0.0265319999307394,0.00113200000487268,0.00107200001366436,0,0.00345600000582635,0,0,0.00879599992185831,0.0166120007634163,0.33967998623848,0,0,0,0,0,0.291696012020111,0,0,0.0044680000282824,0,0.0179440006613731,0.0271439999341965,0.00559999980032444,0.0179200004786253,0.0435159988701344,0,0.00500799994915724,0,0.000103999998827931,0.000207999997655861,0,0,0.000515999970957637,0.0149440001696348,0.000531999976374209,0,0.000236000007134862,0.0015760000096634,0.00267599988728762,0,0,0.0428999997675419,0
"50kmE360N355",0.00105393002741039,0.0161562692373991,0.0154436687007546,0.00271866051480174,0.0040660141967237,0,0.000802424037829041,0,0,0.00230547203682363,0.00241326028481126,0.0121800787746906,0,0,0,0,0,0.00477861473336816,0,0,0.000568882736843079,0,0.00197013071738183,0,0.00050900032510981,0.00241924868896604,0,0,0,0,0,0,0,0,0.000359294353984296,0,0.0004850473778788,0,0.00431752018630505,0.000610800401773304,0.000221564841922373,0,0,0.926620125770569,0
"50kmE445N355",0.000364000006811693,0.0149520002305508,0.00109599996358156,0.000172000000020489,0.00106799998320639,0,0.000595999998040497,0.000112000001536217,0,0,0.00424400018528104,0.197104007005692,0,0,0,0.000127999999676831,0,0.00203599990345538,0,0.00532800005748868,0.0124080004170537,0,0.0182879995554686,0.00159200001507998,0.0226199999451637,0.00100799999199808,0,0,0.00164399994537234,0,0,0,0,0,0.00197200011461973,0.00022000000171829,0.00338799995370209,0,0.000403999991249293,0,0.000103999998827931,0.000103999998827931,0,0.709047973155975,0
"50kmE450N355",0.000240568158915266,0.0182465724647045,0.00196638330817223,0.000261487119132653,0.000601420411840081,0,0.000151662534335628,0,0.000183040989213623,0.00135973305441439,0.00305939931422472,0.203531116247177,0,0,0,0,0,0.00870229210704565,0,0.000135973314172588,0.000214419444091618,0,2.09189711313229e-05,0,0.000402690173359588,0,0,0,0,0.000308554823277518,0,0,0,0,0,0,0,0,0,0,0,0.000460217357613146,0,0.760153532028198,0
"50kmE455N355",0.000308897491777316,0.00533157074823976,0.00113674276508391,0,0,0,0,0,0,0,0.00229201931506395,0.0613779313862324,0,0,0,0,0,0.010063880123198,0,0,0,0,0.000599261140450835,0.00646213535219431,0.000284185691270977,0,0,0,0,0.000951404275838286,0,0,0,0,0,0,0,0,0,0,0,0,0,0.911191999912262,0
"50kmE300N360",0,0.0014773296425119,0,0,0,0,0,0,0,0,0.000640576530713588,0,0,0,0,0,0,0.0422460213303566,0,0,0.0347793027758598,0,0,0.0104814330115914,0.000148133316542953,0.00472425203770399,0.00877189449965954,0,0.00597337586805224,0.00486838165670633,0.00151336204726249,0.00519667705520988,0,0,0,0.195411875844002,0,0,0.0127754975110292,0,0.00500450422987342,0,0.00404764292761683,0.661939740180969,0
"50kmE305N360",0.000163999997312203,0.00310399988666177,0.000288000010186806,0,0,0,0.000148000006447546,0,0,0,0.000395999988541007,0.000132000001030974,0,0,0,0,0,0.212852001190186,0,9.99999974737875e-05,0.037576001137495,0,0.00253199995495379,0.0586600005626678,0.00168400001712143,0.00515600014477968,0.0101920003071427,0,0.0423000007867813,0.00240399991162121,0.00127200002316386,0.00307999993674457,0,0,0.00321200001053512,0.279184013605118,0.000560000014957041,0,0.00633199978619814,0,0.0167999994009733,0.000384000013582408,0.00353599991649389,0.307951986789703,0
"50kmE310N360",0.000315999990561977,0.00538400001823902,0.000472000014269724,0.000723999983165413,0.00011600000289036,0.000284000008832663,0.00044000000343658,0,0,9.60000033956021e-05,0.000920000020414591,0,0,0,0,0,0,0.20048800110817,0,0,0.0951920002698898,0,0.00853999983519316,0.0275560002774,0.0072719999589026,0.0179999992251396,0.017467999830842,0,0.0249799992889166,0.00282800011336803,0,0.000387999985832721,0.00333600002340972,0,0.00110400002449751,0.105736002326012,0.000991999986581504,0,0.0177919995039701,0,0.00820800010114908,0,0.005216000135988,0.446152001619339,0
"50kmE315N360",0.000228000004426576,0.00898000039160252,0.00154399999883026,0.000352000002749264,0,0.000284000008832663,0.000684000027831644,0,0.000108000000182074,0,0.00162400002591312,0,0,0,0,0,0,0.388904005289078,0,0.000268000003416091,0.114692002534866,0,0.00671999994665384,0.080155998468399,0.00448000011965632,0.0454920008778572,0.023420000448823,0,0.0654079988598824,0.00184399995487183,0,0,0.00126399996224791,0,0.000783999974373728,0.143276005983353,0.00011600000289036,0,0.0069599999114871,0.00176000001374632,0.0668480023741722,0,0.000760000024456531,0.0330439992249012,0
"50kmE320N360",0.00039999998989515,0.0116919996216893,0.00436800019815564,0,0,0,0.00484400009736419,0,9.99999974737875e-05,0,0.00343600008636713,0.00210399995557964,0,0,0,0,0,0.661087989807129,0,0,0.0321200005710125,0,0.00148400000762194,0.0339119993150234,0.00542799988761544,0.104988001286983,0.0559960007667542,0,0.0242800004780293,0,0,0,0,0,0,0.0528279989957809,0,0,0,0,0.000931999995373189,0,0,0,0
"50kmE325N360",0.00369199994020164,0.0468240007758141,0.0116400001570582,0.000284000008832663,0,0.00236400007270277,0.00249599991366267,0.000391999987186864,0.000587999995332211,0.00135200005024672,0.00975999981164932,0.0364480018615723,0,0,0,0.000303999986499548,0,0.630864024162292,0,0.0224399995058775,0.00282400008291006,0,0.00842799991369247,0.005044000223279,0.00186800002120435,0.0352879986166954,0.00674400012940168,0,0.00125199998728931,0,0,0,0,0,0.000155999994603917,0.0119200004264712,0,0,0,0.000631999981123954,0.156396001577377,0,0,0,0
"50kmE330N360",0.00605199998244643,0.0440119989216328,0.0056520001962781,0,0.00225599994882941,0.00104799994733185,0.00106000003870577,0.000647999986540526,0.00022000000171829,0.00112000002991408,0.00853999983519316,0.0146559998393059,0,0,0,0,0,0.195531994104385,0,0.0169840008020401,0.00250399997457862,0,0.00511999987065792,0.0062759998254478,0.000151999993249774,0.0253120008856058,0.00985199958086014,0,0.00258000008761883,0,0,0,0,0,0,0,0,0,0.0120679996907711,0,0.000763999996706843,0,0.00529199978336692,0.632300019264221,0
"50kmE335N360",0,0.0026159998960793,0.00767599977552891,0,0.000224000003072433,0.000136000002385117,0.000315999990561977,0,0,0,0.00164799997583032,0.059723999351263,0,0,0,0,0,0.176003992557526,0,0,0.00363199994899333,0,0.0114759998396039,0.0834520012140274,0.00306800007820129,0.0254800003021955,0.0531239993870258,0,0.0371319986879826,0,0.00318800006061792,0.00022000000171829,0,0,0,0.0907640010118484,0.000123999998322688,0,0.00486799981445074,0,0.00307200010865927,0,0.00107999995816499,0.430976003408432,0
"50kmE340N360",0,0.00435200007632375,0.001304000033997,0.00083999999333173,0,0,0.00022000000171829,0,0,0,0.00228399992920458,0.0604519993066788,0,0,0,0,0,0.251635998487473,0,0,0.0146040003746748,0,0.0175119992345572,0.131947994232178,0.0122279999777675,0.0486080013215542,0.130996003746986,0,0.0590719990432262,0,0.00014000000373926,0.00322799989953637,0,0,0,0.0225639995187521,0.00348399998620152,0,0.013327999971807,0.000284000008832663,0.0079560000449419,0,0.0162480007857084,0.196712002158165,0
"50kmE345N360",0.000592000025790185,0.0195400007069111,0.00984000042080879,0.00150000001303852,0,0.000151999993249774,0.00107999995816499,0,0.000103999998827931,9.99999974737875e-05,0.0073640001937747,0.16499200463295,0,0,0,0,0,0.368147999048233,0,0,0.00108399998862296,0,0.0142599996179342,0.0825479999184608,0.00566399982199073,0.0707440003752708,0.0263560004532337,0,0.0267040003091097,0,0,0.00023999999393709,0,0,0,0.0154560003429651,0.017467999830842,0,0.0303799994289875,0,0.000783999974373728,0,0.0258000008761883,0.109099999070168,0
"50kmE350N360",0,0.00419999985024333,0.000631999981123954,0,0,0.000671999994665384,0.000768000027164817,0,0,0,0.00514000002294779,0.0391199998557568,0,0,0,0,0,0.28235599398613,0,0,0.000288000010186806,0,0.00827199965715408,0.174260005354881,0.0110919997096062,0.185652002692223,0.0851240009069443,0,0.0997319966554642,0,0,0,0,0,0,0.0974519997835159,0,0,0,3.19999999192078e-05,0.00520800007507205,0,0,0,0
"50kmE355N360",0.00353199988603592,0.0622639991343021,0.0143879996612668,0,0.000655999989248812,0.00104000000283122,0.00212799990549684,0.000216000000364147,0.000607999972999096,0.00410000002011657,0.0132079999893904,0.265475988388062,0,0,0,0,0,0.266923993825912,0,0,0.00346000003628433,0,0.010487999767065,0.0289520006626844,0.0144159998744726,0.0424400009214878,0.0495559982955456,0,0.0123199997469783,0,0,0.000380000012228265,0,0,0.000411999993957579,0.0131440004333854,0.000172000000020489,0,0.00417600013315678,0.00179999996908009,0.00176400004420429,0,0.000820000015664846,0.181160002946854,0
"50kmE445N360",0.0111840004101396,0.144587993621826,0.0292080007493496,0.00255200010724366,0.00654400000348687,0.00755599979311228,0.00230000005103648,5.60000007681083e-05,0.000495999993290752,0.0192280001938343,0.0226680003106594,0.190615996718407,0,0,0,0,0,0.00746400002390146,0,0.006632000207901,0.0491239987313747,0,0.0182559993118048,0.00143199996091425,0.021891999989748,0.014228000305593,0,0,0.0119319995865226,0.000820000015664846,0,0,0,0,0.00356399989686906,0.0044680000282824,0.0024600001052022,0,0,0,0.00877999980002642,0.00067999999737367,0,0.411271989345551,0
"50kmE450N360",0.000620000006165355,0.0620919987559319,0.0138760004192591,0.00213199993595481,0.00475599989295006,0.00182400003541261,0.00180800002999604,0.000831999990623444,0.00011600000289036,0.00562399998307228,0.0113000003620982,0.601772010326385,0,0,0,0,0,0.0434719994664192,0,0.00213199993595481,0.0133360000327229,0,0.0515640005469322,0.0273599997162819,0.00304799992591143,0.00140399998053908,0,0,0.00270000007003546,0,0,0,0,0,0.000251999997999519,0.000712000008206815,0,0,0,0,0.0255360007286072,0,0,0.121731996536255,0
"50kmE455N360",0,0.0156280007213354,0.00126399996224791,0.000136000002385117,0.000151999993249774,0.000272000004770234,0.000444000004790723,0.000112000001536217,0,0.000915999989956617,0.00293600000441074,0.478163987398148,0,0,0,0.00364000000990927,0,0.0488919988274574,0,0.00411600014194846,0.0199319999665022,0,0.106551997363567,0.0822120010852814,0.00887599959969521,0.000148000006447546,0,0,0.00488799996674061,0.000915999989956617,0,0,0,0,0,0.00409599998965859,0,0,0,0,0.00425999984145164,0,0.000123999998322688,0.211324006319046,0
"50kmE310N365",0,0.000805658288300037,0,0,0.000249264441663399,0,0,0,0,0,0,0,0,0,0,0,0,0.0136383259668946,0,0,0.0258745402097702,0,0.000454017397714779,0.00543040409684181,0,0.00681916298344731,0.016852056607604,0,0.00711293891072273,0.00259056990034878,0.000115729919343721,0.00454462505877018,0,0,0.000115729919343721,0.104152478277683,0.000347189779859036,0,0.00547491572797298,0,0.00115284812636673,0,0.00133089406881481,0.802938640117645,0
"50kmE315N365",0,0.00898400042206049,0.00097200000891462,0.000151999993249774,0,0.000188000005437061,0.000255999999353662,0,0,0,0.000571999989915639,0.000176000001374632,0,0,0,0,0,0.157752007246017,0,0.00787600036710501,0.0790600031614304,0,0.00778800016269088,0.069912001490593,0.00252399989403784,0.0128760002553463,0.0266159996390343,0,0.0552840009331703,0.00312400003895164,0.00147200003266335,0.0358520001173019,0,0,0.00047999998787418,0.451076000928879,0,0,0.0104719996452332,0,0.0122680002823472,0,0.00306000001728535,0.0512080006301403,0
"50kmE320N365",0.000780000002123415,0.02381999976933,0.00511199980974197,0,0,0.00185999996028841,0.000980000011622906,0,0.000108000000182074,0.000912000017706305,0.00193599995691329,0.0490799993276596,0,0,0,0,0,0.459648013114929,0,0.0168880000710487,0.0268520005047321,0,0.00574399996548891,0.0299800001084805,0.00243999995291233,0.0440279990434647,0.0798999965190887,0,0.0142759997397661,0.000380000012228265,0,0,0.000255999999353662,0,0.000167999998666346,0.111616000533104,0.000163999997312203,0,0.0122320000082254,0.0035880000796169,0.00139200000558048,0,0.00367200002074242,0.102187998592854,0
"50kmE325N365",0.00031999999191612,0.0141319995746017,0.00374400010332465,0,0,0,0.00127999996766448,0.00011600000289036,0.000172000000020489,0,0.00490800011903048,0.0200960002839565,0,0,0,0,0,0.461044013500214,0,0.0134159997105598,0.0104839997366071,0,0.0017239999724552,0.0481760017573833,0.00233600009232759,0.0792599990963936,0.0520039983093739,0,0.0115480003878474,0,0,0.000127999999676831,0.00014000000373926,0,0,0.0416879989206791,0,0,0.00339199998416007,0.00195199996232986,0.000339999998686835,0,0.000880000006873161,0.226720005273819,0
"50kmE330N365",0,0.00177600001916289,0,0,0,0.000356000004103407,0.000119999996968545,0,0,0,0.000460000010207295,0.00552400015294552,0,0,0,0,0,0.0594240017235279,0,0,0.00282000005245209,0,0.00083999999333173,0.0201319996267557,0,0.0314520001411438,0.0182680003345013,0,0.00678399996832013,0,0.000184000004082918,0,0,0,0,0.0487960018217564,0,0,0.00105600000824779,0,0,0,0,0.802007973194122,0
"50kmE335N365",0,0.0021480000577867,0.00387199991382658,0,0,0,0.000211999999010004,0,0.000108000000182074,0,0.00159600004553795,0.0169879999011755,0,0,0,0,0,0.103147998452187,0,0,0.000888000009581447,0,0.00654400000348687,0.0651360005140305,0.00542399985715747,0.0284119993448257,0.0329240001738071,0,0.025823999196291,0,0,0,0,0,0,0.00899199955165386,0,0,0.00130000000353903,0,0.000423999998020008,0,0,0.696060001850128,0
"50kmE340N365",0.000612000003457069,0.0160160008817911,0.0103040002286434,0,0.000199999994947575,0.00134800001978874,0.0163599997758865,0,0,0.000415999995311722,0.0035880000796169,0.033075999468565,0,0,0,0,0,0.244028002023697,0,0,0.00247599999420345,0,0.00687600020319223,0.160779997706413,0.00621599983423948,0.0854919999837875,0.168088003993034,0,0.0675040036439896,0,0,0.00807600002735853,0,0,0.000691999972332269,0.147067993879318,0,0,0.00148800003807992,0,0.00677999993786216,0,0,0.0125160003080964,0
"50kmE345N365",0,0.00457999994978309,0.0128440000116825,0.0037839999422431,0,0,0.00288800010457635,0,0.000155999994603917,0.000163999997312203,0.00324800005182624,0.0285000000149012,0,0,0,0,0,0.170460000634193,0,0,0.00303600006736815,0,0.00194400001782924,0.157967999577522,0.0093560004606843,0.229476004838943,0.205236002802849,0,0.0848800018429756,0,0,0.00870000012218952,0,0,0,0.0680840015411377,0,0,0,0.00022000000171829,0.00447600008919835,0,0,0,0
"50kmE350N365",0,0.0102439997717738,0.00138799997512251,0,0,0,0.000108000000182074,0,0.000119999996968545,0,0.00918800011277199,0.29229599237442,0,0,0,0,0,0.211799994111061,0,0,0.00337999989278615,0,0.00964799989014864,0.0867120027542114,0.00976799987256527,0.196779996156693,0.110763996839523,0,0.0338760018348694,0,0,0.000576000020373613,0,0,0.00011600000289036,0.0228959992527962,0,0,0,0,0.000339999998686835,0,0,0,0
"50kmE355N365",0,0.00510000018402934,0.00158399995416403,0,0,0,0.000699999975040555,0,0,0,0.00759600009769201,0.312067985534668,0,0,0,0,0,0.131288006901741,0,0,0.00256799999624491,0,0.00398400006815791,0.0194479990750551,0.00617599999532104,0.0600120015442371,0.0617999993264675,0,0.00738399988040328,0,0,0.00232800003141165,0,0,0,0.0139600001275539,0.000427999999374151,0,0.0144520001485944,0.000255999999353662,0,0,0.000623999978415668,0.34824401140213,0
"50kmE445N365",0.000655999989248812,0.0495399981737137,0.00814399961382151,0.00049200002104044,0.000419999996665865,0.00164000003132969,0.000432000000728294,0.000620000006165355,0,0.00399200012907386,0.0213200002908707,0.253672003746033,0,0,0,0.000820000015664846,0,0.0086880000308156,0,0.00227999989874661,0.0362679995596409,0,0.0266280006617308,0.0125200003385544,0.0237719994038343,0.000364000006811693,0,0,0.00265599996782839,0.000331999995978549,0,0,0,0,0.00109999999403954,0.00209599989466369,0,0,0,0,0.0222919993102551,0,0,0.519255995750427,0
"50kmE450N365",0,0.0261240005493164,0.00345199997536838,0.000151999993249774,0,0.00130000000353903,0.00134800001978874,0.000247999996645376,0,0.00132399995345622,0.00250800000503659,0.295800000429153,0,0,0,0.00011600000289036,0,0.0355440005660057,0,0.00109599996358156,0.0224600005894899,0,0.213119998574257,0.326772004365921,0.0322879999876022,0,0,0,0.0108599998056889,0,0,0,0,0,0.000292000011540949,0.0133440000936389,0,0,0,0,0.0118519999086857,0,0,0,0
"50kmE455N365",0,0.0310040004551411,0.00502800010144711,0.000427999999374151,0.000176000001374632,0.00133600004483014,0.000752000021748245,0.000452000007499009,0.000132000001030974,0.00119600002653897,0.0036359999794513,0.280479997396469,0,0,0,0.000647999986540526,0,0.0560400001704693,0,0.0024679999332875,0.0148040000349283,0,0.179848000407219,0.274843990802765,0.019896000623703,0,0,0,0.0110400002449751,0.000251999997999519,0,0,0,0,0.00466000009328127,0.00573199987411499,0,0,0,0.000460000010207295,0.0609479993581772,0,0.000192000006791204,0.0435479991137981,0
"50kmE460N365",0.000271021359367296,0.0223531927913427,0.00330484239384532,0.000521817244589329,0.000570358359254897,0.00133892637677491,0.000428780040238053,0.000177984169567935,0,0.00110835593659431,0.00203468254767358,0.0862414166331291,0,0,0,0,0,0.0119613446295261,0,0,0.00678362371399999,0,0.0972481220960617,0.166399016976357,0.0211477559059858,0,0.000182029267307371,0,0.00481770792976022,0,0.000266976247075945,0,0,0,0,0,0,0,0,0,0.00654091825708747,0,0.0001496684999438,0.566151440143585,0
"50kmE465N365",0.000469041231554002,0.0139560336247087,0.00183502095751464,9.46311265579425e-05,0.000279778963886201,0,0.000213948631426319,0.000263321388047189,0,0.00181856332346797,0.00120140379294753,0.0553921237587929,0,0,0,0,0,0.00966060347855091,0,0.000621273880824447,0.00404445175081491,0,0.0472991056740284,0.113614946603775,0.0149105731397867,0,0.000111088709672913,0,0.00571901118382812,0.000102859914477449,0.000703561818227172,0,0,0,0,0.000201605434995145,0.000748820195440203,0,0,0,0.000822879315819591,0.000304465356748551,0,0.725610911846161,0
"50kmE470N365",0,0,0,0,0,0,0,0,0,0,0,0.00171147286891937,0,0,0,0,0,0.00499810697510839,0,0,0,0,0.00212040892802179,0,0,0,0,0,0,0.0018629307160154,0,1.51457779793418e-05,0,0,0,0,0,0,0,0,0,0,0,0.989291906356812,0
"50kmE315N370",0,0.00190056918654591,0,0,0,0,0.000261813111137599,0,0,0,0.00196844665333629,0,0,0,0,0,0,0.0261134337633848,0,0.00808226782828569,0.0105646438896656,0,0.000465445511508733,0.000984223326668143,0.00225935014896095,0.00234662112779915,0.0118106799200177,0,0.000829074822831899,0.00602654973044991,0,0.00237086322158575,0,0,0,0.0335169248282909,0.000484839081764221,0,0.00775257684290409,0,0.000998768489807844,0,0.0011490685865283,0.880113840103149,0
"50kmE320N370",0,0.00127482041716576,0,0,0,0,0.000197983463294804,0,0,0,0.000951286405324936,0,0,0,0,0,0,0.0907054021954536,0,0.00106717913877219,0.0183303710073233,0,0.000453913322417066,0.00296009425073862,0.000482886505778879,0.00121204508468509,0.0365738235414028,0,0.000632581301033497,0.00671212235465646,0.00108649465255439,0.00176736456342041,0.00179150886833668,0,0,0.0399492010474205,0.000154523673700169,0,0.00558699667453766,0,0.000811249308753759,0,0.00150660588406026,0.785791575908661,0
"50kmE325N370",0,0,0,0,0,0,0,0,0,0,0,0.000571983167901635,0,0,0,0,0,0.00620742375031114,0,2.34419312619139e-05,0,0,0,0.00427580857649446,0,0.00238638860173523,0.00304745114408433,0,0.000314121891278774,0.000121898046927527,0.000257861247519031,0,0,0,0,0.00899232551455498,0,0,0.000140651594847441,0,4.06652692927079e-28,0,0,0.97366064786911,0
"50kmE330N370",0,0.00052000000141561,0.00191999995149672,0,0,0.00195199996232986,0,0,0,0,0.000980000011622906,0.00335599994286895,0,0,0,0,0,0.053091999143362,0,0,0.000255999999353662,0,0.00461999978870153,0.0504279993474483,0.000136000002385117,0.00837999954819679,0.0259600002318621,0,0.0131999999284744,0,0,0.00168400001712143,0,0,0,0.143355995416641,0.00036000000545755,0,0.00245200004428625,0,0.00140399998053908,0,0,0.685944020748138,0
"50kmE335N370",0,0.0120320003479719,0.00361600005999207,0.000112000001536217,0.000631999981123954,0,0,0,0,0,0.00312000000849366,0.0123720001429319,0,0,0,0,0,0.0688159987330437,0,0,0.00227200007066131,0,0.0237639993429184,0.11481200158596,0.0046080001629889,0.0232319999486208,0.072552002966404,0,0.0346879996359348,0,0.000247999996645376,0.00331999990157783,0,0,0,0.132532000541687,0,0,0.00448800018057227,0,0.00178000004962087,0,0.000127999999676831,0.480875998735428,0
"50kmE340N370",0.00352000002749264,0.155975997447968,0.0364440008997917,0.00326399994082749,0.000331999995978549,0.00115200004074723,0.00311199994757771,0.000423999998020008,0.000415999995311722,0.00987999979406595,0.0241640005260706,0.0429240018129349,0,0,0,0,0,0.366571992635727,0,0.000576000020373613,0.00769599992781878,0,0.0244360007345676,0.0420119985938072,0.010835999622941,0.0571039989590645,0.0514319986104965,0,0.0226520001888275,0,0,0.000172000000020489,0,0,0,0.0885640010237694,0,0,0.000752000021748245,0.00121200003195554,0.00915999989956617,0,0.0122680002823472,0.0229480005800724,0
"50kmE345N370",0.00138799997512251,0.0991640016436577,0.0264800004661083,0.00282000005245209,0.00169599999208003,0.00120800000149757,0.00894000008702278,0.00104400003328919,0.000684000027831644,0.00295199989341199,0.0198400001972914,0.169612005352974,0,0,0,0,0,0.289279997348785,0,0.000407999992603436,0.00738399988040328,0,0.0224799998104572,0.0558479987084866,0.0168559998273849,0.049711998552084,0.050636000931263,0,0.026655999943614,0,0.00105199997778982,0.000668000022415072,0,0,0.000676000025123358,0.0828720033168793,0,0,0.00350799993611872,0.00134399998933077,0.00549999997019768,0,0.0304719991981983,0.0188200008124113,0
"50kmE350N370",0.00368000008165836,0.0415280014276505,0.0100800003856421,0.000144000005093403,0.00127999996766448,0,0.00256399996578693,0.000896000012289733,0.00127200002316386,0.00232800003141165,0.0160600002855062,0.244231998920441,0,0,0,0,0,0.0996920019388199,0,0,0.0014639999717474,0,0.0135000003501773,0.0142799997702241,0.00988399982452393,0.0372000001370907,0.0912640020251274,0,0.00357599998824298,0,0.00011600000289036,0.000255999999353662,0,0,0,0.00619200011715293,0.000108000000182074,0,0.00754400016739964,0,0.00182799994945526,0,0.0026320000179112,0.386400014162064,0
"50kmE355N370",0,0.00161684397608042,0.000598831102252007,0,0,0,0.000149707775563002,0,0.000880281673744321,0,0.000497029803227633,0.0812074840068817,0,0,0,0,0,0.0230430196970701,0,0,0,0,0.00143719464540482,0.00556912925094366,0.00349717354401946,0.0053475615568459,0.00386844878084958,0,0.000862316752318293,0,0.00122760375961661,0,0,0,0,0.000862316752318293,0,0,0.00186236470472068,0,0,0,0,0.86747270822525,0
"50kmE445N370",0.000404897087719291,0.0177806410938501,0.00346121704205871,0.000139319425215945,0.00127128977328539,0.000770610582549125,0.00071401207242161,0,0,0.00192870327737182,0.00449740514159203,0.0951769351959229,0,0,0,0,0,0.00946936756372452,0,0.00158911221660674,0.0122557552531362,0,0.0245811715722084,0.0225871615111828,0.00251645711250603,0,0,0,0.00274285115301609,0.000626937428023666,0,0,0,0,0,0.000992650864645839,0,0,0,0,0,0,0,0.796493530273438,0
"50kmE450N370",0,0.0160039998590946,0.00179999996908009,0.00104000000283122,0,0.000224000003072433,0.000307999987853691,0.000172000000020489,0,0.000216000000364147,0.00149199995212257,0.149959996342659,0,0,0,0,0,0.0140279997140169,0,0.00508000003173947,0.0573440007865429,0,0.0623119994997978,0.558000028133392,0.0164759997278452,0,0,0,0.0297679994255304,0.00097200000891462,0,0,0,0,0.000612000003457069,0.0533399991691113,0,0,0.000188000005437061,0.0021959999576211,0.0170639995485544,0,0,0.011404000222683,0
"50kmE455N370",0,0.0107079995796084,0.00199600006453693,0.00121200003195554,0,0,0.000436000002082437,0.000203999996301718,0.000144000005093403,0.000276000006124377,0.000331999995978549,0.0362479984760284,0,0,0,0,0,0.0119759999215603,0,0.00505999987944961,0.0503159984946251,0,0.0158639997243881,0.643364012241364,0.0202079992741346,0,0,0,0.0951879993081093,0,0,0,0,0,0.00375599996186793,0.0455959998071194,0,0,0,0.00157199997920543,0.0555440001189709,0,0,0,0
"50kmE460N370",0,0.00596000021323562,0.00117199996020645,0,0,0.000500000023748726,0,0,0,0.000228000004426576,0,0.0340839996933937,0,0,0,0,0,0.00767599977552891,0,0.00294000003486872,0.0441199988126755,0,0.033831998705864,0.645835995674133,0.0290120001882315,0,0,0,0.0708160027861595,0,0,0,0,0,0.00275200000032783,0.00736000016331673,0,0,0,0.000136000002385117,0.113576002418995,0,0,0,0
"50kmE465N370",0,0.0104040000587702,0.000728000013623387,0,0,0.000123999998322688,0.000103999998827931,0.000364000006811693,0,0.000136000002385117,0.00109599996358156,0.0691599994897842,0,0,0,0,0,0.00843599997460842,0,0.0013279999839142,0.0466240011155605,0,0.047435998916626,0.683107972145081,0.0387879982590675,0,0,0,0.0393280014395714,0,0,0,0,0,0.00226800004020333,0.00221999990753829,0.000144000005093403,0,0,0,0.0164960008114576,0,0.000684000027831644,0.0310239996761084,0
"50kmE470N370",0.000144177625770681,0.011926693841815,0.00237492588348687,0,0.0001161430918728,0.000933149654883891,0.000664819031953812,0,0,0.00117745064198971,0.00102526310365647,0.104496739804745,0,0,0,0,0,0.0576870702207088,0,0.000284350331639871,0.0156873259693384,0,0.0201007649302483,0.00997228547930717,0.00132162822410464,0.00355237652547657,0,0,0.00074091280112043,0.00146981084253639,0,0.0604624897241592,0,0,0.000140172691317275,0,0.00117745064198971,0,0,0,0,0,0,0.704544007778168,0
"50kmE325N375",0,0,0,0,0,0,0,0,0,0,0,0.000187099140021019,0,0,0,0,0,0.00110014295205474,0,0,0,0,0,0,0,0.000553813471924514,0.00145937327761203,0,0,0,0,0,0,0,0,0.00154169695451856,0,0,0,0,6.73556933179498e-05,0,0,0.995090544223785,0
"50kmE330N375",0,0,0,0,0,0,0,0,0,0,0.000132000001030974,0.000872000004164875,0,0,0,0,0,0.00903999991714954,0,0,0,0,0.000991999986581504,0.00473600020632148,0.000195999993593432,0.00656800018623471,0.0315920002758503,0,0.000523999973665923,0.000176000001374632,0.00213599996641278,0.0114399995654821,0,0,0.000255999999353662,0.146855995059013,0.000243999995291233,0,0.00399600015953183,0,0.00173200003337115,0.000464000011561438,0.00345600000582635,0.774591982364655,0
"50kmE335N375",0,0.00134800001978874,0.00243199989199638,0,0.000123999998322688,0,0.000211999999010004,0.000112000001536217,0,0,0.000236000007134862,0.000264000002061948,0,0,0,0,0,0.0575440004467964,0,0,0.00152000004891306,0,0.0283160004764795,0.247523993253708,0.00523599982261658,0.088919997215271,0.113463997840881,0,0.0671240016818047,0,4.4000000343658e-05,0.00307200010865927,0.00011600000289036,0,0,0.138099998235703,0.000820000015664846,0,0.00285600009374321,0.00014000000373926,0.0230240002274513,0.000127999999676831,0.00162400002591312,0.215700000524521,0
"50kmE340N375",0,0.00483600003644824,0.000547999981790781,0,0.00044000000343658,0,0.000276000006124377,0,0,0,0.00356399989686906,0.0200440008193254,0,0,0,0,0,0.078684002161026,0,0,0.00340000004507601,0,0.0403200015425682,0.1406279951334,0.0109000001102686,0.259516000747681,0.16949599981308,0,0.0517360009253025,0,0,0.0307279992848635,0,0,0,0.118615999817848,0,0,0.000307999987853691,0.00814399961382151,0.0473480001091957,0,0.00158000004012138,0.00888799969106913,0
"50kmE345N375",0.000655999989248812,0.0236719995737076,0.00694000022485852,0.000163999997312203,0,0,0.000715999980457127,0,0.000247999996645376,0.000136000002385117,0.0110280001536012,0.195291996002197,0,0,0,0,0,0.204007998108864,0,0.000739999988581985,0.00311599997803569,0,0.0256999991834164,0.0741119980812073,0.0214120000600815,0.160743996500969,0.180332005023956,0,0.0226039998233318,0,0,0.00337999989278615,0,0,0.000415999995311722,0.0463560000061989,0,0,0,0.00256799999624491,0.015659999102354,0,0,0,0
"50kmE350N375",0.000780000002123415,0.037092000246048,0.00481599988415837,0,0,0.0021480000577867,0.00266400002874434,0,0.000108000000182074,0.00240399991162121,0.0178040005266666,0.494764000177383,0,0,0,0,0,0.12822400033474,0,0,0.000384000013582408,0,0.00636400002986193,0.0400400012731552,0.0132400002330542,0.0310159996151924,0.0193879995495081,0,0.0034719998948276,0,0.000144000005093403,0,0,0,0,0.000268000003416091,0.00168800004757941,0,0.0250160004943609,0.000791999977082014,0.00225999997928739,0,0.0281279999762774,0.136996001005173,0
"50kmE355N375",0.000465634162537754,0.00317845935933292,0.000256436207564548,0,0,0,0.000175456356373616,0,0,0.00067483214661479,0.00105273816734552,0.0673347488045692,0,0,0,0,0,0.00506124086678028,0,0,0,0,0.00102574483025819,0.00145088904537261,0.00102574483025819,0.000215946289245039,0.000863785156980157,0,0,0,0,0,0,0,0,0,0,0,0.000404899270506576,0,0,0,0.000890778435859829,0.91592264175415,0
"50kmE440N375",0,0.000744719640351832,0.000580986961722374,0,0,0,0,0,0,0,0,0.000121479090012144,0,0,0,0,0,0.00168486207257956,0,0,0.000322183652315289,0,0.00109859346412122,0.000332747062202543,0.00037500067264773,0,0.000295775156700984,0,0,0,0,0.000507043150719255,0,0,0,0,0,0,0,0,0,0,0,0.993936598300934,0
"50kmE445N375",0.000132000001030974,0.0197880007326603,0.00370800006203353,0,0.00049200002104044,0,0.000211999999010004,0,0,0.00114800001028925,0.00457599991932511,0.239680007100105,0,0,0,0,0,0.0142799997702241,0,0.00364000000990927,0.0401640012860298,0,0.0789360031485558,0.328839987516403,0.00634399987757206,0,0.000216000000364147,0,0.0246440004557371,0,0,0.000112000001536217,0,0,0,0.00170400005299598,0.000568000017665327,0,0,0.000967999978456646,0.0175720006227493,0,0.000411999993957579,0.211863994598389,0
"50kmE450N375",0,0.00761200021952391,0.00120000005699694,0,0,0,0,0.000123999998322688,0,0.000423999998020008,0.000975999981164932,0.0339719988405704,0,0,0,0,0,0.00329199992120266,0,0.00405600015074015,0.0419359989464283,0,0.0459319986402988,0.659027993679047,0.00571600021794438,0,0,0,0.0551320016384125,0,0,0,0,0,0.00186399999074638,0.0251199994236231,0,0,0,0.000315999990561977,0.113300003111362,0,0,0,0
"50kmE455N375",0,0.015468000434339,0.00337600009515882,0,0,0,0.00015999999595806,0.000296000012895092,0.000592000025790185,0.000847999996040016,0.00127600005362183,0.049040000885725,0,0,0,0,0,0.00740000000223517,0,0.00368799990974367,0.0557279996573925,0,0.114171996712685,0.531068027019501,0.0223600007593632,0,0,0,0.0639199987053871,0,0,0,0,0,0.00192800001241267,0.0258719995617867,0,0,0,0,0.102807998657227,0,0,0,0
"50kmE460N375",0.000216000000364147,0.0166599992662668,0.00359200011007488,0,0,0.00067999999737367,0.000172000000020489,0.000151999993249774,0,0.00134800001978874,0.000880000006873161,0.0288559999316931,0,0,0,0,0,0.00688799982890487,0,0.00438399985432625,0.0424039997160435,0,0.0117520000785589,0.68420398235321,0.00964399985969067,0,0,0,0.0678839981555939,0,0,0,0,0,0.00164399994537234,0.0148639995604753,0,0,0,0,0.103776000440121,0,0,0,0
"50kmE465N375",0,0.00860800035297871,0.000936000025831163,0,0,0.000224000003072433,0,0,0,0.000528000004123896,0.00015999999595806,0.0207279995083809,0,0,0,0,0,0.00528000015765429,0,0.00148800003807992,0.0346679985523224,0,0.024847999215126,0.788308024406433,0.0384159982204437,0,0,0,0.0414439998567104,0,0,0,0,0,0.000967999978456646,0.00701199984177947,0,0,0,0,0.026383999735117,0,0,0,0
"50kmE470N375",0,0.0136519996449351,0.000984000042080879,0,0,0,0.00031999999191612,0,0,0.000452000007499009,0.00336400000378489,0.131855994462967,0,0,0,0.000228000004426576,0,0.0406999997794628,0,0.00173200003337115,0.0484719984233379,0,0.0392760001122952,0.184060007333755,0.0117840003222227,0.000647999986540526,0,0,0.0106880003586411,0.000508000026457012,0,0.00137600000016391,0,0,0.001304000033997,0.00212000007741153,0.000523999973665923,0,0,0,1.20000004244503e-05,0.000763999996706843,0,0.50517600774765,0
"50kmE480N375",0,0.00045224413042888,0,0,0,0,0,0,0,0,0,0.0170253366231918,0,0,0,0,0,0.0264893714338541,0,0,0.00569717306643724,0,0.00067836616653949,0.0152329057455063,0.00159388477914035,0,0,0,0.00113612553104758,0.000237152402405627,0,0.000876912381500006,0,0,0.000667335814796388,0,0,0,0,0,0.000364001374691725,0,0,0.929549217224121,0
"50kmE325N380",0,0,0,0,0,0.000960062490776181,0,0,0,0,0.000211539198062383,0,0,0,0,0,0,0.0143846645951271,0,0,0,0,0,0,0,0.00566816562786698,0.0120740057900548,0,0,0.00471895141527057,0,0.000151874293806031,0,0,0,0.00392161123454571,0,0,0.00135059643071145,0,0.000694282469339669,0,0,0.955864250659943,0
"50kmE330N380",0,0.000775999971665442,0,0,0,0,0,0,0,0,0.000315999990561977,0,0,0,0,0,0,0.0291799996048212,0,0,0,0,0.00555199990049005,0.0456440001726151,0.00159600004553795,0.0902639999985695,0.0986760035157204,0,0.00702399993315339,0.0067879999987781,0.000987999956123531,0.00890799984335899,0,0,0.000188000005437061,0.0662880018353462,0.000260000000707805,0,0.00221200007945299,0,0.00389200006611645,0,0.000192000006791204,0.631255984306335,0
"50kmE335N380",0,0.00272400001995265,0,0,0,0.000216000000364147,0.0011800000211224,9.60000033956021e-05,0,0,0.00108800001908094,0,0,0,0,0,0,0.0374279990792274,0,0,0.00149199995212257,0,0.0434839986264706,0.109724000096321,0.00719199981540442,0.170368000864983,0.100620001554489,0,0.0207400005310774,0.00114399997983128,0.00197599991224706,0.0456000007688999,0,0,0,0.230240002274513,0.000311999989207834,0,0.0065399999730289,0,0.00957200024276972,0,0.00128399999812245,0.206980004906654,0
"50kmE340N380",0,0.00268399994820356,0.000475999986520037,0,0,0,0,0,0,0,0.000951999973040074,0,0,0,0,0,0,0.0129439998418093,0,0,0.000423999998020008,0,0.0152120003476739,0.0932120010256767,0.00502400007098913,0.172104001045227,0.212704002857208,0,0.032540000975132,0,0.0123039996251464,0.0825479999184608,0.000247999996645376,0,0,0.317056000232697,0,0,0.000444000004790723,0.000188000005437061,0.0308159999549389,0,0.000251999997999519,0.00786800030618906,0
"50kmE345N380",0,0.00179600005503744,0.00136400002520531,0,0,0,0.000108000000182074,0,0,0,0.00220400001853704,0.00603599986061454,0,0,0,0,0,0.0556359998881817,0,0,0.000720000010915101,0,0.0204760003834963,0.104524001479149,0.00827999971807003,0.0979079976677895,0.369767993688583,0,0.017068000510335,0,0.000123999998322688,0.0410999990999699,0.00028000000747852,0,0,0.253176003694534,0,0,0,0.000151999993249774,0.0192799996584654,0,0,0,0
"50kmE350N380",0,0.00230800011195242,0.00047999998787418,0,0,0,0.000103999998827931,0,0,0,0.00140399998053908,0.0831239968538284,0,0,0,0.000203999996301718,0,0.0965399965643883,0,0,0,0,0.010776000097394,0.0958560034632683,0.00967600010335445,0.111064001917839,0.512215971946716,0,0.00900399964302778,0,0.000108000000182074,0.00928399991244078,0,0,0.000356000004103407,0.0541040003299713,0,0,0,0,0.00339199998416007,0,0,0,0
"50kmE355N380",0.000552198791410774,0.0268616694957018,0.00815093424171209,0.00133648118935525,0.000288103707134724,0,0.000608218950219452,0,0.00238886009901762,0.000956344301812351,0.00689848326146603,0.203877389431,0,0,0,0,0,0.139662280678749,0,0,0.000560201646294445,0,0.00797086954116821,0.113272778689861,0.0119242928922176,0.0155576011165977,0.0809291377663612,0,0.00741066783666611,0.000632227573078126,0,0,0,0,0,0.00697050942108035,0,0,0.0018806770676747,0.000468168553197756,0.000476171408081427,0,0.00293305586092174,0.357432663440704,0
"50kmE440N380",0.000311999989207834,0.0640999972820282,0.015947999432683,0.000560000014957041,0.00165999995078892,0,0.000859999970998615,0.000300000014249235,0.00014000000373926,0.00809200014919043,0.00480000022798777,0.0348640009760857,0,0,0,0,0,0.00937599968165159,0,0.0014280000468716,0.00777600007131696,0,0.0279760006815195,0.0507639981806278,0.0201799999922514,0,0.000376000010874122,0,0.00139600003603846,0,0.00478400010615587,0.00943200010806322,0.000108000000182074,0,0.000323999993270263,0,0,0,0,0.00120399997103959,0.00383200007490814,0,0.00952399987727404,0.719883978366852,0
"50kmE445N380",0.000103999998827931,0.0251199994236231,0.00355200003832579,0,0,0.00202000001445413,0.000364000006811693,0.00031999999191612,0.000296000012895092,0.000923999992664903,0.00206399988383055,0.0886640027165413,0,0,0,0,0,0.00727599998936057,0,0.00314399995841086,0.0455159991979599,0,0.0547519996762276,0.63153600692749,0.0228640008717775,0,0.000560000014957041,0,0.0353039987385273,0,0,0.000991999986581504,0,0,0.000184000004082918,0.00773600023239851,0,0,0,0.00011600000289036,0.0637679994106293,0,0,0.00282400008291006,0
"50kmE450N380",0,0.0144319999963045,0.00215200008824468,0,0,0,0.000112000001536217,0.000211999999010004,0,0.000508000026457012,0.00138799997512251,0.0331160016357899,0,0,0,0,0,0.00416800007224083,0,0.00517999986186624,0.0537599995732307,0,0.0152879999950528,0.740779995918274,0.00212799990549684,0,0,0,0.0434480011463165,0,0,0,0,0,0.000364000006811693,0.0388999991118908,0,0,0,0,0.044064000248909,0,0,0,0
"50kmE455N380",0,0.00805199984461069,0.00316000008024275,0.000796000007539988,0,0.000495999993290752,0.000172000000020489,0.000184000004082918,0.000172000000020489,0.000260000000707805,0.00115999998524785,0.0334040001034737,0,0,0,0,0,0.00803199969232082,0,0.00754400016739964,0.0511040017008781,0,0.00492799980565906,0.74481600522995,0.0122360000386834,0,0,0,0.0218279995024204,0,0,0,0,0,0.00177199998870492,0.0620400011539459,0,0,0,0,0.0378439985215664,0,0,0,0
"50kmE460N380",0.00014000000373926,0.013399999588728,0.00342399999499321,0.000172000000020489,0,0,0,0.000151999993249774,0.000180000002728775,0.000592000025790185,0.000891999981831759,0.0508639998733997,0,0,0,0,0,0.0101760001853108,0,0.0102120004594326,0.0866120010614395,0,0.0130880000069737,0.684852004051208,0.0280840005725622,0,0,0,0.0213159993290901,0,0,0,0,0,0.000436000002082437,0.00661600008606911,0,0,0,0.000148000006447546,0.0686440020799637,0,0,0,0
"50kmE465N380",0,0.0106119997799397,0.00106399995274842,0,0,0.000752000021748245,0,0,0,0.000403999991249293,0.000432000000728294,0.0375679992139339,0,0,0,0,0,0.0113880001008511,0,0.00242400006391108,0.0440879985690117,0,0.0166640002280474,0.751012027263641,0.0511480011045933,0,0,0,0.0271039996296167,0,0,0,0,0,0.00296800001524389,0.000931999995373189,0,0,0,0,0.0414399988949299,0,0,0,0
"50kmE470N380",0,0.00776399997994304,0.00146800000220537,0,0.000311999989207834,0.000323999993270263,0,0.000303999986499548,0,0.000939999998081475,0.000356000004103407,0.0216760002076626,0,0,0,0,0,0.00768799986690283,0,0.00162800005637109,0.0114479996263981,0,0.0177079997956753,0.29966801404953,0.0259520001709461,0,0,0,0.00753200007602572,0.00192399998195469,0,0.000688000000081956,0,0,0.000544000009540468,0.00153200002387166,0,0,0,0,0.00857200007885695,0.00285600009374321,0,0.579115986824036,0
"50kmE480N380",0,0.00601200014352798,0,0,0.000123999998322688,0,0.000236000007134862,0,0,0,0.000964000006206334,0.195276007056236,0,0,0,0,0,0.0336400009691715,0,0.00370800006203353,0.0276480000466108,0,0.00469599990174174,0.248119994997978,0.00254400004632771,0,0,0,0.0115639995783567,0.000123999998322688,0,0.00063999998383224,0,0,0.000236000007134862,0.00106399995274842,0,0,0,0,0,0,0,0.46340399980545,0
"50kmE485N380",0,0,0,0,0,0,0,0,0,0,0,0.00529339723289013,0,0,0,0,0,0.00744692236185074,0,0.00106032332405448,0.000419197604060173,0,0,0.00895932130515575,0.000279465079074726,0,0,0,0,0,0,0.00501393200829625,0,0,0,0,0,0,0,0,0,0,0,0.971527457237244,0
"50kmE325N385",0,0.000400033604819328,0,0,0,0,0,0,0,0,0,0,0,0,0,0,0,0.00382832158356905,0,0,0,0,0,0,0,0.00296424888074398,0.0239940155297518,0,0,0.0023121943231672,0.00078806618694216,0.00250421045348048,0,0,0,0.00174014619551599,0,0,0.000984082696959376,0,0,0,0,0.960484683513641,0
"50kmE330N385",0,0,0,0,0,0,0,0,0,0,0,0,0,0,0,0,0,0.00440400000661612,0,0,0,0,0.000148000006447546,0.000752000021748245,0,0.0267079994082451,0.00867199990898371,0,0.000768000027164817,0.000132000001030974,0.00112799997441471,0.0104440003633499,0,0,0,0.0245840009301901,0,0,0.000415999995311722,0,0,0,0,0.921844005584717,0
"50kmE335N385",0,0.000676000025123358,0,0,0,0,0,0,0,0,0.000144000005093403,0,0,0,0,0,0,0.0201159995049238,0,0,0.000500000023748726,0,0.0139880003407598,0.0283000003546476,0.00232400000095367,0.145487993955612,0.123747996985912,0,0.0223399996757507,0.000587999995332211,0.00436000013723969,0.0643879994750023,0,0,0,0.229315996170044,0.000136000002385117,0,0.00406000018119812,0.00107999995816499,0.0188880003988743,0,0.000452000007499009,0.319108009338379,0
"50kmE340N385",0,0.00039999998989515,0.00585999991744757,0,0,0,0,0,0.000123999998322688,0,0,0,0,0,0,0,0,0.0177239999175072,0,0,0.00282000005245209,0,0.0152479996904731,0.111404001712799,0.012360000051558,0.130904003977776,0.181611999869347,0,0.0482320003211498,0,0.00301199988462031,0.0850879997014999,0,0,0.000255999999353662,0.339428007602692,0,0,0,0.000372000009519979,0.0451559983193874,0,0,0,0
"50kmE345N385",0,0.00296800001524389,0.00484800012782216,0,0,0,0.000415999995311722,0,0,0,0.00105600000824779,0.00359599990770221,0,0,0,0,0,0.0676880031824112,0,0,0.00873600039631128,0,0.0198519993573427,0.142263993620872,0.011739999987185,0.0420800000429153,0.269712001085281,0,0.0296279992908239,0,0,0.0475960001349449,0,0,0.00284400000236928,0.320627987384796,0,0,0,7.99999997980194e-06,0.0243400000035763,0,0,0,0
"50kmE350N385",0,0.00303600006736815,0.00349200004711747,0.000296000012895092,0,0,0.000203999996301718,0,0.000268000003416091,0,0.000948000000789762,0.0400840006768703,0,0,0,0,0,0.151091992855072,0,0,0.00210799998603761,0,0.0166679993271828,0.152659997344017,0.00808000005781651,0.045279998332262,0.369291990995407,0,0.0286999996751547,0,0,0.0341279990971088,0,0,0,0.142539992928505,0,0,0,0,0.00112399994395673,0,0,0,0
"50kmE355N385",0,0.0123560000211,0.00262399995699525,0,0,0.000760000024456531,0.00114399997983128,0,0.00236800010316074,0.000236000007134862,0.00487599987536669,0.462419986724854,0,0,0,0,0,0.31742000579834,0,0,0.000691999972332269,0,0.0128279998898506,0.0935039967298508,0.0125160003080964,0.0105440001934767,0.0341159999370575,0,0.0130639998242259,0.00014000000373926,0,0.000327999994624406,0,0,0,0.00801599957048893,0,0,0.000736000016331673,0,0,0,0,0.00931200012564659,0
"50kmE360N385",0,0.00614384887740016,0.00351362279616296,0,0,0,7.4864125053864e-05,0.000179673894308507,0,0,0.00173684756737202,0.124359287321568,0,0,0,0,0,0.0923224315047264,0,0,0.000179673894308507,0,0.00147232774179429,0.0124024897813797,0.00132259947713464,0.00793060567229986,0.00360845075920224,0,0.00130263576284051,0.00151225528679788,0,0,0,0,0.000309438357362524,0.00432215537875891,0.00013974636385683,0,0.00258530769497156,0,0.00113793462514877,0,0.000384302489692345,0.733059525489807,0
"50kmE410N385",0,0.00382165610790253,0.000714228604920208,0,0,0.0012578951427713,0,0,0.000170562052517198,0,0.000469045655336231,0.0152866244316101,0,0,0,0,0,0,0,0.000181222188984975,0.0144284842535853,0,0.0764117985963821,0.0014977480750531,0.00998320989310741,0,0.0269274841994047,0,0.00139114679768682,0,0,0.011369027197361,0,0,0,0.00108733307570219,0,0,0.000469045655336231,0,0.00304346671327949,0,0,0.831490039825439,0
"50kmE415N385",0,0.00936797447502613,0.00139807630330324,0.000142396660521626,0,0,0.000388354528695345,0,0,0.000306368572637439,0.00125999469310045,0.002623550593853,0,0,0,0,0,0,0,0,0.0193918365985155,0,0.0903830453753471,0.14587028324604,0.0375409387052059,0,0.00857400521636009,0,0.00137650105170906,0,0,0.00777572114020586,0,0,0,0.00193314265925437,0,0,0,0.000785339158028364,0.0101274233311415,0,0,0.660755038261414,0
"50kmE420N385",0.000610083108767867,0.019743898883462,0.00264145876280963,0.000429069448728114,0,0,0,0,0.000214534724364057,0.00162241887301207,0.000348618923453614,0,0,0,0,0,0,0,0,0,0.00760927842929959,0,0.0233172439038754,0.0180812552571297,0.0131134353578091,0,0.00129391252994537,0,8.71547308634035e-05,0,0,0.00136095471680164,0,0,0,0,0,0,0,0.000388844200642779,0.000978814670816064,0,0,0.908159017562866,0
"50kmE440N385",0,0.0364120006561279,0.0079560000449419,0.000555999984499067,0.000684000027831644,0.000688000000081956,0.00113200000487268,0.000144000005093403,1.20000004244503e-05,0.0020479999948293,0.00412400020286441,0.110927999019623,0,0,0,0,0,0.0204559992998838,0,0.00602000020444393,0.0363080017268658,0,0.05434799939394,0.263455986976624,0.0304760001599789,0,0,0,0.00469999993219972,0,0.0150880003347993,0.0337839983403683,0.000996000017039478,0,0.00014000000373926,0.000920000020414591,0,0,0,0.00578399980440736,0.00719599984586239,0,0.00808400008827448,0.347559988498688,0
"50kmE445N385",0.000163999997312203,0.0241919998079538,0.00558400014415383,0,0,0.000103999998827931,0.00101600005291402,0,0.000123999998322688,0.00167999998666346,0.002779999980703,0.167052000761032,0,0,0,0,0,0.00573599990457296,0,0.00328799989074469,0.033296000212431,0,0.0346440002322197,0.569440007209778,0.0359000004827976,0,0.000144000005093403,0,0.0266040004789829,0,0,0,0,0,0.00081200001295656,0.0161639992147684,0,0,0,0,0.0712760016322136,0,0,0,0
"50kmE450N385",0,0.0110240001231432,0.00104000000283122,0,0,0,0.00011600000289036,0.000376000010874122,0,0,0.00110400002449751,0.163611993193626,0,0,0,0,0,0.0322920009493828,0,0.0137080000713468,0.0777999982237816,0,0.0631000027060509,0.523696005344391,0.0153360003605485,0,0,0,0.0342280007898808,0,0,0,0,0,0.00111599999945611,0.0332919992506504,0,0,0,0,0.0281600002199411,0,0,0,0
"50kmE455N385",0.000475999986520037,0.021271999925375,0.00499199982732534,0.000268000003416091,0,0.000920000020414591,0.00120800000149757,0.000472000014269724,0,0.00233600009232759,0.00251600006595254,0.0903920009732246,0,0,0,0.000132000001030974,0,0.00908400025218725,0,0.0145519999787211,0.0464319996535778,0,0.0587400011718273,0.469967991113663,0.0136879999190569,0,0,0,0.0210319999605417,0,0,0,0,0,0.000167999998666346,0.018503999337554,0,0,0,0,0.222847998142242,0,0,0,0
"50kmE460N385",0,0.00824000034481287,0.00236400007270277,0,0,0,0.000144000005093403,0,0,0.00101600005291402,0.00108399998862296,0.0360080003738403,0,0,0,0,0,0.0197759997099638,0,0.0262080002576113,0.0433880016207695,0,0.0325639992952347,0.656148016452789,0.0467600002884865,0,0,0,0.0219039991497993,0,0,0,0,0,0.00083999999333173,0.00386400008574128,0,0,0,0,0.0996920019388199,0,0,0,0
"50kmE465N385",0,0.00679600005969405,0.00154399999883026,0,0,0,9.99999974737875e-05,0,0,0.000576000020373613,0,0.0750880017876625,0,0,0,0.000376000010874122,0,0.00937599968165159,0,0.0121640004217625,0.0387439988553524,0,0.0100800003856421,0.684171974658966,0.0446919985115528,0,0,0,0.03108000010252,0,0,0,0.000155999994603917,0,0.00111599999945611,0.000403999991249293,0,0,0,0,0.0835359990596771,0,0,0,0
"50kmE470N385",0,0.00680536730214953,0.00147977634333074,0,0.00010025585652329,0.000132337721879594,0,0.000296757323667407,0,0.000320818740874529,0.00138754094950855,0.0349892936646938,0,0,0,0,0,0.00332849426195025,0,0.00265878532081842,0.014112014323473,0,0.00283523555845022,0.258158832788467,0.0027229490224272,0,0,0,0.00427891965955496,0,0.000384982471587136,0.000264675443759188,0,0,0.000521330453921109,0.000485238328110427,0.000525340670719743,0,0,0,0.0157441794872284,0,0,0.648466885089874,0
"50kmE480N385",0,0.00859756022691727,0.00187007954809815,0,0.000232258273172192,0.0013575095217675,0.00366807891987264,0,0,0.000612681324128062,0.00128142489120364,0.172960326075554,0,0,0,0,0,0.0140075767412782,0,0.00373215018771589,0.019954189658165,0,0.00281513039954007,0.292641431093216,0.00432881386950612,0,0.000176195928361267,0,0.00571435457095504,0.000456507637863979,0,0.0103875510394573,0,0,0.000364405219443142,0.00426874682307243,0,0,0,0,0.00392836844548583,0,0,0.44664466381073,0
"50kmE485N385",0,0.00117338646668941,0,0,0,0.000354877847712487,0.00087002309737727,0,0,0.000709755695424974,0.00121917715296149,0.00852279271930456,0,0,0,0,0,0.00160839804448187,0,0.000698308052960783,0.00335416803136468,0,0,0.0455846339464188,0,0,0,0,0,0.000887194648385048,0,0.00813357159495354,0,0,0.000663965009152889,0.000898642290849239,0,0,0,0,0.00257572624832392,0,0,0.922745406627655,0
"50kmE325N390",0,0.000220028392504901,0.00060611596563831,0.000153604734805413,0,0.000917476892936975,0.000128695857711136,0,0,0,0.000211725433473475,0.0042220545001328,0,0,0,0,0,0.03417082503438,0,0,0,0,0,0,0,0.0165768563747406,0.0497222654521465,0,0,0.00398957170546055,0.000477420107927173,0.000772175146266818,0,0,0.000244937284151092,0.064036563038826,0,0,0.0168757624924183,0,0.00903361849486828,0,0.00193458923604339,0.795705735683441,0
"50kmE330N390",0,0,0.000544000009540468,0,0,0,0,0,0,0,0,0,0,0,0,0,0,0.0266720000654459,0,0,0.000108000000182074,0,0.000515999970957637,0.0304799992591143,0,0.0170399993658066,0.0257520005106926,0,0.00399200012907386,0,0.000904000014998019,0.00323199992999434,0,0,0,0.162660002708435,0,0,0.00114800001028925,0,0.00151600001845509,0,0,0.725435972213745,0
"50kmE335N390",0,0.00144400005228817,0.000372000009519979,0,0,0,0.000195999993593432,0,0,0,0.000288000010186806,0,0,0,0,0,0,0.0289559997618198,0,0,0.00150400004349649,0,0.00347999995574355,0.019751999527216,0.00416400004178286,0.042103998363018,0.11760800331831,0,0.0178679991513491,0,0.00320399994961917,0.0211280006915331,0,0,0,0.330395996570587,0.000112000001536217,0,0.00515600014477968,0,0.00543599994853139,0,0,0.39683198928833,0
"50kmE340N390",0,0,0.00205200002528727,0,0,0,0,0,0,0,0,0,0,0,0,0,0,0.0103200003504753,0,0,0.000452000007499009,0,0.00225599994882941,0.0345759987831116,0.00359599990770221,0.0821480005979538,0.12236800044775,0,0.0278600007295609,0,0.00839199963957071,0.130799993872643,0,0,0.000432000000728294,0.537455976009369,0.000232000005780719,0,0.000203999996301718,0,0.0368559993803501,0,0,0,0
"50kmE345N390",0.000500000023748726,0.0176919996738434,0.00641599996015429,0,0,0.000831999990623444,0.000655999989248812,0.000579999992623925,0.000251999997999519,0.000323999993270263,0.00432399986311793,0.128347992897034,0,0,0,0,0,0.139236003160477,0,0.00105199997778982,0.0150279998779297,0,0.0100800003856421,0.164404004812241,0.0181280001997948,0.0238000005483627,0.0994959995150566,0,0.0394640006124973,0,0,0.0251759998500347,0,0,0,0.112304002046585,0.00141200004145503,0,0.0378159992396832,0,0.00602399976924062,0,0.0406639985740185,0.105991996824741,0
"50kmE350N390",0.000189671947737224,0.00791261903941631,0.0024121324531734,0,0,0.00320792989805341,0.000437070149928331,0,0.000379343895474449,0,0.00293166865594685,0.105428740382195,0,0,0,0,0,0.0638411045074463,0,0,0.00100196269340813,0,0.00886097829788923,0.10820784419775,0.00741782272234559,0.00385528849437833,0.0180971771478653,0,0.0105762733146548,0.000618495512753725,0,0,0,0,0,0.0078466460108757,0.00186373305041343,0,0.00939700845628977,0,0.00031337104155682,0,0.000152562221046537,0.635050535202026,0
"50kmE355N390",0,0.00550739374011755,0.000154092878801748,0,0,0,0.000148385734064505,0,0,0,0.00122703588567674,0.122897632420063,0,0,0,0,0,0.0480142012238503,0,0,0.00025111431023106,0,0.00330443610437214,0.0302935186773539,0.00300195766612887,0.00263099325820804,0.00732226530089974,0,0.00584411527961493,0,0,0,0,0,0,0.00251685036346316,0,0,0.00129552162252367,0,0,0,0.000171214313013479,0.76541930437088,0
"50kmE405N390",0,0.00379875721409917,0.000821223075035959,0,0,0,0.000499457295518368,0,0,0,0.000398605363443494,0.0110985180363059,0,0,0,0,0,0.00406289333477616,0,0.00815940368920565,0.0807343944907188,0,0.00955692399293184,0.00456235045567155,0.00150797690730542,0,0.0460989512503147,0,0,0.000364988052751869,0.000413012778153643,0.0786693319678307,0,0,0,0.00135910022072494,0,0,0,0,0.0129426680505276,0,0,0.734951436519623,0
"50kmE410N390",0,0.0039240000769496,0.000419999996665865,0,0,0,0.00207199994474649,0,0,0,0.000364000006811693,0.00452800001949072,0,0,0,0,0,0.00144799996633083,0,0.00594000006094575,0.0471480004489422,0,0.184939995408058,0.183331996202469,0.0374159999191761,0,0.199768006801605,0,0.000944000028539449,0,0.00052000000141561,0.129592001438141,0,0,0,0.0100119998678565,0,0,0,0.000487999990582466,0.0538959987461567,0,0,0.133248001337051,0
"50kmE415N390",0,0.00295999995432794,0.000828000018373132,0,0,0,0.000136000002385117,0,0,0,0.000380000012228265,0.00237999996170402,0,0,0,0,0,0,0,0.00276400009170175,0.053532000631094,0,0.112479999661446,0.563896000385284,0.0456000007688999,0,0.0930000022053719,0,0.0169239994138479,0,0,0.0258840005844831,0,0,0,0.0432359986007214,0,0,0,0.00210399995557964,0.0338959991931915,0,0,0,0
"50kmE420N390",0,0.0182360000908375,0.00182400003541261,0.00137600000016391,0,0.00101999996695668,0.000623999978415668,0,0,0,0.00152399996295571,0.00341599993407726,0,0,0,0,0,0,0,0.00138000003062189,0.0380880013108253,0,0.0494999997317791,0.617428004741669,0.0290719997137785,0,0.00158000004012138,0,0.0261480007320642,0,0,0.00492399977520108,0,0,0,0.0210159998387098,0,0,0,0.00165999995078892,0.0362280011177063,0,0,0.144955992698669,0
"50kmE425N390",0,0.00656950986012816,0,0.00193806388415396,0,0,0,0,0,0.000292758893920109,0.00137011171318591,0,0,0,0,0,0,0,0,0,0.0155981946736574,0,0.0216173175722361,0.0777040645480156,0.0155864842236042,0,0.00102465611416847,0,0.00244746450334787,0,0,0.00036302104126662,0,0,0,0,0,0,0,0,0.00426842458546162,0,0,0.851219952106476,0
"50kmE435N390",0,0.00649823853746057,0,0,0,0,0,0,0,0,0.000646536354906857,0.015966160222888,0,0,0,0,0,0.00179715198464692,0,0.000569828669540584,0.00283818505704403,0,0.00261354120448232,0.0178893320262432,0.00426823599264026,0,0,0,0,0,0.0181249342858791,0.0237848684191704,0,0,0,0.000224643998080865,0,0,0,0,0,0,0.000465725344838575,0.904312610626221,0
"50kmE440N390",0.000432000000728294,0.015595999546349,0.00323999999091029,0.000216000000364147,0.00023999999393709,0,0.000628000008873641,0.000119999996968545,0,0.000891999981831759,0.00296800001524389,0.145612001419067,0,0,0,0,0,0.00944000016897917,0,0.00343200005590916,0.0531320013105869,0,0.0329639986157417,0.512435972690582,0.0473439991474152,0,0.000707999977748841,0,0.0200399998575449,0,0.00400400022044778,0.0106600001454353,0,0,0.000276000006124377,0.0127400001510978,0,0,0,0.000552000012248755,0.0261959992349148,0,0.000964000006206334,0.0951680019497871,0
"50kmE445N390",0.000419999996665865,0.0170319993048906,0.00488399993628263,0.000144000005093403,0,0.00213599996641278,0.000260000000707805,0.000444000004790723,0,0.00127600005362183,0.000807999982498586,0.418588012456894,0,0,0,0,0,0.00680800015106797,0,0.00356000009924173,0.0247120000422001,0,0.0163839999586344,0.219607993960381,0.0254280008375645,0,0,0,0.0107279997318983,0,0,0,0,0,0.00679600005969405,0.0121600003913045,0,0,0,0.00222799996845424,0.225595995783806,0,0,0,0
"50kmE450N390",0.00014000000373926,0.0220439992845058,0.0063999998383224,0,0,0.000731999985873699,0.000660000019706786,0.000696000002790242,0,0.00121599994599819,0.00384799996390939,0.454160004854202,0,0,0,0.000236000007134862,0,0.0325880013406277,0,0.00955200009047985,0.0318080000579357,0,0.0661600008606911,0.245491996407509,0.0335359983146191,0,0,0,0.0149280000478029,0,0,0,0,0,0.00963999982923269,0.0109479995444417,0,0,0,0,0.0552159994840622,0,0,0,0
"50kmE455N390",0,0.0101279998198152,0.00232800003141165,7.5999996624887e-05,0,0.00102800002787262,0.00044000000343658,0,0,0.00039999998989515,0.00182799994945526,0.210776001214981,0,0,0,0.000172000000020489,0,0.0125479996204376,0,0.00592799996957183,0.0168360006064177,0,0.0311760008335114,0.267340004444122,0.0208359993994236,0,0,0,0.019896000623703,0,0,0,0,0,0.00510000018402934,0.0115839997306466,0,0,0,0,0.381579995155334,0,0,0,0
"50kmE460N390",0.00014000000373926,0.0230839997529984,0.00540800020098686,0.000763999996706843,0,0.00114399997983128,0.000199999994947575,0.00022000000171829,0,0.0014639999717474,0.00350399990566075,0.378735989332199,0,0,0,0,0,0.021764000877738,0,0.0120320003479719,0.0219919998198748,0,0.0195879992097616,0.345196008682251,0.0498839989304543,0,0,0,0.0125919999554753,0,0,0,0,0,0.00531599996611476,0.000823999987915158,0,0,0,0.000984000042080879,0.0951640009880066,0,0,0,0
"50kmE465N390",0.000112000001536217,0.0160559993237257,0.00256399996578693,0,0,0.000571999989915639,0.000384000013582408,0.000920000020414591,0,0.000668000022415072,0.00335999997332692,0.234567999839783,0,0,0,0.000151999993249774,0,0.0134479999542236,0,0.00846000015735626,0.0401600003242493,0,0.0121240001171827,0.482347995042801,0.0587319992482662,0,0,0,0.020576000213623,0,0,0,0,0,0.00197599991224706,0.00253199995495379,0,0,0,0.000372000009519979,0.0978360027074814,0,0,0.00208000000566244,0
"50kmE470N390",0,0.00261999992653728,0,0,0,0,0,0,0,0,0.000300000014249235,0.0594439990818501,0,0,0,0,0,0.00398400006815791,0,0.00318800006061792,0.0184840001165867,0,0.00247199996374547,0.25926399230957,0.022299999371171,0,0,0,0.0212360005825758,0,0.000155999994603917,0.000180000002728775,0,0,0.000356000004103407,0.000288000010186806,0.000432000000728294,0,0,0,0.00950799975544214,0.00347999995574355,0,0.592307984828949,0
"50kmE480N390",0,0,0,0,0,0,0,0,0,0,0,0,0,0,0,0,0,0.000419787626015022,0,0.000279858417343348,0.000353938608895987,0,0,0.00752325309440494,0,0,0,0,0,0.00100419786758721,0,0.000757263973355293,0,0,0,0.000304551824228838,0,0,0,0,0.00148983451072127,0,0,0.987867295742035,0
"50kmE485N390",0,0.000844559108372778,0,0,0,0,0,0,0,0,0,0.00179177185054868,0,0,0,0,0,0.000727907288819551,0,0.00156313425395638,0.00444210087880492,0,0,0.0201527681201696,0,0,0,0,0,0.0021230629645288,0,0.0152393924072385,0,0,0,0.000508601893670857,0,0,0,0,0.00192242185585201,0,0,0.950684309005737,0
"50kmE325N395",0,0,0,0,0,0,0,0,0,0,0,0.00247772899456322,0,0,0,0,0,0.0222891718149185,0,0,0,0,0,0.00246214587241411,0,0.010264134965837,0.0111160166561604,0,0,0.000888242502696812,0,0.000145443205838092,0,0,0,0.0443030409514904,0,0,0.0178635437041521,0,0.00511129014194012,0,0.000223359224037267,0.882855892181396,0
"50kmE330N395",0,0.000376000010874122,0,0,0,0,0,0,0,0,9.60000033956021e-05,0.000391999987186864,0,0,0,0,0,0.0118119996041059,0,0,0.000384000013582408,0,0,0.000192000006791204,0.00159600004553795,0.0256799999624491,0.0498920008540154,0,0.000623999978415668,0.00127999996766448,0.00537599995732307,0.0356599986553192,0,0,0,0.174615994095802,0,0,0.00447600008919835,0,0.00815599970519543,0,0.000103999998827931,0.679288029670715,0
"50kmE335N395",0,0,0,0,0,0,0,0,0,0,0,0,0,0,0,0,0,0.0107519999146461,0,0,0,0,0.000243999995291233,0.000184000004082918,0,0.00561599992215633,0.0100840004161,0,0.000327999994624406,0,0,0.00155599997378886,0,0,0,0.105608001351357,0,0,0.000452000007499009,0,0.00178000004962087,0,0,0.863395988941193,0
"50kmE340N395",0,0.000600000028498471,0.000112000001536217,0,0,0,0,0,0,0,0.000119999996968545,0,0,0,0,0,0,0.0151079995557666,0,0,0.00104799994733185,0,0.00686800014227629,0.014576000161469,0.000739999988581985,0.0221159998327494,0.0786919966340065,0,0.00398400006815791,0,0.00376400002278388,0.0407960005104542,0,0,0,0.439195990562439,0,0,0.00106000003870577,0,0.0247559994459152,0,0.0112359998747706,0.335227996110916,0
"50kmE345N395",0,0.000847999996040016,0.00169199996162206,0,0,0,0,0,0.000148000006447546,0,0.000228000004426576,0.00138399994466454,0,0,0,0,0,0.0413240008056164,0,0,0.00187999999616295,0,0.00444399984553456,0.105063997209072,0.00366399995982647,0.0527999997138977,0.191303998231888,0,0.0558519996702671,0,0.000132000001030974,0.0235079992562532,0,0,0.000568000017665327,0.475656002759933,0,0,0.00116400001570582,0.000468000012915581,0.0293199997395277,0,0.00295599992386997,0.00559599976986647,0
"50kmE350N395",0,0.00074959802441299,0.00306690367870033,0,0,0,0,0,0,0,0.000265986396698281,0.000475551409181207,0,0,0,0,0,0.0396843627095222,0,0,0.000991403823718429,0,0.00128963100723922,0.0351303517818451,0,0.0185706857591867,0.109743565320969,0,0.0150886820629239,0.000298227154416963,0,0.000374799012206495,0,0,0,0.372892767190933,0,0,0.00167249015066773,0,0.00577512849122286,0,0,0.393929868936539,0
"50kmE355N395",0,0.00215399824082851,0.000988995307125151,0,0.000234676859690808,0.00191932148300111,0,0,0,0,0,0.00230486202053726,0,0,0,0,0,0.0505141951143742,0,0,0,0,0,0.00827235914766788,0,0.000243058180785738,0.0092445919290185,0,0.010912474244833,0,0,0,0,0,0.00084651296492666,0.0223362073302269,0,0,0.00121529086027294,0,0.00112309644464403,0,0,0.887690365314484,0
"50kmE405N395",0.000184000004082918,0.0375600010156631,0.00759600009769201,0.000112000001536217,0.000247999996645376,0.0015760000096634,0.000380000012228265,0,0,0.0011399999493733,0.00325600011274219,0.131972000002861,0,0,0,0,0,0.0372800007462502,0,0.0227639991790056,0.0772399976849556,0,0.050475999712944,0.0392399989068508,0.00452399998903275,0,0.112507998943329,0,0.000352000002749264,0.000276000006124377,0,0.053507998585701,0,0,0,0.00648800004273653,0,0,0,0,0.0329679995775223,0,0,0.378351986408234,0
"50kmE410N395",0,0.000380000012228265,0.000292000011540949,0,0,0,0,2.80000003840541e-05,0,0,0.00289599993266165,0.00307200010865927,0,0,0,0,0,0.00198800000362098,0,0.0023199999704957,0.0179520007222891,0,0.0894159972667694,0.0294959992170334,0.00997999962419271,0,0.378839999437332,0,0.000176000001374632,0,0.0137879997491837,0.371663987636566,0,0,0,0.00440800003707409,0,0,0,0.000344000000040978,0.0545400008559227,0,0,0.0184199996292591,0
"50kmE415N395",0,0.000211999999010004,0,0,0,0,0,0.000407999992603436,0,0,0.00182799994945526,0.0026320000179112,0,0,0,0,0,0,0,0.000912000017706305,0.0049040000885725,0,0.0806920006871223,0.158123999834061,0.0352559983730316,0,0.435600012540817,0,0.00679600005969405,0,0,0.179667994379997,0,0,0,0.016907999292016,0,0,0,0.00149599998258054,0.0745640024542809,0,0,0,0
"50kmE420N395",0,0.000327999994624406,0.000108000000182074,0,0,0,0,0,0,0,0.00350399990566075,0.00236800010316074,0,0,0,0,0,0,0,0.000195999993593432,0.00709600001573563,0,0.0121919997036457,0.688675999641418,0.0174439996480942,0,0.0649119988083839,0,0.0203559994697571,0,0.000119999996968545,0.100819997489452,0,0,0,0.016448000445962,0,0,0,0.00112000002991408,0.0643120035529137,0,0,0,0
"50kmE425N395",0,0.00513599999248981,0.000836000021081418,0.000931999995373189,0,0,0.000623999978415668,0,0,0.000195999993593432,0.00304799992591143,5.99999984842725e-05,0,0,0,0,0,0,0,0,0.0234520006924868,0,0.0333999991416931,0.61574000120163,0.0261119995266199,0,0.00417600013315678,0,0.0223120003938675,0,0,0.00603599986061454,0,0,0,0.00608400022611022,0,0,0,0,0.0381800010800362,0,0,0.213676005601883,0
"50kmE430N395",0,0.0165630765259266,0.00173104647547007,0.000216983549762517,0,0,0.00327886245213449,0,0,0.000665416184347123,0.00955691933631897,0.00338976504281163,0,0,0,0,0,0,0,0.016370203346014,0.0282512567937374,0,0.0123246656730771,0.0702737346291542,0.00751245254650712,0,0.00302330404520035,0,0.00247843423858285,0,0,0.00102223362773657,0,0,0,0.000154299414134584,0,0,0.000588266470003873,0.000520760484505445,0.00516903027892113,0,0,0.816909313201904,0
"50kmE435N395",0,0.00476031564176083,0.000477298744954169,0.000270328484475613,0,0,0,0,0,0.000118268711958081,0.00608239090070128,0.0392905548214912,0,0,0,0,0,0.00450265873223543,0,0.00256812060251832,0.0106061697006226,0,0.0143062910065055,0.144900292158127,0.00895040761679411,0,0.0107371099293232,0,0.000954597489908338,0,0.00634849583730102,0.013959932141006,0,0,0.000194298598216847,0.000206970245926641,0,0,0,0,0.00250476249493659,0,0,0.72826075553894,0
"50kmE440N395",0,0.00333199999295175,0.00161999999545515,0,0,0,0.000228000004426576,0,0,0.000344000000040978,0.000123999998322688,0.0864439979195595,0,0,0,0,0,0.00176400004420429,0,0.00492399977520108,0.0240959990769625,0,0.00881600007414818,0.708772003650665,0.0258639995008707,0,0,0,0.0306160002946854,0,0.000867999973706901,0.000699999975040555,0,0,0.000820000015664846,0.0320600010454655,0,0,0,0,0.0634360015392303,0,0.000468000012915581,0.00470399996265769,0
"50kmE445N395",0,0.00612800009548664,0.00116400001570582,0,0,0,0.000255999999353662,0,0,0.000944000028539449,0.00036000000545755,0.0705159977078438,0,0,0,0,0,0.000475999986520037,0,0.00153600005432963,0.0118159996345639,0,0.021679999306798,0.251556009054184,0.046255998313427,0,0,0,0.00946000032126904,0,0,0,0,0,0.001304000033997,0.001304000033997,0,0,0,0,0.575244009494781,0,0,0,0
"50kmE450N395",0,0.00424000015482306,0.00101999996695668,0,0,0,0.000260000000707805,0.000167999998666346,0.000180000002728775,0.000607999972999096,0.000500000023748726,0.0799679979681969,0,0,0,0,0,0.000828000018373132,0,0.001304000033997,0.00519199995324016,0,0.00832400005310774,0.115939997136593,0.0237440001219511,0.000108000000182074,0,0,0.011455999687314,0,0,0,0,0,0.00141200004145503,0.00209999992512167,0,0,0,0,0.742648005485535,0,0,0,0
"50kmE455N395",0,0.0065399999730289,0.001304000033997,1.59999999596039e-05,0,0.000452000007499009,0.000536000006832182,0,0,9.99999974737875e-05,0.00103599997237325,0.11269199848175,0,0,0,0,0,0.00196400005370378,0,0.00237599993124604,0.0151279997080564,0,0.0160719994455576,0.505739986896515,0.0595519989728928,0,0,0,0.0322480015456676,0,0,0,0,0,0.00148400000762194,0.0184000004082918,0,0,0,0.000472000014269724,0.223887994885445,0,0,0,0
"50kmE460N395",0,0.00844800006598234,0.000855999998748302,0,0,0,0.000136000002385117,0.000323999993270263,0,0.00011600000289036,0.000744000019039959,0.103479996323586,0,0,0,0,0,0.0100440001115203,0,0.00876399967819452,0.021832000464201,0,0.0136799998581409,0.595871984958649,0.0638879984617233,0,0,0,0.0282039996236563,0,0,0,0,0,0.00121999997645617,0.0103359995409846,0,0,0,0.00015999999595806,0.131896004080772,0,0,0,0
"50kmE465N395",0.000579999992623925,0.0229000002145767,0.00617599999532104,0,0.000707999977748841,0.00111199996899813,0.000216000000364147,0.000144000005093403,0,0.00111599999945611,0.00316799990832806,0.159088000655174,0,0,0,0,0,0.00910400040447712,0,0.00854399986565113,0.0215039998292923,0,0.00743199978023767,0.552688002586365,0.036276001483202,0,0,0,0.0251679997891188,0,0,0,0,0,0.00212799990549684,0.00385199999436736,0.00144799996633083,0,0,0.00171600002795458,0.102935999631882,0,0.00283999997191131,0.0291559994220734,0
"50kmE470N395",0,0.0127959996461868,0.00311199994757771,9.60000033956021e-05,0.00023999999393709,0.00179200002457947,0.000136000002385117,0.000203999996301718,0,0.000584000023081899,0.00308399996720254,0.201471999287605,0,0,0,0,0,0.00649600010365248,0,0.00436800019815564,0.0210480000823736,0,0.00366799999028444,0.290183991193771,0.0399920009076595,0.000783999974373728,0,0,0.0374480001628399,0,0,0,0,0,0.00147200003266335,0.00245600007474422,0.00105199997778982,0,0,0.000207999997655861,0.0440559983253479,0.000296000012895092,0,0.322955995798111,0
"50kmE475N395",0,0.00233030645176768,0,0,0,0,0,0,0,0,0.000905160384718329,0.00261918758042157,0,0,0,0,0,0.000226290096179582,0,0.00031776906689629,0.00171402713749558,0,0.00043813613592647,0.0494564212858677,0.00526726292446256,0,0,0,0.000327398447552696,0,0,0.000659611541777849,0,0,0,0,0,0,0,0,0,0.000182957941433415,0,0.935555458068848,0
"50kmE485N395",0,0,0,0,0,0,0,0,0,0,0,0,0,0,0,0,0,0,0,0,0,0,0,0.0294109638780355,0,0,0,0,0,0.00385791971348226,0,0,0,0,0,0,0,0,0,0,0,0,0,0.966731131076813,0
"50kmE330N400",0,0.000140420132083818,0,0,0,0,9.22760882531293e-05,0,0,0,0,0,0,0,0,0,0,0.00971707329154015,0,0,0.00594177795574069,0,0,0.000633896619547158,0,0.0062747742049396,0.0255885608494282,0,0.000312936317641288,0.00103509705513716,0.000373116374248639,0.0142185417935252,0,0,0,0.156303659081459,0,0,0.000160480150952935,0,0.0112937912344933,0,0.000930784910451621,0.766982793807983,0
"50kmE335N400",0,0.00185200001578778,0.00085200002649799,0,0,0.000796000007539988,0.00011600000289036,0.000155999994603917,0,0,0.000264000002061948,0,0,0,0,0,0,0.0349720008671284,0,0.00493999989703298,0.00256799999624491,0,0,0.000188000005437061,0.000684000027831644,0.00669200019910932,0.00523599982261658,0,0.00481599988415837,0.00113200000487268,0,0.00115200004074723,0,0,0,0.266891986131668,0.00063999998383224,0,0.00234799995087087,0,0.0072400001809001,0,0,0.656463980674744,0
"50kmE340N400",0,0.000421093543991446,0,0,0,0,0,0,0,0,0,0,0,0,0,0,0,0.00263761891983449,0,0,9.2548034444917e-06,0,0.000805167888756841,0.00160108099225909,0.000148076855111867,0.00224891724064946,0.00950468331575394,0,0.00036093732342124,0,0,0.0113648986443877,0,0,0,0.0776107832789421,0,0,0.000499759393278509,0,0.00207770336419344,0,0.00110594893340021,0.889604091644287,0
"50kmE345N400",0,0.000152461652760394,0,0,0,0,0,0,0,0,0.00025276537053287,0,0,0,0,0,0,0.0156032461673021,0,0,0.000790393329225481,0,0.00422880472615361,0.00844958517700434,0.000184558841283433,0.0270619429647923,0.0330560952425003,0,0.00829712394624949,0.000589785864576697,0.0125620374456048,0.0529844351112843,0,0,0,0.366365343332291,0.000112340167106595,0,0.00688484730198979,0,0.0141628850251436,0,0,0.448261320590973,0
"50kmE350N400",0,0.00235915975645185,0.00190110981930047,0,0.000121606171887834,0,0.000299961888231337,0,0.000117552634037565,0,0.00051885301945731,0.0100689912214875,0,0,0,0,0,0.0961053594946861,0,0,0,0,0.000547227798961103,0.0409164242446423,0.000170248647918925,0.0265466272830963,0.0108756450936198,0,0.0151156475767493,0,0.000235105268075131,0,0,0,0.000628298555966467,0.200342118740082,0,0,0.00233483850024641,0,0.00743824429810047,0,0,0.583356976509094,0
"50kmE355N400",0,0.000358113116817549,0.000765621138270944,0,0,0,0.000325183180393651,0,0,0,0.000769737409427762,0.00813369546085596,0,0,0,0,0,0.0954350903630257,0,0,0,0,0,0.00803902186453342,0,0.0143039431422949,0.0466411449015141,0,0.00424384605139494,0.000107022307929583,0.000292253243969753,0.00014818474301137,0,0,0.000275788246653974,0.0488104075193405,0,0,0.00377871072851121,0,0.000967317027971148,0,0,0.766604900360107,0
"50kmE400N400",0,0.00411383574828506,0,0,0,0.000715023837983608,0,0,0,0.000137127863126807,0.000333024800056592,0.000288947980152443,0,0,0,0,0,0.00498067960143089,0,0.00469173165038228,0.0120672518387437,0,0.000156717549543828,0.00155248318333179,0,0,0.0107939215376973,0,0,0,0.000122435580124147,0.00974587257951498,0,0,0,0.00131250952836126,0,0,0,0,0.000719921255949885,0,0,0.948268532752991,0
"50kmE405N400",0.000436000002082437,0.0128880003467202,0.00254800007678568,0.000148000006447546,0.000108000000182074,0,0.00128800002858043,0,0,0.000167999998666346,0.000380000012228265,0.0141799999400973,0,0,0,0,0,0.0222040005028248,0,0.0264800004661083,0.0830880030989647,0,0.0658480003476143,0.0958399996161461,0.0131919998675585,0,0.0675759986042976,0,0.00175199995283037,0,0.000211999999010004,0.0597839988768101,0,0,0,0.00500799994915724,0,0,0,0,0.0162439998239279,0,0,0.51062798500061,0
"50kmE410N400",0,0.000880000006873161,0.000123999998322688,0,0,0,0,0,0,0,0,0.00338399992324412,0,0,0,0,0,0.000723999983165413,0,0.00394000019878149,0.0181600004434586,0,0.116204001009464,0.084076002240181,0.015595999546349,0,0.140760004520416,0,0.000344000000040978,0,0.0506759993731976,0.432595998048782,0,0,0,0.0101199997588992,0,0,0,0,0.0864159986376762,0,0,0.0359999984502792,0
"50kmE415N400",0,0.00081200001295656,0,0,0,0,0.00011600000289036,0,0.000136000002385117,0,0.00122400000691414,0.000339999998686835,0,0,0,0,0,0,0,0.00154800002928823,0.0061960001476109,0,0.149759992957115,0.0915680006146431,0.0350879989564419,0,0.303972005844116,0,0.00412400020286441,0,0.00779999978840351,0.288448005914688,0,0,0,0.0364199988543987,0,0,0,0.000112000001536217,0.0723360031843185,0,0,0,0
"50kmE420N400",0,0.00203599990345538,0,0,0,0.000232000005780719,0,0,0,0,0.00116400001570582,0.00222399993799627,0,0,0,0,0,0,0,0.000515999970957637,0.0184480007737875,0,0.0119799999520183,0.65311598777771,0.0144039997830987,0,0.088968001306057,0,0.0396680012345314,0,0.000807999982498586,0.0597280003130436,0,0,0,0.0130279995501041,0,0,0,0.000376000010874122,0.0933040007948875,0,0,0,0
"50kmE425N400",0,0.0136599997058511,0.00166399998124689,0.00015999999595806,0,0.000296000012895092,0.00023999999393709,0,0.000211999999010004,0,0.00132000003941357,0.0219439994543791,0,0,0,0,0,0,0,0.0072240000590682,0.0487440004944801,0,0.00667200004681945,0.718559980392456,0.00413999985903502,0,0.0507039986550808,0,0.042323999106884,0,0,0.0133880004286766,0,0,0,0.00618800008669496,0,0,0,0.00185999996028841,0.0561840012669563,0,0,0.0045159999281168,0
"50kmE430N400",0,0.037831999361515,0.00389999989420176,0.000211999999010004,0.000268000003416091,0.00120000005699694,0.000715999980457127,0.00039999998989515,0.000112000001536217,0.00194800004828721,0.00720799993723631,0.139467999339104,0,0,0,0,0,0.000423999998020008,0,0.0144999995827675,0.0671639963984489,0,0.031835999339819,0.449279993772507,0.0242880005389452,0,0.00526400003582239,0,0.0899719968438148,0,0,7.20000025467016e-05,0,0,0,0.00478800013661385,0,0,0.000775999971665442,0.00426799990236759,0.021951999515295,0,0,0.0921519994735718,0
"50kmE435N400",0.00083999999333173,0.0350200012326241,0.00614799978211522,0.000167999998666346,0,0.00115999998524785,0.000352000002749264,0,0,0.00179999996908009,0.0152519997209311,0.182180002331734,0,0,0,0,0,0,0,0.00385600002482533,0.0455880016088486,0,0.0134920002892613,0.343692004680634,0.00343200005590916,0,0.00419599981978536,0,0.0142839998006821,0,0,0.000655999989248812,0,0,0,0.00301199988462031,0,0,0.00374400010332465,0.0107840001583099,0.0270319990813732,0,0,0.283311992883682,0
"50kmE440N400",0.000119999996968545,0.00784000009298325,0.000944000028539449,0,0,0,0,0,0.000255999999353662,0.000411999993957579,0.00011600000289036,0.0679439976811409,0,0,0,0,0,0.000368000008165836,0,0.00549199990928173,0.0322559997439384,0,0.00456799985840917,0.661563992500305,0.0344839990139008,0,0.000144000005093403,0,0.0386359989643097,0,0,0,0,0,0,0.0162719991058111,0,0,0,0.00014000000373926,0.128235995769501,0,0,0.000207999997655861,0
"50kmE445N400",0,0.00607600016519427,0.00126799999270588,0,0,0,0.000132000001030974,0,0,0,0.000755999993998557,0.0980480015277863,0,0,0,0,0,0.00376800005324185,0,0.00361600005999207,0.0153679996728897,0,0.0049519999884069,0.608115971088409,0.0952759981155396,0,0,0,0.0285000000149012,0,0,0,0,0,0.00380000006407499,0.0048119998537004,0,0,0,0.000123999998322688,0.125387996435165,0,0,0,0
"50kmE450N400",0.000348000001395121,0.0179800000041723,0.00456399982795119,0,0,0.00135200005024672,0.00106799998320639,0.000323999993270263,0,0.0015640000347048,0.00208400003612041,0.102080002427101,0,0,0,0,0,0.00210399995557964,0,0.00323999999091029,0.00462399981915951,0,0.0040480000898242,0.194959998130798,0.0320639982819557,0,0,0,0.006976000033319,0,0.00011600000289036,0,0,0,0.00956800021231174,0.00997999962419271,0,0,0,0.00193200004287064,0.599023997783661,0,0,0,0
"50kmE455N400",0,0.015259999781847,0.00462799984961748,0.000264000002061948,0,0.000255999999353662,0.00022000000171829,0.000184000004082918,0,0.00203200010582805,0.00128399999812245,0.0973199978470802,0,0,0,0,0,0.00360399996861815,0,0.00398800009861588,0.0106840003281832,0,0.0092799998819828,0.55595999956131,0.0965280011296272,0,0,0,0.0412199981510639,0,0,0,0.000112000001536217,0,0.00687600020319223,0.0421920008957386,0,0,0,0.00205200002528727,0.105599999427795,0.000456000008853152,0,0,0
"50kmE460N400",0.000536000006832182,0.030587999150157,0.00618800008669496,0.000620000006165355,0,0.000460000010207295,0.001587999984622,0.000472000014269724,0.000172000000020489,0.000820000015664846,0.00378799997270107,0.333752006292343,0,0,0,0,0,0.00914799980819225,0,0.00558400014415383,0.0100199999287724,0,0.0453200004994869,0.310828000307083,0.0863920003175735,0,0,0,0.0196080002933741,0,0.000228000004426576,0,0,0,0.00706000020727515,0.00690799998119473,0,0,0,0.00130000000353903,0.118620000779629,0,0,0,0
"50kmE465N400",0.000224000003072433,0.0224079992622137,0.00534800020977855,5.58793524829623e-17,0,0.000352000002749264,0.000867999973706901,0.00031999999191612,0,0.000736000016331673,0.00195199996232986,0.231240004301071,0,0,0,0,0,0.00877999980002642,0,0.00751199992373586,0.0191440004855394,0,0.0154400002211332,0.448040008544922,0.0609279982745647,0,0,0,0.0269520003348589,0,0,0,0,0,0.00440400000661612,0.00244800001382828,0,0,0,0.00208400003612041,0.140819996595383,0,0,0,0
"50kmE470N400",0,0.0148759996518493,0.00161200005095452,0.000123999998322688,0,0.000775999971665442,0.00115200004074723,0,0.000127999999676831,0.000536000006832182,0.00283999997191131,0.183431997895241,0,0,0,0,0,0.00581200001761317,0,0.010768000036478,0.0357999987900257,0,0.00750399986281991,0.473708003759384,0.100575998425484,0.000123999998322688,0,0,0.0149680003523827,0,0,0,0,0,0.00413599982857704,0.00433599995449185,0,0,0,0.000203999996301718,0.136588007211685,0,0,0,0
"50kmE475N400",0.00101600005291402,0.10096400231123,0.0146239995956421,0.00156799994874746,0,0.000555999984499067,0.00297600007615983,0.000760000024456531,0.000108000000182074,0.0115200001746416,0.00997999962419271,0.115956000983715,0,0,0,0,0,0.00598799996078014,0,0.0044680000282824,0.0251679997891188,0,0.00494399992749095,0.346363991498947,0.0599200017750263,0,0,0,0.00161599996499717,0,0.000127999999676831,0.00355200003832579,0,0,0.00133600004483014,0.00128800002858043,0.000407999992603436,0,0,0,0.0602359995245934,0.000288000010186806,0,0.22426800429821,0
"50kmE480N400",0,0.00968964211642742,0,0,0,0,9.0430628915783e-05,0,0,0.00043858855497092,0.00402416288852692,0.000700837408658117,0,0,0,0,0,0.000298421073239297,0,9.0430628915783e-05,0.00328715331852436,0,0,0.07376878708601,0.00250040693208575,0,0,0,0,0,4.06937833759002e-05,0.000764138821978122,0,0,9.94736910797656e-05,0,0,0,0,0,0.000945000094361603,0.000556148355826735,0,0.902705669403076,0
"50kmE355N405",0,0.00207861908711493,0.000588741793762892,0,0,0.000576726684812456,0,0,0,0,0.000476600514957681,0.0271662287414074,0,0,0,0,0,0.127821058034897,0,0,0,0,0,0,0,0.0259607098996639,0.0502112656831741,0,0,0.000308388582197949,6.80857847328298e-05,0.000104131206171587,0,0,0.000752948690205812,0.0165408421307802,0,0,0.00282355770468712,0,0.011438412591815,0,0,0.733083665370941,0
"50kmE360N405",0,0,0,0,0,0,0,0,0,0,0,0.00716465804725885,0,0,0,0,0,0.0275648273527622,0,0,0,0,0,0,0,0.00312856747768819,0,0,0,0.000983946374617517,0,0,0,0,0.000640042824670672,0.000277033454040065,0.000181504670763388,0,0.00548335164785385,0,0.000630489899776876,0,0,0.953945577144623,0
"50kmE400N405",0,0.0011563963489607,0,0,0,0,0,0,0,0,0,0,0,0,0,0,0,0.000729032442905009,0,0.000986707746051252,0.00714577501639724,0,0,0.00267730886116624,0,0,0.0044810357503593,0,0.000263960042502731,0,0,0.0465449504554272,0,0,0,0,0,0,0,0,0.000672469614073634,0,0,0.935342371463776,0
"50kmE405N405",0,0.00992800015956163,0.000891999981831759,0,0.000288000010186806,0.000184000004082918,0.000103999998827931,0,0,0.000552000012248755,0.000691999972332269,0.0114080002531409,0,0,0,0,0,0.00561199989169836,0,0.00713999988511205,0.0859239995479584,0,0.0952519997954369,0.167520001530647,0.0146000003442168,0,0.123208001255989,0,0.000696000002790242,0,0.0112640000879765,0.13018000125885,0,0,0,0.0157680008560419,0,0,0,0,0.0201319996267557,0,0,0.298655986785889,0
"50kmE410N405",0,0.00161599996499717,0.000132000001030974,0,0,0,0,0,0,0,0.00114399997983128,0.000352000002749264,0,0,0,0,0,0,0,0,0.014856000430882,0,0.148916006088257,0.0468680001795292,0.0142120001837611,0,0.266692012548447,0,0.000807999982498586,0,0.0819640010595322,0.331636011600494,0,0.00473999977111816,0,0.00480000022798777,0,0,0,0,0.047775998711586,0,0,0.0334880016744137,0
"50kmE415N405",0,0.000192000006791204,0,0,0,0,0,0,0,0,0.00471200002357364,0.000119999996968545,0,0,0,0,0,0,0,0.000247999996645376,0.00395199982449412,0,0.0989800021052361,0.0250039994716644,0.0122560001909733,0,0.323523998260498,0,0.00114399997983128,0,0.0589240007102489,0.370191991329193,0,0.00183199997991323,0,0.0205320008099079,0,0,0,0.000119999996968545,0.0782679989933968,0,0,0,0
"50kmE420N405",0,0.00165200000628829,0.000483999989228323,0,0,0,0,0,0,0,0.00400000018998981,0.00113200000487268,0,0,0,0,0,0,0,0.000660000019706786,0.0164240002632141,0,0.133083999156952,0.219144001603127,0.0251000002026558,0,0.309971988201141,0,0.0166759993880987,0,0.0100320000201464,0.113328002393246,0,0,0,0.0693759992718697,0,0,0,0,0.0789360031485558,0,0,0,0
"50kmE425N405",0,0.00323599996045232,0.000307999987853691,0.000127999999676831,0.000184000004082918,0.000163999997312203,0.000103999998827931,0,0,0,0.008627999573946,0.00247599999420345,0,0,0,0,0,0,0,0.000427999999374151,0.0294879991561174,0,0.0208519995212555,0.661652028560638,0.0153639996424317,0,0.104936003684998,0,0.0560560002923012,0,3.9999998989515e-05,0.0203319992870092,0,0,0,0.025976000353694,0,0,0,0.00293199997395277,0.0467160008847713,0,0,0,0
"50kmE430N405",0.000688000000081956,0.0502520017325878,0.00362399988807738,0.000391999987186864,0.000236000007134862,0,0.00136400002520531,0,0.000108000000182074,0.00100799999199808,0.00392000004649162,0.0641520023345947,0,0,0,0,0,0.000167999998666346,0,0.0411959998309612,0.0549319982528687,0,0.00176400004420429,0.622412025928497,0.00863599963486195,0,0.000515999970957637,0,0.0675119981169701,0,0,0,0,0,0,0.00352000002749264,0,0,0.000503999995999038,0.00436000013723969,0.0388519987463951,0,0,0.0298839993774891,0
"50kmE435N405",0.00342399999499321,0.0909319967031479,0.0136280003935099,0.00161999999545515,0.000864000001456589,0.000292000011540949,0.00150799995753914,0.000296000012895092,0,0.00517599983140826,0.0130279995501041,0.193092003464699,0,0,0,0,0,0,0,0.00203999993391335,0.0412239991128445,0,0.00601600017398596,0.444252014160156,0.00543599994853139,0,0,0,0.0372840017080307,0,0,0,0,0,0.000207999997655861,0.00371999992057681,0,0,0,0.00541200023144484,0.0477639995515347,0,0,0.0827839970588684,0
"50kmE440N405",0,0.00487599987536669,0.000144000005093403,0,0,0,0.000123999998322688,0,0.000368000008165836,0,0.000807999982498586,0.0823919996619225,0,0,0,0,0,0.00167599995620549,0,0.00635599996894598,0.0271519999951124,0,0.000348000001395121,0.727804005146027,0.006632000207901,0,0,0,0.0380720011889935,0,0,0,0,0,0.000108000000182074,0.0409599989652634,0,0,0,0,0.0621800012886524,0,0,0,0
"50kmE445N405",0,0.00922800041735172,0.00157199997920543,0,0,0,0.000352000002749264,0.000419999996665865,0,0.0006520000169985,0.000780000002123415,0.0717160031199455,0,0,0,0.000188000005437061,0,0.00168400001712143,0,0.00946000032126904,0.0190479997545481,0,0.00171999994199723,0.660539984703064,0.0483519993722439,0,0,0,0.0318440012633801,0,0,0,0,0,0,0.00484000006690621,0,0,0,0.000119999996968545,0.13748399913311,0,0,0,0
"50kmE450N405",0,0.00740400003269315,0.000272000004770234,0,0,0,0.000180000002728775,0,0,0.000891999981831759,0.00108800001908094,0.0954239964485168,0,0,0,0,0,0.00276000006124377,0,0.00531199993565679,0.0118559999391437,0,0.00578799983486533,0.651271998882294,0.0528480000793934,0,0,0,0.0541439987719059,0,0,0,0,0,0.00172800000291318,0.0224559996277094,0,0,0,0.00455600023269653,0.0820199996232986,0,0,0,0
"50kmE455N405",0,0.00782399997115135,0.00142400001641363,0,0,0,0.000356000004103407,0,0,0,0.00036000000545755,0.0124920001253486,0,0,0,0,0,0.00119600002653897,0,0.00431199977174401,0.00557600008323789,0,0.00265199993737042,0.696139991283417,0.0701839998364449,0,0,0,0.0470760017633438,0,0,0,0,0,0.00111599999945611,0.0195799991488457,0,0,0,0.000612000003457069,0.129099994897842,0,0,0,0
"50kmE460N405",0,0.0141960000619292,0.00195599999278784,0,0,0,0.000707999977748841,0.000284000008832663,0,0.000327999994624406,0.00102399999741465,0.114964000880718,0,0,0,0,0,0.00123199995141476,0,0.00720799993723631,0.0190280005335808,0,0.00314399995841086,0.626911997795105,0.0586640015244484,0,0,0,0.0612040013074875,0,0,0,9.60000033956021e-05,0,0.00193599995691329,0.0190319996327162,0,0,0,0.000696000002790242,0.0673879981040955,0,0,0,0
"50kmE465N405",0.000163999997312203,0.0367759987711906,0.00933200027793646,0.000132000001030974,0,0.000755999993998557,0.00153200002387166,0.000372000009519979,0.000180000002728775,0.00277599995024502,0.00378799997270107,0.313551992177963,0,0,0,0,0,0.00596799980849028,0,0.00447600008919835,0.0124359996989369,0,0.0131160002201796,0.357019990682602,0.0670199990272522,0,0,0,0.0418200008571148,0,0,0,0.00822400022298098,0,0.00526000000536442,0.0133840003982186,0,0,0,0.00107600004412234,0.100840002298355,0,0,0,0
"50kmE470N405",0,0.0174320004880428,0.00258000008761883,0,0,0,0.000755999993998557,0,0,0.00039999998989515,0.00346000003628433,0.392596006393433,0,0,0,0.000144000005093403,0,0.0122320000082254,0,0.00488399993628263,0.0134239997714758,0,0.00945600029081106,0.260428011417389,0.0506200008094311,0.000460000010207295,0,0,0.0134439999237657,0,0,0,0,0,0.00514000002294779,0,0,0,0,0,0.212543994188309,0,0,0,0
"50kmE475N405",0.00438399985432625,0.113995999097824,0.0166880004107952,0.00184000004082918,0.000612000003457069,0.00641999999061227,0.00305599998682737,0.00187999999616295,0.000211999999010004,0.0155680002644658,0.0176240000873804,0.198871999979019,0,0,0,0,0,0.0143280001357198,0,0.0079560000449419,0.0343879982829094,0,0.00573999993503094,0.347595989704132,0.0618599988520145,0,0,0,0.00429200008511543,0,0,0,0,0,0.00218000006861985,0.00165600003674626,0,0,0,3.19999999192078e-05,0.0817039981484413,0.00114399997983128,0,0.0559719987213612,0
"50kmE480N405",0,0.0283320005983114,0.000236000007134862,0,0,0,0,0.00011600000289036,9.99999974737875e-05,0.000243999995291233,0.00699600018560886,0.018087999895215,0,0,0,0,0,0.00156000000424683,0,0.00120000005699694,0.0158559996634722,0,0.00299599999561906,0.189843997359276,0.01961600035429,0,0,0,0.003175999969244,0,0,0.00221200007945299,0,0,0.000119999996968545,0.000123999998322688,0,0,0,0,0.00603199983015656,0.00149599998258054,0,0.701655983924866,0
"50kmE485N405",0,0,0,0,0,0,0,0,0,0,0,0,0,0,0,0,0,0,0,0,0,0,0,0,0,0,0,0,0,0,0.000675978721119463,0.000429593957960606,0,0,0,0,0,0,0,0,0,0,0,0.998894453048706,0
"50kmE400N410",0,0.00155951664783061,0,0,0,0,0,0,0,0,0,0,0,0,0,0,0,0.000723425939213485,0,0.000160102470545098,0.0072757676243782,0,0.00104956061113626,0.00178484595380723,0.000249048287514597,0,0.0142135415226221,0,0.000154172739712521,0,0.00016603218682576,0.0773235633969307,0,0,0,0.00135790614876896,0,0,0,0,0.0019864565692842,0,0,0.891996085643768,0
"50kmE405N410",0,0.0304039996117353,0.00247199996374547,0,0,0.001475999946706,0.000243999995291233,0.000127999999676831,0,0.00185999996028841,0.00287600001320243,0.00175199995283037,0,0,0,0,0,0.000487999990582466,0,0.0013160000089556,0.0603160001337528,0,0.093019999563694,0.224360004067421,0.0164759997278452,0,0.0789240002632141,0,0.000500000023748726,0,0.0123880002647638,0.076604001224041,0,0,0,0.00723600015044212,0,0,0,0,0.0169879999011755,0,0,0.370171993970871,0
"50kmE410N410",0,0.00247599999420345,0.000600000028498471,0,0,0,0,0,0,0,0.0007999999797903,0.00203599990345538,0,0,0,0,0,0.00124799995683134,0,0.000691999972332269,0.0204440001398325,0,0.105984002351761,0.0528200007975101,0.0139720002189279,0,0.090319998562336,0,8.80000006873161e-05,0,0.199376001954079,0.25789600610733,0,0.0786800011992455,0,0.00621599983423948,0,0,0,0,0.033975999802351,0,0,0.132376000285149,0
"50kmE415N410",0,0,0,0,0,0,0,0,0,0,0.000928000023122877,0.000155999994603917,0,0,0,0,0,0,0,0,0.000607999972999096,0,0.0161359999328852,0,0.000136000002385117,0,0.320416003465652,0,0,0,0.0471840016543865,0.518512010574341,0,0.000615999975707382,0.000828000018373132,0.0252480003982782,0,0,0,0.000232000005780719,0.0689999982714653,0,0,0,0
"50kmE420N410",0,0,0,0,0,0.000195999993593432,0,0,0,0,0.00169599999208003,0,0,0,0,0,0,0,0,0.000468000012915581,0.00453600008040667,0,0.0669799968600273,0.0344920009374619,0.0204760003834963,0,0.344464004039764,0,0.00354800000786781,0,0.000163999997312203,0.426416009664536,0,0,0,0.0242919996380806,0,0,0,0,0.072272002696991,0,0,0,0
"50kmE425N410",0,0.000731999985873699,0,0,0,0,0,0,0,0,0.00681999977678061,0.00508400006219745,0,0,0,0,0,0.000460000010207295,0,0.00187200005166233,0.0232880003750324,0,0.0507720001041889,0.502888023853302,0.0308960005640984,0,0.21738800406456,0,0.0398639999330044,0,0,0.0320160016417503,0,0,0,0.0549519993364811,0,0,0,0.00159200001507998,0.0313760004937649,0,0,0,0
"50kmE430N410",0.000163999997312203,0.00858400017023087,0.0011680000461638,0,0,0.000531999976374209,0.000836000021081418,0,0,0,0.00169599999208003,0.0399440005421638,0,0,0,0,0,0,0,0.0312680006027222,0.0395359992980957,0,0.0066800001077354,0.641467988491058,0.00563200004398823,0,0.0124359996989369,0,0.0769279971718788,0,0,0.000452000007499009,0,0,0,0.0237840004265308,0,0,0,0.0042519997805357,0.104639999568462,0,0,0,0
"50kmE435N410",0,0.0233399998396635,0.00293199997395277,0.000760000024456531,0,0.00525599997490644,0.00167999998666346,0,0.000119999996968545,0.000395999988541007,0.00169599999208003,0.166804000735283,0,0,0,0,0,0.000407999992603436,0,0.0272920001298189,0.0353999994695187,0,0.00698000006377697,0.515043973922729,0.016448000445962,0,0,0,0.131180003285408,0,0,0,0,0,0,0.0185400005429983,0,0,0,0.00591999990865588,0.0398040004074574,0,0,0,0
"50kmE440N410",0,0.0066639999859035,0.000807999982498586,0.000855999998748302,0,0,0.000132000001030974,0,0,0,0.000931999995373189,0.0972440019249916,0,0,0,0,0,0,0,0.00221999990753829,0.0374719984829426,0,0.0017359999474138,0.676508009433746,0.00207599997520447,0,0.000335999997332692,0,0.0645679980516434,0,0,0,0,0,0,0.0531519986689091,0,0,0,0.0102519998326898,0.0450440011918545,0,0,0,0
"50kmE445N410",0,0.00365599989891052,0.000211999999010004,0,0,0.000192000006791204,0,0,0,0.00014000000373926,0.000487999990582466,0.0197400003671646,0,0,0,0,0,0,0,0.0040480000898242,0.0131080001592636,0,0.00135999999474734,0.78847199678421,0.0149440001696348,0,0,0,0.0652360022068024,0,0,0,0,0,9.60000033956021e-05,0.0284240003675222,0,0,0,0.000127999999676831,0.0597559995949268,0,0,0,0
"50kmE450N410",0,0.00423600012436509,0.000544000009540468,0,0,0.000483999989228323,0.00011600000289036,0,0,0,0.000307999987853691,0.0194279998540878,0,0,0,0,0,0.00031999999191612,0,0.00179200002457947,0.00581200001761317,0,0.00222399993799627,0.702903985977173,0.0210319999605417,0,0,0,0.113664001226425,0,0,0,0,0,0.00139200000558048,0.0428959988057613,0,0,0,0.00570000009611249,0.0771479979157448,0,0,0,0
"50kmE455N410",0,0.00552000012248755,0.000284000008832663,0,0,0,0.000644000014290214,0.000167999998666346,0,0,0.000468000012915581,0.00227600010111928,0,0,0,0,0,0.000211999999010004,0,0.0015999999595806,0.00254400004632771,0,0.00201599998399615,0.72323602437973,0.0270000007003546,0,0,0,0.120279997587204,0,0,0,0,0,0.00118400005158037,0.0402319990098476,0,0,0,0,0.0723360031843185,0,0,0,0
"50kmE460N410",0,0.014635999687016,0.00222399993799627,0,0,0.000203999996301718,0.000144000005093403,0.000123999998322688,0,0.000964000006206334,0.00149599998258054,0.0253720004111528,0,0,0,0,0,0.000771999999415129,0,0.00419999985024333,0.0109440004453063,0,0.0054640001617372,0.72351998090744,0.0370839983224869,0,0,0,0.0711600035429001,0,0,0,0,0,0.000663999991957098,0.00413999985903502,0,0,0,0,0.0968879982829094,0,0,0,0
"50kmE465N410",0,0.0148679995909333,0.00366399995982647,0,0,0.000172000000020489,0.000315999990561977,0.000936000025831163,0,0.000696000002790242,0.00108800001908094,0.185415998101234,0,0,0,0,0,0.00388800003565848,0,0.00615999987348914,0.0183279998600483,0,0.00751199992373586,0.532419979572296,0.0512639991939068,0.000975999981164932,0,0,0.0388120003044605,0,0,0,0.0395039990544319,0,0.00751199992373586,0.0121200000867248,0,0,0,0.00503200013190508,0.0693159997463226,0,0,0,0
"50kmE470N410",0.000636000011581928,0.0168919991701841,0.00190399994608015,8.3999999333173e-05,0,0.000836000021081418,0.00132399995345622,0,0,0.000243999995291233,0.00243999995291233,0.250907987356186,0,0,0,0,0,0.00642800005152822,0,0.00506399990990758,0.012079999782145,0,0.0100800003856421,0.51937597990036,0.0733840018510818,0.000536000006832182,0,0,0.0551559999585152,0,0,0,0,0,0.00648400001227856,0.00942800007760525,0,0,0,0.0014280000468716,0.025288000702858,0,0,0,0
"50kmE475N410",0,0.0162840001285076,0.0030759999062866,0,0,0.000224000003072433,0.000699999975040555,0.000576000020373613,0.000307999987853691,0.000292000011540949,0.00195599999278784,0.177307993173599,0,0,0,0,0,0.00980400014668703,0,0.00685600005090237,0.0208439994603395,0,0.0103519996628165,0.513252019882202,0.0916360020637512,0,0,0,0.0879639983177185,0,0,0,0,0,0.00679600005969405,0.00490000005811453,0,0,0,0.000352000002749264,0.0294039994478226,0,0,0.0171160008758307,0
"50kmE480N410",0,0.0198279991745949,0.000855999998748302,0,0.000103999998827931,0,0,0.000119999996968545,0,0,0.0060720001347363,0.0563119985163212,0,0,0,0,0,0.00331999990157783,0,0.00432799989357591,0.0252720005810261,0,0.00698400009423494,0.184239998459816,0.0525359995663166,0,0,0,0.00662800017744303,0,0.000236000007134862,0.000148000006447546,0,0,0.00152799999341369,0.00014000000373926,0,0,0,0,0.0153440004214644,0.00121200003195554,0,0.614791989326477,0
"50kmE485N410",0,0.0023726720828563,6.90675078658387e-05,0,0,0,0,0,0,0,0,0.00195420417003334,0,0,0,0,0,0.000511912105139345,0,0,0.00287645845673978,0,0.000353463139617816,0.00912503618746996,0.0413998775184155,0,0,0,0.0051597491838038,0,0.000706926279235631,0,0,0,0,0,0,0,0,0,0.000125946637126617,0,0,0.935344696044922,0
"50kmE490N410",0,0.000289212795905769,0,0,0,0,0,0,0,0,0,0.000311459938529879,0,0,0,0,0,0,0,0,0.00527257192879915,0,0.0079110823571682,0.00819139648228884,0.0152526386082172,0,0,0,0.00140601920429617,0.000124583981232718,0.012342712841928,0,0,0,0,0,0,0,0,0,0,0,0,0.948898315429688,0
"50kmE495N410",0,0,0,0,0,0,0,0,0,0,0,0.00110736349597573,0,0,0,0,0,0,0,0,0.00078899651998654,0,0,0.00412031495943666,0.00513539835810661,0,0,0,0.000696716189850122,0,0.00327595043927431,0,0,0,0,0,0,0,0,0,0,0,0,0.9848752617836,0
"50kmE500N410",0,0.00523809809237719,0.000798186345491558,0,0.00114739290438592,0,0,0,0,0,0.000232804348343052,0,0,0,0,0,0,0,0,0,0,0,0,0.0175878144800663,0.00616931542754173,0,0,0,0.000177374749910086,0,0.00164071633480489,0,0,0,0,0,0,0,0,0,0,0,0,0.967008292675018,0
"50kmE505N410",0,0.000180253031430766,0,0,0,0.000107177482277621,0,0,0,0,0,0.000185124736162834,0,0,0,0,0,0,0,0,0,0,0,0.00248456886038184,0.000745370634831488,0,0,0,0,0,0,0,0,0,0,0,0.000151022817590274,0,0,0,0,0,0,0.996146500110626,0
"50kmE365N415",0,0.00164799997583032,0.000348000001395121,0,0,0.000292000011540949,0,0,0,0,0.000232000005780719,0.00023999999393709,0,0,0,0,0,0.0447760000824928,0,0,0,0,0,0,0,0.0210280008614063,0.0385919995605946,0,0,0,0,0,0,0,0,0.109296001493931,0,0,0,0,0.00225999997928739,0,0.000872000004164875,0.780416011810303,0
"50kmE370N415",0,0.00150796200614423,0.000627565023023635,0,0,0.000325069646351039,0.0001309308281634,0.000112871406599879,0,0,0,0,0,0,0,0,0,0.0214229915291071,0,0,0,0,0,0,0,0.0156575217843056,0.0161947887390852,0,0,0,0,0,0,0,0,0.0650319904088974,0,0,0,0,0.000790099846199155,0,0,0.878198206424713,0
"50kmE400N415",0,0.00429048854857683,0.00250035268254578,0,0,0,0.000131341483211145,0,0,0.000126476981677115,8.75609912327491e-05,0.000690758926793933,0,0,0,0,0,0.000476720946608111,0,0.0100597850978374,0.0209027528762817,0,0.00394997326657176,0.00179500028025359,0.00155663979239762,0,0.029328066855669,0,0,0,0,0.0570265278220177,0,0,0,0.0118110040202737,0,0,0,0,0.000544823938980699,0,0,0.85472172498703,0
"50kmE405N415",0.000555999984499067,0.0267399996519089,0.00253599998541176,0.000216000000364147,0,0,0.000391999987186864,0,0,0.000807999982498586,0.00106399995274842,0.00133600004483014,0,0,0,0,0,0.00167999998666346,0,0.00635199993848801,0.0823919996619225,0,0.192148000001907,0.104627996683121,0.029076000675559,0,0.129040002822876,0,0.000292000011540949,0,0.0231240000575781,0.192588001489639,0,0,0,0.0100079998373985,0,0,0,0,0.0177679993212223,0,0,0.177256003022194,0
"50kmE410N415",0,0.00261999992653728,0.000303999986499548,0,0,0.000167999998666346,0.000348000001395121,0,0,0.000151999993249774,0.00182400003541261,0.00513199996203184,0,0,0,0,0,0.000387999985832721,0,0.00449599977582693,0.0376919992268085,0,0.17909200489521,0.0881680026650429,0.0202399995177984,0,0.149535998702049,0,0.000475999986520037,0,0.132272005081177,0.293743997812271,0,0,0,0.015887999907136,0,0,0,0,0.0284960009157658,0,0,0.0389639995992184,0
"50kmE415N415",0,0.00052000000141561,0,0,0,0,0,0,0,0,0.00052000000141561,0.00127200002316386,0,0,0,0,0,0.000232000005780719,0,0.000515999970957637,0.00445999996736646,0,0.059579998254776,0.00788800045847893,0.00356799992732704,0,0.182799994945526,0,0,0,0.192167997360229,0.422075986862183,0,0.0423999987542629,0,0.00260000000707805,0,0,0,0,0.0613400004804134,0,0,0.0180600006133318,0
"50kmE420N415",0,0.00296399998478591,0.00014000000373926,0,0,0,0,0,0,0,0.00751199992373586,0.00327200000174344,0,0,0,0,0,0.0011800000211224,0,0.00408799992874265,0.0285000000149012,0,0.1684799939394,0.0780199989676476,0.0270000007003546,0,0.307096004486084,0,0.00746800005435944,0,0.0903000012040138,0.137612000107765,0,0.000948000000789762,0,0.066200003027916,0,0,0,0,0.0692199990153313,0,0,0,0
"50kmE425N415",0,0.00249200011603534,0.000352000002749264,0.000127999999676831,0,0.000192000006791204,0,0,0.000103999998827931,0,0.00869200006127357,0.00317999999970198,0,0,0,0,0,0.000380000012228265,0,0.00157199997920543,0.0360199995338917,0,0.124211996793747,0.381348013877869,0.0465920008718967,0,0.131955996155739,0,0.074864000082016,0,0.000255999999353662,0.0119120003655553,0,0,0,0.148460000753403,0,0,0,0.001304000033997,0.0259840004146099,0,0,0,0
"50kmE430N415",0,0.00224400009028614,0.000331999995978549,0,0,0,0,0,0,0.000132000001030974,0.000184000004082918,0.0104520004242659,0,0,0,0,0,0.000284000008832663,0,0.00468399981036782,0.0502040013670921,0,0.00448000011965632,0.590852022171021,0.0135840000584722,0,0.0391959995031357,0,0.167359992861748,0,0,0.00306800007820129,0,0,0,0.057643998414278,0,0,0,0.000568000017665327,0.0547319985926151,0,0,0,0
"50kmE435N415",0.000136000002385117,0.0221079997718334,0.0017239999724552,0.00039999998989515,0,0.000119999996968545,0.000300000014249235,0.000127999999676831,0,0.000167999998666346,0.000311999989207834,0.226715996861458,0,0,0,0,0,0.000127999999676831,0,0.00839599967002869,0.0463839992880821,0,0.00314399995841086,0.350324004888535,0.00900399964302778,0,0.00011600000289036,0,0.164631992578506,0,0,0,0,0,0,0.0297320000827312,0,0,0,0,0.136028006672859,0,0,0,0
"50kmE440N415",0,0.00539600010961294,0.00106799998320639,0,0,0,0,0,0,3.72529027582157e-17,0.000684000027831644,0.105071999132633,0,0,0,0,0,0,0,0.000376000010874122,0.0160879995673895,0,0.00197999994270504,0.592408001422882,0.00473600020632148,0,0.000151999993249774,0,0.16355599462986,0,0,0.00101600005291402,0,0,0,0.0832559987902641,0,0,0,0.00903599988669157,0.0151760000735521,0,0,0,0
"50kmE445N415",0,0.00161200005095452,0,0,0,0,0,0,0,0,0.000376000010874122,0.00300800008699298,0,0,0,0,0,0,0,0.00298000010661781,0.00110400002449751,0,0.00125199998728931,0.749840021133423,0.0434719994664192,0,0,0,0.0814919993281364,0,0,0,0,0,0.000791999977082014,0.0786679983139038,0,0,0,0.00410800008103251,0.0312959998846054,0,0,0,0
"50kmE450N415",0,0.00591199984773993,0.000268000003416091,0,0,0,0,0,0,0,0.000232000005780719,0.00312400003895164,0,0,0,0,0,0.00134399998933077,0,0.00400000018998981,0.00337999989278615,0,0.000939999998081475,0.667895972728729,0.0357199981808662,0,0,0,0.0721839964389801,0,0,0,7.99999997980194e-06,0,0.00122800003737211,0.155184000730515,0,0,0,0.00517199980095029,0.0434079989790916,0,0,0,0
"50kmE455N415",0,0.0148959998041391,0.000752000021748245,0,0,0,0.000260000000707805,0,0,0,0.00133200001437217,0.030171999707818,0,0,0,0,0,0.000427999999374151,0,0.00337200006470084,0.00285600009374321,0,0.00470399996265769,0.698556005954742,0.053252000361681,0,0,0,0.0807320028543472,0,0,0,0,0,0.00139999995008111,0.0322039984166622,0,0,0,0.0080359997227788,0.0670479983091354,0,0,0,0
"50kmE460N415",0,0.033500000834465,0.00512799993157387,0.000260000000707805,0,0.000744000019039959,0.000704000005498528,0.000452000007499009,0.000132000001030974,0.000956000003498048,0.00197200011461973,0.115263998508453,0,0,0,0.000119999996968545,0,0.000739999988581985,0,0.00846000015735626,0.0147160002961755,0,0.00714799994602799,0.644212007522583,0.0341240018606186,0,0,0,0.0420759990811348,0,0,0,0,0,0.000315999990561977,0.00161200005095452,0,0,0,0.00664399983361363,0.0807199999690056,0,0,0,0
"50kmE465N415",0,0.0155880004167557,0.00230400008149445,0,0,0,0.000148000006447546,0.000584000023081899,0,0.000132000001030974,0.00150000001303852,0.0809599980711937,0,0,0,0,0,0.00306000001728535,0,0.00211200001649559,0.00849600043147802,0,0.00633199978619814,0.640892028808594,0.0477919988334179,0.000612000003457069,0,0,0.0832159966230392,0,0,0,0,0,0.00175599998328835,0.0127720003947616,0,0,0,0.00126000004820526,0.0904840007424355,0,0,0,0
"50kmE470N415",0,0.0256479997187853,0.00454400014132261,0.00299599999561906,0.00121599994599819,0.000636000011581928,0.00147999997716397,0.000151999993249774,0,0.00274399993941188,0.00175199995283037,0.0751919969916344,0,0,0,0,0,0.00564000010490417,0,0.0019120000069961,0.0120320003479719,0,0.0148959998041391,0.449236005544662,0.094200000166893,0.00120800000149757,0.000172000000020489,0,0.0944520011544228,0,0,0,0,0,0.00863199960440397,0.0158840008080006,0,0,0,0.00592399993911386,0.0544600002467632,0.000272000004770234,0.0018880000570789,0.122832000255585,0
"50kmE475N415",0,0.0036359999794513,0.00049200002104044,0,0,0,0,0,0,0,0.00139600003603846,0.0338159985840321,0,0,0,0,0,0.00466000009328127,0,0.0049200002104044,0.022520000115037,0,0.00552800018340349,0.27198800444603,0.0542000010609627,0,0,0,0.0484599992632866,0,0.000560000014957041,0.000103999998827931,0,0,0.0052479999139905,0.0151760000735521,0,0,0,0,0.00687999976798892,0.00313200009986758,0,0.517283976078033,0
"50kmE480N415",0,0.000410188047681004,0,0,0,0,0,0,0,0,0,0,0,0,0,0,0,0,0,0,0.000303368229651824,0,0.000264913105638698,0.0106435250490904,0.00519571546465158,0,0,0,0.00269613182172179,0,0.00307213747873902,0,0,0,0,0,0,0,0,0,0,0,0,0.977414011955261,0
"50kmE485N415",0,0.0075199999846518,0.000696000002790242,0,0.00015999999595806,0.000623999978415668,0.000536000006832182,0,0,0,0.00134800001978874,0.0275279991328716,0,0,0,0,0,0.000584000023081899,0,0,0.0392439998686314,0,0.000448000006144866,0.0520760007202625,0.185172006487846,0,0,0,0.0329880006611347,0,0.0265919994562864,0,0,0,0,0.000132000001030974,0.000576000020373613,0,0,0,0.00553999980911613,0,0,0.618236005306244,0
"50kmE490N415",0,0.000720000010915101,0.000144000005093403,0,0,0,0,0,0,0,0,0.000831999990623444,0,0,0,0,0,6.80000011925586e-05,0,0,0.0080960001796484,0,0.0260119996964931,0.0380759984254837,0.0281440000981092,0,0,0,0.000655999989248812,0,0.0291080009192228,0,0,0,0,0,0,0,0,0,0,0,0,0.868143975734711,0
"50kmE495N415",0,0.00505199981853366,0.000515999970957637,0,0,0,0.000883999979123473,0,0,0.000127999999676831,0.000864000001456589,0.00564000010490417,0,0,0,0,0,0,0,0,0.0378799997270107,0,0,0.188800007104874,0.0325439982116222,0,0,0,0.00328000006265938,0,0.00254000001586974,0,0,0,0,0.000188000005437061,0,0,0,0,0.00195599999278784,0,0,0.719727993011475,0
"50kmE500N415",0,0.00701199984177947,0.00120800000149757,0,0,0,0.000155999994603917,0,0,0,0.000544000009540468,0.0910999998450279,0,0,0,0,0,0.000560000014957041,0,0,0.0563360005617142,0,0.00102399999741465,0.343304008245468,0.0712639987468719,0,0,0,0.0281879995018244,0,0.000224000003072433,0,0,0,0,0.000427999999374151,0.00130799994803965,0,0,0,0.00651999982073903,0,0,0.390823990106583,0
"50kmE505N415",0,0.0139319999143481,0.00309600005857646,0,0,9.99999974737875e-05,0.000119999996968545,0.000132000001030974,0,0,0.00268399994820356,0.0877040028572083,0,0,0,0,0,0,0,0,0.0557200014591217,0,0.00984400045126677,0.323412001132965,0.148111999034882,0,0,0,0.020856000483036,0,0,0,0,0,0.000199999994947575,0.00137600000016391,0.00191600003745407,0,0,0,0.0432120002806187,0,0,0.287584006786346,0
"50kmE510N415",0,0.0101079996675253,0.000807999982498586,0,0,0,0,0,0,0.00031999999191612,0.00294400006532669,0.0338359996676445,0,0,0,0,0,0.000523999973665923,0,0,0.0128039997071028,0,0.000644000014290214,0.055927999317646,0.0664680004119873,0,0,0,0.00642800005152822,0,0,0,0,0,0.000119999996968545,0.000503999995999038,0.000880000006873161,0,0,0,0.00454800017178059,0,0,0.803135991096497,0
"50kmE365N420",0,0,0,0,0,0,0,0,0,0,0,0,0,0,0,0,0,0.0194752309471369,0,0,0,0,0,0,0,0.00548589322715998,0.0108853951096535,0,0,0,0,0.00163527752738446,0,0,0,0.0632204487919807,0,0,0,0,0.00115395057946444,0,0,0.898143827915192,0
"50kmE370N420",0,0,0.00170008162967861,0,0,0,0,0,0,0,0,0,0,0,0,0,0,0.0304934643208981,0,0,0,0,0,0,0,0.0136206541210413,0.0331375896930695,0,0,0,0.000616029545199126,0.000248011900112033,0,0,0,0.0878082141280174,0,0,0,0,0.00115205533802509,0,0,0.831223905086517,0
"50kmE400N420",0,0,0.000151853237184696,0,0,0,0,0,0,0,0,0.000404941965825856,0,0,0,0,0,0.00129497074522078,0,0.000463996024336666,0.00239168852567673,0,0.000438687158748507,0.000809883931651711,0,0,0.00811993051320314,0,0,0,0.000333233503624797,0.113261431455612,0,0,0,0.00263634091243148,0,0,0,0,0.000927992048673332,0,0,0.86876505613327,0
"50kmE405N420",0,0.000503999995999038,4.80000016978011e-05,0,0,0,0.000744000019039959,0,0,0,0,0.00173999997787178,0,0,0,0,0,0.00264799990691245,0,0.00327200000174344,0.0295160003006458,0,0.163711994886398,0.101952001452446,0.0150399999693036,0,0.163008004426956,0,0,0,0.0144239999353886,0.263491988182068,0,0,0,0.00801199954003096,0,0,0,0,0.0320120006799698,0,0,0.199875995516777,0
"50kmE410N420",0,0.00178000004962087,0,0,0,0,0,0,0,0,1.59999999596039e-05,0.000423999998020008,0,0,0,0,0,0,0,0.00401599984616041,0.013880000449717,0,0.150187999010086,0.0218880008906126,0.00428400002419949,0,0.187552005052567,0,0,0,0.0904320031404495,0.350639998912811,0,0.00639599980786443,0,0.0096239997074008,0,0,0,0,0.0307000000029802,0,0,0.128179997205734,0
"50kmE415N420",0,0.00314799998886883,0.000255999999353662,0,0,0.000155999994603917,0,0,0,0,0.000103999998827931,0.00583600020036101,0,0,0,0,0,0.000108000000182074,0,0.0040799998678267,0.0182760003954172,0,0.190648004412651,0.0984399989247322,0.0183000005781651,0,0.107104003429413,0,0.000704000005498528,0,0.130311995744705,0.275503993034363,0,0.00396799994632602,0,0.00559999980032444,0,0,0,0,0.0121919997036457,0,0,0.125264003872871,0
"50kmE425N420",0,0.00239600008353591,0.000255999999353662,0,0,0.000303999986499548,0.000167999998666346,0,0,0.000172000000020489,0.00738399988040328,0.00207199994474649,0,0,0,0,0,0,0,0.00225599994882941,0.0625080019235611,0,0.117371998727322,0.167919993400574,0.0274199992418289,0,0.21060399711132,0,0.0532880015671253,0,0.00673600006848574,0.121356002986431,0,0,0,0.151679992675781,0,0,0,0.000176000001374632,0.065931998193264,0,0,0,0
"50kmE430N420",0,0.00710400007665157,0.00150799995753914,0.000272000004770234,0,0,0,0,0,0.000112000001536217,0.00833200011402369,0.00648800004273653,0,0,0,0,0,0.0013399999588728,0,0.0228279996663332,0.079184003174305,0,0.0680480003356934,0.403351992368698,0.0174920000135899,0,0.061540000140667,0,0.107836000621319,0,0,0.0169879999011755,0,0,0,0.17009599506855,0,0,0,0.00215599988587201,0.0253240000456572,0,0,0,0
"50kmE435N420",0,0.00358400004915893,0.00123599998187274,0,0,0,0,0,0,0.000148000006447546,0.0120080001652241,0.0223360005766153,0,0,0,0,0,0.00104799994733185,0,0.00650400016456842,0.0310759991407394,0,0.0214639995247126,0.42943999171257,0.00839599967002869,0,0.0596919991075993,0,0.0934519991278648,0,0.000671999994665384,0.0259199999272823,0,0,0,0.250647991895676,0,0,0,0.0037599999923259,0.0286159999668598,0,0,0,0
"50kmE440N420",0,0.00255200010724366,0.000587999995332211,0,0,0,0,0,8.80000006873161e-05,0.00014000000373926,0.00457199988886714,0.00370400003157556,0,0,0,0,0,0,0,0.000899999984540045,0.0154039999470115,0,0.000728000013623387,0.579840004444122,0.0035880000796169,0,0.00415199995040894,0,0.0886600017547607,0,0.000348000001395121,0.00318800006061792,0,0,0,0.265639990568161,0,0,0,0.00223199999891222,0.0236760005354881,0,0,0,0
"50kmE445N420",0,0.00126799999270588,0,0,0,0,0,0,0,0,0.00719599984586239,0.00081200001295656,0,0,0,0,0,0.000195999993593432,0,0.000571999989915639,0.00267200008966029,0,0.00182799994945526,0.64002001285553,0.0258559994399548,0,0.0412239991128445,0,0.123404003679752,0,0.00023999999393709,0.00155599997378886,0,0,0.000335999997332692,0.120664000511169,0,0,0,0.00254400004632771,0.029611999168992,0,0,0,0
"50kmE450N420",0,0.00505199981853366,0.000844000023789704,0,0,0,0,0,0,0,0.000448000006144866,0.00339600001461804,0,0,0,0,0,0.00110400002449751,0,0.00833200011402369,0.00039999998989515,0,0,0.718652009963989,0.0154440002515912,0,0,0,0.08160799741745,0,0,0,0.000415999995311722,0,0.00123199995141476,0.125867992639542,0,0,0,0.00309600005857646,0.0341080017387867,0,0,0,0
"50kmE455N420",0,0.0179280005395412,0.00124400004278868,0,0,0.000804000010248274,0,0,0,0.000475999986520037,0.00239600008353591,0.0159159991890192,0,0,0,0,0,0.00392800010740757,0,0.0106960004195571,0.00640399986878037,0,0.00384399993345141,0.649764001369476,0.0448159985244274,0,0,0,0.0532159991562366,0,0,0,0,0,0.00047999998787418,0.0438640005886555,0,0,0,0.0021480000577867,0.142076000571251,0,0,0,0
"50kmE460N420",0,0.00337999989278615,0.00022000000171829,0,0,0,0.000448000006144866,0,0,0.000380000012228265,0.000192000006791204,0.0123560000211,0,0,0,0,0,0.00196400005370378,0,0.00271199992857873,0.00180399999953806,0,0.00166800001170486,0.726963996887207,0.0408560000360012,0,0,0,0.0928639993071556,0,0,0,0,0,0.000744000019039959,0.0311639998108149,0,0,0,0,0.08228400349617,0,0,0,0
"50kmE465N420",0,0.00356399989686906,0,0,0,0,0.000176000001374632,0,0,0,0,0.0274919997900724,0,0,0,0,0,0.000723999983165413,0,0.000127999999676831,0.00102800002787262,0,0.00635599996894598,0.719936013221741,0.0295919999480247,0,0,0,0.115195997059345,0,0,0,0,0,0.00126399996224791,0.0244559999555349,0,0,0,0.000172000000020489,0.0699160024523735,0,0,0,0
"50kmE470N420",0,0.00750981830060482,0.000508615514263511,0,0,0,0.000495347252581269,0,0,0,0,0.00696139829233289,0,0,0,0,0,0,0,0.000137105045723729,0.000163641510880552,0,0.00192389346193522,0.214410185813904,0.0258818957954645,0,0,0,0.0178811512887478,0,0,0,0,0,0.000893394171725959,0.00392297329381108,0,0,0,0.000614761374890804,0.0125517463311553,0,0.000234405408264138,0.705909669399261,0
"50kmE490N420",0,0.00463199988007545,0.000980000011622906,0,0.000300000014249235,0,0.00023999999393709,0.000151999993249774,0,0,0.000503999995999038,0.0122720003128052,0,0,0,0,0,3.9999998989515e-05,0,0,0.0284919999539852,0,0.0039240000769496,0.128968000411987,0.0335600003600121,0,0,0,0.00819199997931719,0,0.00393200013786554,0,0,0,0.000163999997312203,0.00044000000343658,0.000243999995291233,0,0,0,0.00316000008024275,0,0,0.769804000854492,0
"50kmE495N420",0,0.0504919998347759,0.0116119999438524,0,0.00200399989262223,0.000823999987915158,0.00105600000824779,0.000595999998040497,0.00036000000545755,0.00323199992999434,0.00295199989341199,0.152712002396584,0,0,0,0,0,0.000544000009540468,0,0,0.135284006595612,0,0.000600000028498471,0.411404013633728,0.0552279986441135,0,0,0,0.0204240009188652,0,0,0,0,0,0,0.012423999607563,0.00599199999123812,0,0,0.000192000006791204,0.00289999996311963,0,0,0.129168003797531,0
"50kmE500N420",0,0.0323119983077049,0.00629599997773767,0,0,0,0.000655999989248812,0.000468000012915581,0,0.000712000008206815,0.000931999995373189,0.385603994131088,0,0,0,0.00011600000289036,0,0.00036000000545755,0,0,0.100220002233982,0,0.000676000025123358,0.310515999794006,0.103288002312183,0,0,0,0.029772000387311,0,0,0,0,0,0,0.00842799991369247,0.0014400000218302,0,0,0,0.000855999998748302,0,0,0.017348000779748,0
"50kmE505N420",0,0.0168440006673336,0.0019000000320375,0,0,0.000144000005093403,0.000867999973706901,1.20000004244503e-05,0,0,0.00192399998195469,0.193179994821548,0,0,0,0,0,0.000511999998707324,0,0,0.083516001701355,0,0.00919600017368793,0.311955988407135,0.259820014238358,0,0,0,0.033780001103878,0,0,0,0,0,0.000668000022415072,0.000904000014998019,0,0,0,0.000216000000364147,0.0845599994063377,0,0,0,0
"50kmE510N420",0,0.132456004619598,0.0357199981808662,0.00208800006657839,0,0.00572399981319904,0.00224400009028614,0.00271599995903671,0.00142400001641363,0.0107920002192259,0.00930000003427267,0.144715994596481,0,0,0,0.000132000001030974,0,0,0,0,0.0797360017895699,0,0.0205879993736744,0.135675996541977,0.318280011415482,0,0,0,0.0224040001630783,0,0,0,0,0,0.000699999975040555,0.00101600005291402,0.00152000004891306,0,0,0,0.0378360003232956,0,0,0.0349319986999035,0
"50kmE515N420",0,0.0447040013968945,0.00835200026631355,0.000255999999353662,0.00104400003328919,0,0.00145600002724677,0.000376000010874122,0,0.00236400007270277,0.00392800010740757,0.0896280035376549,0,0,0,0,0,0.00014000000373926,0,0,0.0566879995167255,0,0.00386000005528331,0.160004004836082,0.159679993987083,0,0,0,0.0169680006802082,0,0,0,0,0,0,0.000112000001536217,0.00647999998182058,0,0,0,0.00340000004507601,0,0,0.440560013055801,0
"50kmE520N420",0,0.00116348394658417,0.000201926959562115,0,0.000312506017507985,0,0.000144233548780903,0,0,0,0.000105771265225485,0.00229331338778138,0,0,0,0,0,0,0,0,0.0013798342552036,0,7.21167743904516e-05,0.04643839225173,0.0158801134675741,0,0,0,0.00256254919804633,0,0,0,0,0,0,0,0.000649050925858319,0,0,0,0.000831746787298471,0,0,0.927964985370636,0
"50kmE525N420",0,0,0,0,0,0,0,0,0,0,0.000318343285471201,0,0,0,0,0,0,0,0,0,0,0,0,0.00233730976469815,0,0,0,0,0,0,0,0,0,0,0,0,0,0,0,0,0,0,0,0.997344374656677,0
"50kmE400N425",0,0,0,0,0,0,0,0,0,0,0,0,0,0,0,0,0,0,0,3.73550501535647e-05,0.00390627095475793,0,0.000336195429554209,0,0,0,0.00625963881611824,0,0,0,0.000229466735618189,0.0307592153549194,0,0,0,0.00153155706357211,0,0,0,0,0.000725755235180259,0,0,0.956214547157288,0
"50kmE405N425",0,0.00412000017240644,0.000503999995999038,0,0.000292000011540949,0.000419999996665865,0.000176000001374632,0,0,0.000891999981831759,0,0.00580399995669723,0,0,0,0,0,0.000276000006124377,0,0.00585199985653162,0.0510520003736019,0,0.13018000125885,0.137219995260239,0.0166239999234676,0,0.13136400282383,0,0,0,0.0542480014264584,0.184775993227959,0,0.00243599992245436,0,0.020651999861002,0,0,0.000571999989915639,0.000108000000182074,0.0295359995216131,0,0,0.222895994782448,0
"50kmE410N425",0,0.00105199997778982,0,0,0,0,0,0,0,0,0.000292000011540949,0.0140599999576807,0,0,0,0,0,0.000855999998748302,0,0.0105200000107288,0.0266960002481937,0,0.171944007277489,0.0429360009729862,0.00741200009360909,0,0.229231998324394,0,0,0,0.108035996556282,0.23530800640583,0,0.0672840029001236,0,0.024447999894619,0,0,0,0,0.0540359988808632,0,0,0.00588800013065338,0
"50kmE415N425",0,0.000552000012248755,0.000151999993249774,0,0,0,0,0,0,0,0,0.00491600017994642,0,0,0,0,0,0,0,0.00457199988886714,0.0139239998534322,0,0.141268000006676,0.016567999497056,0.00371599989011884,0,0.134823992848396,0,0.000203999996301718,0,0.211735993623734,0.217280000448227,0,0.205144003033638,0,0.00321200001053512,0,0,0,0,0.0207560006529093,0,0,0.0211759991943836,0
"50kmE425N425",0,0.00083999999333173,0.000163999997312203,0,0,0,0.000415999995311722,0,0,0,0.0011800000211224,0.00463199988007545,0,0,0,0,0,0.000600000028498471,0,0.000384000013582408,0.0223120003938675,0,0.126944005489349,0.155624002218246,0.0296519994735718,0,0.184568002820015,0,0.0135000003501773,0,0.0835240036249161,0.295951992273331,0,0.00165999995078892,0,0.0379440002143383,0,0,0,0.00149599998258054,0.0386079996824265,0,0,0,0
"50kmE430N425",0,0.00385600002482533,0.0007999999797903,0,0,0,0.000307999987853691,0,0,0,0.00590399978682399,0.0195760000497103,0,0,0,0,0,0.000236000007134862,0,0.00880399998277426,0.0447839982807636,0,0.14368000626564,0.194631993770599,0.0789119973778725,0,0.131855994462967,0,0.0386239998042583,0,0.012703999876976,0.197167992591858,0,0,0,0.0969360023736954,0,0,0,0.00558800017461181,0.0156319998204708,0,0,0,0
"50kmE435N425",0,0.000948000000789762,0.000176000001374632,0,0,0,0,0,0,0,0.00293199997395277,0.00452800001949072,0,0,0,0,0,0,0,0.000600000028498471,0.00860400032252073,0,0.0567319989204407,0.539160013198853,0.0233919993042946,0,0.0415919981896877,0,0.0624839998781681,0,0.00614799978211522,0.0955799967050552,0,0,0,0.125284001231194,0,0,0,0.00536799989640713,0.0264720004051924,0,0,0,0
"50kmE440N425",0,0.000132000001030974,0,0,0,0,0.000203999996301718,0,0,0,0.00254800007678568,0.000912000017706305,0,0,0,0,0,0,0,0,0.00817199982702732,0,0.0460640005767345,0.428564012050629,0.0157079994678497,0,0.064351998269558,0,0.0253359992057085,0,0.0106199998408556,0.174391999840736,0,0,0,0.210631996393204,0,0,0,0.000620000006165355,0.011744000017643,0,0,0,0
"50kmE445N425",0,0.00176799995824695,0.000180000002728775,0,0,0,0,0,0,0,0.000956000003498048,0,0,0,0,0,0,0.000255999999353662,0,0.000508000026457012,0.00214400002732873,0,0.0190919991582632,0.567731976509094,0.0154879996553063,0.000144000005093403,0.117311999201775,0,0.0833839997649193,0,0.00505599984899163,0.0307800006121397,0,0,0.00227600010111928,0.123772002756596,0,0,0,0,0.029152000322938,0,0,0,0
"50kmE450N425",0,0,0.000372000009519979,0,0,0,0,0,0,0,0.000323999993270263,0,0,0,0,0,0,0,0,0,0,0,0.00686000008136034,0.658999979496002,0.0135319996625185,0,0.019751999527216,0,0.123772002756596,0,0,0,0,0,1.99999994947575e-05,0.155024006962776,0,0,0,0,0.0213440004736185,0,0,0,0
"50kmE455N425",0,0.000715999980457127,0,0,0,0,0,0,0,0,0,0,0,0,0,0,0,0.00023999999393709,0,0.00011600000289036,0,0,0.000155999994603917,0.684391975402832,0.0210839994251728,0,0,0,0.163195997476578,0,0,0,0.000544000009540468,0,0.00167200004216284,0.0936160013079643,0,0,0,0,0.0342679992318153,0,0,0,0
"50kmE460N425",0,0.00442000012844801,0.00023999999393709,0,0,0,0.000151999993249774,0,0,0,0,0.0312720015645027,0,0,0,0,0,0.000335999997332692,0,0.00095999997574836,0.00180399999953806,0,0.000272000004770234,0.733204007148743,0.0167960003018379,0,0,0,0.129403993487358,0,0,0,1.86264513791079e-17,0,0.000552000012248755,0.0284160003066063,0,0,0,0.000292000011540949,0.0518799982964993,0,0,0,0
"50kmE465N425",0,0.0137999998405576,0.00131199997849762,0.00136400002520531,0,0.000228000004426576,0.000427999999374151,0.000108000000182074,0,0.000660000019706786,0.000723999983165413,0.0955279991030693,0,0,0,0,0,0.00192399998195469,0,0.000251999997999519,0.00411200011149049,0,0.00411600014194846,0.67138797044754,0.0386880002915859,0,0,0,0.0677639991044998,0,0,0,0,0,0.000831999990623444,0.0039240000769496,0,0,0,0.00206399988383055,0.0860000029206276,0,0.000192000006791204,0.00459200004115701,0
"50kmE470N425",0,0.00638257758691907,0.00114596274215728,0,0,0.00157146796118468,0.000149893865454942,0,0,0.000149893865454942,0.00161982083227485,0.00102508068084717,0,0,0,0,0,0.00025143485981971,0,0,0.00043034044210799,0,0,0.0869336053729057,0.00175520882476121,0,0,0,0.00735446996986866,0,0,0.000585069588851184,0,0,0.0001982467219932,0.000323964166454971,0,0,0,0.000270776014076546,0.00151344446931034,0,0.00174553820397705,0.886593222618103,0
"50kmE490N425",0,0.0147904818877578,0.0036639291793108,0,0.00124236685223877,0,0.00016845652135089,0.000383238570066169,0.000223204886424355,0.000113708149001468,0.000117919560580049,0.0196883548051119,0,0,0,0,0,0,0,0,0.0290840175002813,0,0,0.176934093236923,0.0428637601435184,0,0,0,0.0139524107798934,0,0.00144451460801065,0,0,0,0.000821225519757718,0.000518003769684583,0.000703305937349796,0,0,0,0.00540324300527573,0,0,0.687883794307709,0
"50kmE495N425",0,0.0210999995470047,0.00260400003753603,0,0,0.000199999994947575,0.00159600004553795,0.000384000013582408,0,0,0.000339999998686835,0.189615994691849,0,0,0,0,0,0,0,0,0.0653320029377937,0,0.000631999981123954,0.458359986543655,0.107023999094963,0,0,0,0.0398439988493919,0,0,0,0,0,0.00387999997474253,0.0275079999119043,0,0,0,0.00299599999561906,0.0785840004682541,0,0,0,0
"50kmE500N425",0,0.0149520002305508,0.00155199994333088,0,0,0.00036000000545755,0.000880000006873161,0,0,0,0.00124000001233071,0.405912011861801,0,0,0,0,0,0,0,0,0.084027998149395,0,0.000272000004770234,0.243307992815971,0.195263996720314,0,0,0,0.0319399982690811,0,0,0,0,0,0.00097200000891462,0.0108479997143149,0,0,0,0.000315999990561977,0.00815599970519543,0,0,0,0
"50kmE505N425",0,0.0215000007301569,0.00464399997144938,0,0,0.00047999998787418,0.000464000011561438,0.000311999989207834,0,9.99999974737875e-05,0.00116400001570582,0.140903994441032,0,0,0,0,0,0,0,0,0.0637840032577515,0,0.00348399998620152,0.353951990604401,0.280883997678757,0,0,0,0.0458439998328686,0,0,0,0,0,0.00302399997599423,0.0108599998056889,0,0,0,0,0.0685999989509583,0,0,0,0
"50kmE510N425",0,0.0313120000064373,0.00846400018781424,0.000176000001374632,0,0.000192000006791204,0.0010039999615401,0.000600000028498471,0.00011600000289036,0.000699999975040555,0.00301599991507828,0.20524799823761,0,0,0,0,0,0.000288000010186806,0,0,0.0858559980988503,0,0.00553999980911613,0.249259993433952,0.316680014133453,0,0,0,0.0488720014691353,0,0,0,0,0,0.0011680000461638,0.00351599999703467,0,0,0,0.00049200002104044,0.0375000014901161,0,0,0,0
"50kmE515N425",0,0.0164960008114576,0.00334400008432567,0,0,0,0.000668000022415072,0.00014000000373926,0.000123999998322688,4.80000016978011e-05,0.000288000010186806,0.268904000520706,0,0,0,0,0,0.000211999999010004,0,0,0.0902559980750084,0,0.00631600013002753,0.166656002402306,0.380107998847961,0,0,0,0.0368320010602474,0,0,0,0,0,0.00130000000353903,0.000587999995332211,0.00205600005574524,0,0,0,0.0252320002764463,0,0,0.000432000000728294,0
"50kmE520N425",0,0.0308919996023178,0.00641599996015429,0.0013160000089556,0.00308399996720254,0.000255999999353662,0.000236000007134862,0.000623999978415668,0.000807999982498586,0.000636000011581928,0.000387999985832721,0.214460000395775,0,0,0,0.000148000006447546,0,0,0,0,0.0513360016047955,0,0.013944000005722,0.229560002684593,0.266607999801636,0,0,0,0.0354040004312992,0,0,0,0,0,0.000448000006144866,0.00837999954819679,0.00470799999311566,0,0,0.00572799984365702,0.0141719998791814,0,0,0.110448002815247,0
"50kmE525N425",0,0.0102647813037038,0.00165750971063972,0.000323929562000558,0.00242316140793264,0,0.000921306142117828,0,0.00197302550077438,0,0,0.0405627116560936,0,0,0,0,0,0,0,0,0.0471212342381477,0,0.00650383252650499,0.26204639673233,0.0590351112186909,0,0,0,0.0199153572320938,0,0,0,0,0,0.00131675263401121,0.00156495836563408,0.00132095953449607,0,0,0,0.00832120329141617,0,0,0.53472775220871,0
"50kmE405N430",0,0.00213999999687076,0,0,0,0,0.000975999981164932,0,0,0.000136000002385117,0.000127999999676831,0.00328799989074469,0,0,0,0,0,0.00167599995620549,0,0.004935999866575,0.0359760001301765,0,0.0670680031180382,0.0279239993542433,0.00529999984428287,0,0.186716005206108,0,0,0,0.0641880035400391,0.1771399974823,0,0.00909600034356117,0,0.0123519999906421,0,0,0,0,0.0198480002582073,0,0,0.38111200928688,0
"50kmE410N430",0,0.00513599999248981,0.000144000005093403,0,0,0.000236000007134862,0,0,0,0,0.000920000020414591,0.00482799997553229,0,0,0,0,0,0,0,0.0122159998863935,0.0423879995942116,0,0.203856006264687,0.0802640020847321,0.0160280000418425,0,0.175375998020172,0,0.000931999995373189,0,0.0742520019412041,0.188040003180504,0,0.0127680003643036,0,0.0272799991071224,0,0,0,0,0.0338159985840321,0,0,0.12151999771595,0
"50kmE415N430",0,0.000456000008853152,0,0,0,0,0,0,0,0,0.000207999997655861,0.00332799996249378,0,0,0,0,0,0,0,0.00598799996078014,0.00936399959027767,0,0.129096001386642,0.00677999993786216,0.0015640000347048,0,0.143588006496429,0,0,0,0.299795985221863,0.226216003298759,0,0.103416003286839,0,0.00375599996186793,0,0,0,0,0.0453720018267632,0,0,0.0210720002651215,0
"50kmE420N430",0,0.000831999990623444,0.000372000009519979,0,0,0,0.000136000002385117,0,0,0,0.000123999998322688,0.00684799998998642,0,0,0,0,0,0.000723999983165413,0,0.00412000017240644,0.0113639999181032,0,0.0501799993216991,0.081836000084877,0.0173080004751682,0,0.110399998724461,0,0.00167599995620549,0.000103999998827931,0.249423995614052,0.423036009073257,0,0.0131280003115535,0,0.000315999990561977,0,0,0,0.00104400003328919,0.0270279999822378,0,0,0,0
"50kmE425N430",0,0.00147200003266335,0.000531999976374209,0.000195999993593432,0,0,0,0,0,0,0.000176000001374632,0.0235360004007816,0,0,0,0,0,0,0,0.0118519999086857,0.0237319990992546,0,0.0989319980144501,0.105871997773647,0.0238760001957417,0,0.186471998691559,0,0.00240799994207919,0,0.080935999751091,0.408152014017105,0,0,0,0.0158680006861687,0,0,0,0.0023439999204129,0.0136439995840192,0,0,0,0
"50kmE430N430",0,0.000563999987207353,0,0,0,0,0,0,0,0,0.00149599998258054,0.00239600008353591,0,0,0,0,0,0.000607999972999096,0,0.00570400012657046,0.0134079996496439,0,0.132275998592377,0.163195997476578,0.0203840006142855,0,0.0866120010614395,0,0.00660800002515316,0,0.114160001277924,0.407691985368729,0,0,0,0.0380120016634464,0,0,0,0,0.00688399979844689,0,0,0,0
"50kmE435N430",0,0.000487999990582466,0,0,0,0,0.00023999999393709,0,0,0,5.99999984842725e-05,0.00939999986439943,0,0,0,0,0,0,0,0.00220400001853704,0.0198199991136789,0,0.0852119997143745,0.312059998512268,0.0394759997725487,0,0.0328520014882088,0,0.026316000148654,0,0.017807999625802,0.353392004966736,0.00143599999137223,0,0,0.0921360030770302,0,0,0,0.00343600008636713,0.00366399995982647,0,0,0,0
"50kmE440N430",0,0,0.000112000001536217,0,0,0,0,0,0,0,0.000631999981123954,0.00011600000289036,0,0,0,0,0,0,0,0,0.00722800008952618,0,0.0362839996814728,0.36829599738121,0.0301879998296499,0,0.0805279985070229,0,0.0149640003219247,0,0.0150640001520514,0.179844006896019,0,0,0.000167999998666346,0.160740002989769,0,0,0,0,0.105835996568203,0,0,0,0
"50kmE445N430",0,0.000904000014998019,0,0,0,0.00022000000171829,0,0.00031999999191612,0,0,0.00418000016361475,0,0,0,0,0,0,0.000123999998322688,0,0.000207999997655861,0.000771999999415129,0,0.0226680003106594,0.544636011123657,0.02721600048244,0,0.20218400657177,0,0.0446359999477863,0,0.00505999987944961,0.00870000012218952,0,0,0.000224000003072433,0.123939998447895,0,0,0,0.000224000003072433,0.0137839997187257,0,0,0,0
"50kmE450N430",0,0.00138799997512251,0.000315999990561977,0,0,0,0,0,0,1.99999994947575e-05,0,0.00240399991162121,0,0,0,0,0,0.00110800005495548,0,0.000676000025123358,0.00116400001570582,0,0.0077840001322329,0.620011985301971,0.0159000009298325,0,0.0226879995316267,0,0.115503996610641,0,0,0.00372799998149276,0,0,0.00227600010111928,0.162527993321419,0,0,0,0.00182000000495464,0.0406839996576309,0,0,0,0
"50kmE455N430",0,0.0017119999974966,0.000144000005093403,0,0,0.000348000001395121,0.000103999998827931,0,0,0.000163999997312203,0.000284000008832663,0.000980000011622906,0,0,0,0,0,0,0,0.00144400005228817,0.00124799995683134,0,0,0.674088001251221,0.0130920000374317,0.000255999999353662,0,0,0.169540002942085,0,0,0,0.00165200000628829,0,0.00095999997574836,0.0803959965705872,0,0,0,0.00552000012248755,0.0480679981410503,0,0,0,0
"50kmE460N430",0,0.00521200010553002,0.000531999976374209,0,0,0.000615999975707382,0.00011600000289036,0,0,0,0.000448000006144866,0.0383559986948967,0,0,0,0,0,0.00117199996020645,0,0.000335999997332692,0.0014639999717474,0,0.00144799996633083,0.712988018989563,0.0131959998980165,0,0,0,0.132228001952171,0,0,0,0,0,0.000315999990561977,0.033500000834465,0,0,0,0.00735600013285875,0.0507160015404224,0,0,0,0
"50kmE465N430",0,0.00838799960911274,0.00151600001845509,0,0,0,0.000356000004103407,0.000195999993593432,0,0.00109200004953891,0.000456000008853152,0.0731479972600937,0,0,0,0,0,0.00157199997920543,0,0.00011600000289036,0.00409599998965859,0,0.00372399995103478,0.67603600025177,0.064251996576786,0,0,0,0.0579360015690327,0,0,0,0,0,0.000127999999676831,0.00247199996374547,0,0,0,0.0006520000169985,0.101403996348381,0,0,0.0024600001052022,0
"50kmE470N430",0,0.00454856595024467,0.00032679017749615,0,0,0,0,0,0,0,0.000662412494421005,0.0165249835699797,0,0,0,0,0,0.000534346094354987,0,0.000605003442615271,0.00134690548293293,0,0,0.175000548362732,0.00572765991091728,0,0,0,0.0156020224094391,0.000596171244978905,0,0,0,0,0,0.000622667779680341,0,0,0,0,0.00826690811663866,0,0,0.769635021686554,0
"50kmE490N430",0,0.0165478475391865,0.00552931474521756,0,0.00142743729520589,0.000894153141416609,0.000497197266668081,0.000348839996149763,0,0.000212511731660925,0.00199680821970105,0.0377348661422729,0,0,0,0,0,0.000689660722855479,0,0,0.0252888947725296,0,0.000396955874748528,0.151176035404205,0.0686412900686264,0,0,0,0.00771858636289835,0.000164395867614076,0,0,0,0,0.00214516557753086,0.000224540694034658,0.00558945955708623,0,0,0.00104652007576078,0.0166079923510551,0,0,0.655121505260468,0
"50kmE495N430",0,0.0200599990785122,0.0047800000756979,0,0,1.99999994947575e-05,0,0.000300000014249235,0,0.000163999997312203,0.000247999996645376,0.101907998323441,0,0,0,0,0,0,0,0,0.0813800022006035,0,0.000123999998322688,0.521719992160797,0.15081599354744,0,0,0,0.052836000919342,0,0,0,0,0,0.00667200004681945,0.00484000006690621,0,0,0,0.00523599982261658,0.048895999789238,0,0,0,0
"50kmE500N430",0,0.0379960015416145,0.00864799972623587,0.000376000010874122,0,0.000875999976415187,0.000368000008165836,0.000620000006165355,0,0.00108800001908094,0.00212799990549684,0.0956759974360466,0,0,0,0,0,0,0,0,0.127056002616882,0,0.000536000006832182,0.293363988399506,0.272644013166428,0,0,0,0.0401359982788563,0,0,0,0,0,0.000660000019706786,0.00115999998524785,0,0,0,0.00172800000291318,0.114940002560616,0,0,0,0
"50kmE505N430",0,0.0466159991919994,0.0126120001077652,0,0,0,0.000883999979123473,0.00039999998989515,0.000752000021748245,0.00118400005158037,0.00102800002787262,0.0765680000185966,0,0,0,0,0,0,0,0,0.116567999124527,0,0.00309200002811849,0.195932000875473,0.268287986516953,0,0,0,0.0390440002083778,0,0,0,0,0,0.000547999981790781,0.000448000006144866,0,0,0,0.000663999991957098,0.235372006893158,0,0,0,0
"50kmE510N430",0,0.00703600002452731,0.000292000011540949,0,0,0,0.00044000000343658,0,0,0,0.000407999992603436,0.0609880015254021,0,0,0,0,0,0,0,0,0.0663319975137711,0,0.0055120000615716,0.344356000423431,0.26911199092865,0,0,0,0.0486680008471012,0,0,0,0,0,0.000815999985206872,0.000944000028539449,0,0,0,0,0.195096001029015,0,0,0,0
"50kmE515N430",0,0.0328480005264282,0.00926399976015091,0,0,0.000296000012895092,0,0.000587999995332211,0,0.00102399999741465,0.00286399992182851,0.0511480011045933,0,0,0,0,0,0,0,0,0.0500559993088245,0,0.021832000464201,0.245723992586136,0.353891998529434,0,0,0,0.0449360013008118,0,0,0,0,0,0.000136000002385117,0.000387999985832721,0,0,0,0.000715999980457127,0.184287995100021,0,0,0,0
"50kmE520N430",0,0.020023999735713,0.00510400021448731,0.000180000002728775,0,0.00154399999883026,0.000951999973040074,0.000184000004082918,0,0.000912000017706305,0.00113200000487268,0.0674360021948814,0,0,0,0,0,0,0,0,0.0324079990386963,0,0.00198399997316301,0.504827976226807,0.154872000217438,0,0,0,0.0456640012562275,0,0,0,0,0,0.00122400000691414,0.0111440001055598,0,0,0,0.00255200010724366,0.147855997085571,0,0,0,0
"50kmE525N430",0,0.0157814621925354,0.00442234380170703,0,0,0.00102826522197574,0.00320127885788679,0.00115278176963329,0,0.000498065957799554,0.000156649781274609,0.0364431664347649,0,0,0,0,0,0,0,0,0.0669095441699028,0,0.00673995725810528,0.528841614723206,0.165217325091362,0,0,0,0.0454204045236111,0,0,0,0,0,0.000293216260615736,0.00506099313497543,0,0,0,0,0.118832916021347,0,0,0,0
"50kmE530N430",0,0.00820224732160568,0.00219101132825017,0,0.00132958800531924,0,0,0.00114232208579779,0,0,0,0.127752810716629,0,0,0,0,0,0,0,0,0.110842697322369,0,0.018239701166749,0.437116116285324,0.173239693045616,0,0,0,0.0662359520792961,0,0,0,0,0,0.00213483138941228,0.0156741570681334,0,0,0,0.00110486894845963,0.0347940064966679,0,0,0,0
"50kmE410N435",0.000228000004426576,0.0169120002537966,0.000448000006144866,0,0,0.00036000000545755,0.000432000000728294,0,0,0.00112799997441471,0,0.00898000039160252,0,0,0,0,0,0.0006520000169985,0,0.00499599985778332,0.0408560000360012,0,0.102523997426033,0.0489079989492893,0.00737999984994531,0,0.125576004385948,0,0,0,0.0434359982609749,0.0902760028839111,0,0.00267999991774559,0,0.0101039996370673,0,0,0.00107200001366436,0,0.0113479997962713,0,0,0.481703996658325,0
"50kmE415N435",0,0.00353999994695187,0.000307999987853691,0,0,0,0.000247999996645376,0,0,0,0.000880000006873161,0.00582000007852912,0,0,0,0,0,0.000395999988541007,0,0.00394400022923946,0.0410640016198158,0,0.227607995271683,0.0626199990510941,0.0114959999918938,0,0.198688000440598,0,0.00126000004820526,0,0.1034279987216,0.11710000038147,0,0.00757999997586012,0,0.0375999994575977,0,0,0,0,0.0107039995491505,0,0,0.165716007351875,0
"50kmE420N435",0,0.00216399994678795,0.0006520000169985,0,0,0,0.000108000000182074,0,0,0,0.00124000001233071,0.0017119999974966,0,0,0,0,0,0,0,0.00136400002520531,0.0206160005182028,0,0.123616002500057,0.0111480001360178,0.0124960001558065,0,0.108712002635002,0,0,0,0.260895997285843,0.389883995056152,0,0.00932000018656254,0,0.00758800003677607,0,0,0,0.00101600005291402,0.0415039993822575,0,0,0.0059639997780323,0
"50kmE425N435",0,0.000112000001536217,0,0,0,0,0.000563999987207353,0,0,0,0.000855999998748302,0.00162400002591312,0,0,0,0,0,0,0,0.00163199997041374,0.0186880007386208,0,0.115423999726772,0.0149959996342659,0.00428400002419949,0,0.119460001587868,0,0.000132000001030974,0,0.26213601231575,0.41049200296402,0,0.008564000017941,0,0.0107559999451041,0,0,0,0,0.0302799995988607,0,0,0,0
"50kmE430N435",0,0.00196400005370378,0.000148000006447546,0,0,0.000112000001536217,0.000136000002385117,0,0,0,0.000788000004831702,0.000904000014998019,0,0,0,0,0,0,0,0.00138399994466454,0.0291680004447699,0,0.122815996408463,0.0361320003867149,0.017408000305295,0,0.190011993050575,0,0.00239600008353591,0,0.0100119998678565,0.445863991975784,0,0,0,0.11956399679184,0,0,0,0,0.0211919993162155,0,0,0,0
"50kmE435N435",0,0.00284800003282726,0.000391999987186864,0,0,0.000251999997999519,0,0,0,0,0.000736000016331673,0.0168159995228052,0,0,0,0,0,0,0,0.0138999996706843,0.0357000008225441,0,0.2846400141716,0.0947879999876022,0.02280000038445,0,0.16142800450325,0,0.0107880001887679,0,0.000344000000040978,0.239792004227638,0,0,0,0.0987439975142479,0,0,0,0.00174800003878772,0.0142839998006821,0,0,0,0
"50kmE440N435",0,0.000344000000040978,0,0,0,0,0,0,0,0,0.000956000003498048,0.0024840000551194,0,0,0,0,0,0.000176000001374632,0,0.0007999999797903,0.0140399998053908,0,0.151032000780106,0.118568003177643,0.0353839993476868,0.00402799993753433,0.243515998125076,0,0.00175199995283037,0,0.0161799993366003,0.227980002760887,0,0,0,0.0829640030860901,0,0,0,0,0.0997959971427917,0,0,0,0
"50kmE445N435",0,0.000888000009581447,0,0,0,0,0,0,0,0,0.00106399995274842,0.00153600005432963,0,0,0,0,0,0.000384000013582408,0,0.000568000017665327,0.00131199997849762,0,0.0835319980978966,0.405200004577637,0.102140001952648,0.000243999995291233,0.20542399585247,0,0.0514039993286133,0,0.00337200006470084,0.000815999985206872,0,0,0.0015640000347048,0.0960600003600121,0,0,0,0.00120000005699694,0.0432920008897781,0,0,0,0
"50kmE450N435",0,0.00371999992057681,0,0,0,0.000119999996968545,0,0,0,0.000184000004082918,0.00396399991586804,0.00100799999199808,0,0,0,0,0,0.000831999990623444,0,0.00147999997716397,0.00177199998870492,0,0.0364480018615723,0.510456025600433,0.0967440009117126,0.00126399996224791,0.0463720001280308,0,0.115627996623516,0.000184000004082918,0.0140599999576807,0.000180000002728775,0,0,0,0.147911995649338,0,0,0,0.00049200002104044,0.0171799995005131,0,0,0,0
"50kmE455N435",0,0.000931999995373189,0.000127999999676831,0,0,0,0,0,0,0,0,0.000612000003457069,0,0,0,0,0,0.000888000009581447,0,0.00216399994678795,0.00624800007790327,0,0.000623999978415668,0.627300024032593,0.063060000538826,0.000123999998322688,0,0,0.13867199420929,0,0,0,0.000144000005093403,0,0.00205600005574524,0.0836760029196739,0,0,0,0.00137199996970594,0.0719999969005585,0,0,0,0
"50kmE460N435",0,0.0046399999409914,0.000211999999010004,0.000108000000182074,0,0,0.000136000002385117,0,0,0.000335999997332692,0.000372000009519979,0.0137480003759265,0,0,0,0,0,0.000804000010248274,0,0.000511999998707324,0.0106880003586411,0,0.0011399999493733,0.597375988960266,0.0993399992585182,0,0,0,0.190423995256424,0,0,0,0,0,0.000503999995999038,0.0341080017387867,0,0,0,0.00211600004695356,0.0434359982609749,0,0,0,0
"50kmE465N435",0.000132000001030974,0.0073640001937747,0.00244800001382828,0.000251999997999519,0,0.000232000005780719,0.00014000000373926,0.000203999996301718,0,0.00240000011399388,0,0.0454199984669685,0,0,0,0.00015999999595806,0,0.000931999995373189,0,0.00141999998595566,0.0125879999250174,0,0.00689199985936284,0.572131991386414,0.170120000839233,0,0,0,0.123199999332428,0,0,0,0,0,0,0.00508800009265542,0,0,0,0.00398000003769994,0.0448120012879372,0,0,8.3999999333173e-05,0
"50kmE470N435",4.10873362852726e-05,0.0144093288108706,0.00327876931987703,0.00163527589756995,0,7.80659393058158e-05,0.000110935805423651,0,0,0.0026501331012696,0.00157364492770284,0.0115208886563778,0,0,0,0,0,0.00213654153048992,0,0,0.0054522892460227,0,0.00155720999464393,0.150322124361992,0.022667882964015,0,0,0,0.0157446675002575,0,9.86096056294627e-05,0,0,0,0,0.000990204745903611,0,0,0,0.0012079676380381,0.00987328682094812,0,0.00131479476112872,0.753336310386658,0
"50kmE490N435",0,0.00715199997648597,0.000623999978415668,0,0,0,0,0.000123999998322688,0,0,0,0.0417999997735023,0,0,0,0,0,0.000456000008853152,0,0,0.034035999327898,0,0.00028000000747852,0.391039997339249,0.125164002180099,0,0,0,0.0474519990384579,0,0,0,0,0,0.00227600010111928,0.0350439995527267,0.000780000002123415,0,0,0,0.00880800001323223,0,0,0.304964005947113,0
"50kmE495N435",0,0.00718000018969178,0.000823999987915158,0,0,0.000368000008165836,0.00104799994733185,0.000108000000182074,0,0,0.000144000005093403,0.0875839963555336,0,0,0,0,0,0,0,0,0.0827440023422241,0,0.000796000007539988,0.50901997089386,0.140696004033089,0,0,0,0.0949679985642433,0,0,0,0,0,0.00275200000032783,0.0543560013175011,0,0,0,0,0.0174119994044304,0,0,0,0
"50kmE500N435",0,0.00789999961853027,0.00183600001037121,0,0,0,0.00028000000747852,0,0,0,0.000292000011540949,0.024787999689579,0,0,0,0,0,0,0,0,0.0592200011014938,0,0.00158000004012138,0.546132028102875,0.157376006245613,0,0,0,0.0512599982321262,0,0,0,0,0,0.000364000006811693,0.0063999998383224,0,0,0,0,0.142572000622749,0,0,0,0
"50kmE505N435",0,0.00695199985057116,0.000912000017706305,0,0,0.00144799996633083,0.000288000010186806,0,0,0.000108000000182074,0,0.039707999676466,0,0,0,0,0,0,0,0,0.0677080005407333,0,0.00186399999074638,0.43681201338768,0.255416005849838,0,0,0,0.0539360009133816,0,0,0,0,0,0.00104000000283122,0.00313200009986758,0,0,0,0,0.130676001310349,0,0,0,0
"50kmE510N435",0,0.00613600015640259,0.00147999997716397,0,0,0,0.000311999989207834,0,0,0,0.00120000005699694,0.0148999998345971,0,0,0,0,0,0,0,0,0.0294119995087385,0,0.0015640000347048,0.346228003501892,0.25450399518013,0,0,0,0.0523240007460117,0,0,0,0,0,0.000188000005437061,0.000503999995999038,0,0,0,0.000380000012228265,0.290868014097214,0,0,0,0
"50kmE515N435",0,0.00412000017240644,0.000475999986520037,0,0,0,0.000108000000182074,0,0,0,0.000568000017665327,0.0198999997228384,0,0,0,0,0,0,0,0,0.0428600013256073,0,0.026995999738574,0.203495994210243,0.429827988147736,0,0,0,0.0549720004200935,0,0,0,0,0,0.000891999981831759,0.0011399999493733,0,0,0,0,0.214643999934196,0,0,0,0
"50kmE520N435",0,0.00972799956798553,0.0021959999576211,0,0,0.000612000003457069,0.00044000000343658,0.000224000003072433,0.000292000011540949,0.000327999994624406,0.000595999998040497,0.0112159997224808,0,0,0,0,0,0,0,0,0.0229800008237362,0,0.0157159995287657,0.374395996332169,0.316651999950409,0,0,0,0.049736000597477,0,0,0,0,0,0.000144000005093403,0.000592000025790185,0,0,0,0.00011600000289036,0.19403600692749,0,0,0,0
"50kmE525N435",0,0.00410400005057454,0,0,0,0.000119999996968545,0.00011600000289036,0,0,0,0.000307999987853691,0.00677999993786216,0,0,0,0,0,0,0,0,0.0165320001542568,0,0.00400400022044778,0.336008012294769,0.162944003939629,0,0,0,0.0302440002560616,0,0,0,0,0,0.00031999999191612,0.0029279999434948,0,0,0,0,0.435591995716095,0,0,0,0
"50kmE530N435",0,0.0221746079623699,0.00611862959340215,0,0.000249518605414778,0.000542431720532477,0.000949255540035665,0.000249518605414778,0,0.000781101698521525,0.000699736934620887,0.0371565744280815,0,0,0,0,0,0,0,0,0.0327466018497944,0,0.0144937755540013,0.326880216598511,0.229275032877922,0,0,0,0.103658698499203,0,0,0,0,0,0,0.00152965739835054,0,0,0,0.00250603444874287,0.219988614320755,0,0,0,0
"50kmE415N440",0.000168067228514701,0.00584633834660053,0.00126850744709373,0,0,0.000344137661159039,0.000380152050638571,0,0,0,0,0.025714285671711,0,0,0,0,0,0,0,0.00754701858386397,0.0649339705705643,0,0.0727611035108566,0.0718447342514992,0.00697478977963328,0,0.0753661468625069,0,0,0,0.00352541008032858,0.0439015589654446,0,0,0,0.0526170469820499,0,0,0.000976390554569662,0,0.00574229704216123,0,0,0.560088038444519,0
"50kmE420N440",0,0.00480000022798777,0.000536000006832182,0,0,0.000352000002749264,0.000356000004103407,0,0.000155999994603917,0.000644000014290214,0,0.0103439996019006,0,0,0,0,0,0,0,0.00690399995073676,0.0581759996712208,0,0.134351998567581,0.203268006443977,0.0229560006409883,0,0.128092005848885,0,0.00691200001165271,0,0.00731199979782104,0.0723360031843185,0,0,0,0.0556319989264011,0,0,0.000315999990561977,0,0.0137599995359778,0,0,0.272796005010605,0
"50kmE425N440",0,0.00104799994733185,0.00011600000289036,0,0,0,0,0,0,0,0.000407999992603436,0.00733599998056889,0,0,0,0,0,0.000119999996968545,0,0.00939999986439943,0.028031999245286,0,0.15472400188446,0.0456719994544983,0.025348000228405,0,0.299492001533508,0,0.00255599990487099,0,0.0481600016355515,0.223391994833946,0,0.00157199997920543,0,0.121279999613762,0,0,0.000407999992603436,0.00044000000343658,0.0243960004299879,0,0,0.00609999988228083,0
"50kmE430N440",0,0.00292399991303682,0.00011600000289036,0,0,0,0,0,0.000127999999676831,0,0,0.0121120000258088,0,0,0,0,0,0,0,0.0237399991601706,0.060079999268055,0,0.102544002234936,0.255739986896515,0.0332159996032715,0,0.113288000226021,0,0.0276999995112419,0,0.000352000002749264,0.0915559977293015,0,0,0,0.264304012060165,0,0,0,0.00101999996695668,0.0111800003796816,0,0,0,0
"50kmE435N440",0,0.00015999999595806,0,0,0,0,0,0,0,0,0,0.00212400010786951,0,0,0,0,0,0,0,0.000207999997655861,0.0329600013792515,0,0.0870160013437271,0.115791998803616,0.0103879999369383,0,0.263271987438202,0,0.0223319996148348,0,0.000136000002385117,0.244624003767967,0,0,0,0.199376001954079,0,0,0,0,0.021611999720335,0,0,0,0
"50kmE440N440",0,0,0,0,0,0,0,0,0,0,0.00158000004012138,0.00141599995549768,0,0,0,0,0,0,0,0.000775999971665442,0.00230400008149445,0,0.105155996978283,0.0161039996892214,0.00469599990174174,0.0211079996079206,0.453447997570038,0,0.00316000008024275,0,0.025280000641942,0.183727994561195,0,0.000331999995978549,0,0.122447997331619,0,0,0,0,0.0584639981389046,0,0,0,0
"50kmE445N440",0,0.00156799994874746,0,0,0,0,0,0,0,0,0.000460000010207295,0.000144000005093403,0,0,0,0,0,0,0,0,0.00128399999812245,0,0.110944002866745,0.191791996359825,0.0457080006599426,0.029839999973774,0.431272000074387,0,0.0127199999988079,0,0.038247998803854,0.0172199998050928,0,0,0.000592000025790185,0.0869399979710579,0,0,0,0,0.0312680006027222,0,0,0,0
"50kmE450N440",0,0.00112399994395673,0,0,0,0,0,0,0,0,0.00263600004836917,0.0288120005279779,0,0,0,0,0,0,0,0.00243199989199638,0.00154399999883026,0,0.0423359982669353,0.448424011468887,0.0809760019183159,0.00225199991837144,0.116743996739388,0,0.0709040015935898,0,0.00282800011336803,0.00226400000974536,0,0,3.19999999192078e-05,0.137288004159927,0,0,0,0.000531999976374209,0.0588719993829727,0,0,0,0
"50kmE455N440",0,0.00244800001382828,0.000483999989228323,0,0,0,0,0,0,0,0.000387999985832721,0.0219119992107153,0,0,0,0,0,0.000296000012895092,0,0.00478800013661385,0.00396799994632602,0,0,0.64630001783371,0.0673519968986511,0,0,0,0.092799998819828,0,0,0,0,0,0.000544000009540468,0.0171680003404617,0,0,0,0.000323999993270263,0.141228005290031,0,0,0,0
"50kmE460N440",0,0.0007999999797903,0.000112000001536217,0,0,0,0.000132000001030974,0,0,0,0.000108000000182074,0.00155599997378886,0,0,0,0,0,0.00102399999741465,0,0.000696000002790242,0.00376800005324185,0,0.00112399994395673,0.631727993488312,0.128068000078201,0,0,0,0.131612002849579,0,0,0,0,0,0.000584000023081899,0.032660000026226,0,0,0,0.000831999990623444,0.0651960000395775,0,0,0,0
"50kmE465N440",0,0.00105600000824779,0,0,0,0,0,0,0,0,0,0.011060000397265,0,0,0,0,0,0.00022000000171829,0,0.00095999997574836,0.0108599998056889,0,0.00163600000087172,0.614755988121033,0.139016002416611,0,0,0,0.111135996878147,0,0,0,0,0,0,0.037287998944521,0,0,0,0.00955200009047985,0.0624600015580654,0,0,0,0
"50kmE470N440",0,0.0106480000540614,0.00136800005566329,0,0,0.0006520000169985,0.000236000007134862,0.000112000001536217,0,0.00154399999883026,0.000712000008206815,0.0345400013029575,0,0,0,0,0,0.000628000008873641,0,0.00326799997128546,0.0174240004271269,0,0.00535999983549118,0.462999999523163,0.104627996683121,0,0,0,0.0281879995018244,0.000148000006447546,0.000276000006124377,0.000475999986520037,0,0,0,0.000907999987248331,0,0,0,0.00847600027918816,0.0221759993582964,0,0.00822800025343895,0.287003993988037,0
"50kmE485N440",0,0.00287959794513881,0,0,0,0,0,0,0,0,0,0.0134439412504435,0,0,0,0,0,0,0,0,0.00774291902780533,0,0,0.0647589564323425,0.0488542690873146,0,0,0,0.00984298903495073,0,0,0,0,0,0,0,0,0,0,0,0.000878422812093049,0,0,0.851598918437958,0
"50kmE490N440",0,0.0145159997045994,0.00226800004020333,0,0.000380000012228265,0,0.000292000011540949,0.000103999998827931,0,0,0.000691999972332269,0.200479999184608,0,0,0,0,0,0,0,0,0.0265399999916553,0,0,0.442764014005661,0.145511999726295,0,0,0,0.0902960002422333,0,0,0,0,0,0.000668000022415072,0.0359079986810684,0.000771999999415129,0,0,0,0.00304799992591143,0,0,0.0357600003480911,0
"50kmE495N440",0,0.00779600022360682,0.00193200004287064,0,0,0.000184000004082918,0.000563999987207353,0,0,0,0.00015999999595806,0.176451995968819,0,0,0,0,0,0,0,0,0.0568719990551472,0,0.000991999986581504,0.510532021522522,0.0667480006814003,0,0,0,0.0854640007019043,0,0,0,0,0,0.00125600001774728,0.0710000023245811,0,0,0,0,0.0200479999184608,0,0,0,0
"50kmE500N440",0,0.00258000008761883,0.000915999989956617,0,0,0,0.000296000012895092,0,0,0,0.000155999994603917,0.0384000018239021,0,0,0,0,0,0.000368000008165836,0,0,0.0543680004775524,0,0.00274399993941188,0.620988011360168,0.0917439982295036,0,0,0,0.0662640035152435,0,0,0,0,0,0.00137600000016391,0.033220000565052,0,0,0,0,0.0865800008177757,0,0,0,0
"50kmE505N440",0,0.0075679998844862,0.00171999994199723,0,0,0,0,0,0,0,0,0.0119319995865226,0,0,0,0,0,0,0,0,0.02326799929142,0,0.00365599989891052,0.582615971565247,0.169139996170998,0,0,0,0.0605319999158382,0,0,0,0,0,0.000195999993593432,0.00363199994899333,0,0,0,0,0.135739997029305,0,0,0,0
"50kmE510N440",0,0.0299720000475645,0.00620400020852685,0,0,0,0.000384000013582408,0.000456000008853152,0.000103999998827931,0.000623999978415668,0.00122400000691414,0.0173959992825985,0,0,0,0,0,0,0,0,0.0327760018408298,0,0.00995600037276745,0.395256012678146,0.262448012828827,0,0,0,0.0641999989748001,0,0,0,0,0,0,0.00118799996562302,0,0,0,0.000460000010207295,0.177351996302605,0,0,0,0
"50kmE515N440",0,0.00383600010536611,0.000612000003457069,0,0,0,0.000311999989207834,9.99999974737875e-05,0,0,0.000199999994947575,0.0132480002939701,0,0,0,0,0,0,0,0,0.0204600002616644,0,0.0052000000141561,0.378836005926132,0.330424010753632,0,0,0,0.0766879990696907,0,0,0,0,0,0.00162400002591312,0.00728000001981854,0,0,0,0,0.161180004477501,0,0,0,0
"50kmE520N440",0,0.00382800004445016,0.000891999981831759,0,0,0,0.000523999973665923,0,0,0.000127999999676831,0.000203999996301718,0.0176439993083477,0,0,0,0,0,0,0,0,0.0380560010671616,0,0.0131879998371005,0.303487986326218,0.396100014448166,0,0,0,0.0533920004963875,0,0,0,0,0,0.000660000019706786,0.0212479997426271,0,0,0,0,0.15064799785614,0,0,0,0
"50kmE525N440",0,0.00285600009374321,0.000307999987853691,0,0,0,0,0,0,0,0,0.0254280008375645,0,0,0,0,0,0,0,0,0.026383999735117,0,0.010432000271976,0.311167985200882,0.297876000404358,0,0,0,0.0812880024313927,0,0,0,0,0,0.00259599997662008,0.00165999995078892,0,0,0,0,0.240004003047943,0,0,0,0
"50kmE530N440",0,0.00949737709015608,0.00239840848371387,0,0,0.000673800415825099,0.000264707283349708,0.000172460815520026,0,0.000116310780867934,0.000601607491262257,0.0260415822267532,0,0,0,0,0,0,0,0,0.0323624722659588,0,0.0310710221529007,0.276550948619843,0.232673704624176,0,0,0,0.0812370628118515,0,0,0,0,0,0.00167647958733141,0.00182487606070936,0,0,0,0,0.302837193012238,0,0,0,0
"50kmE535N440",0,0.00169570266734809,0.00106852501630783,0,0,0,0,0,0,0,0,0.0638327524065971,0,0,0,0,0,0,0,0,0.0960975587368011,0,0.0404645763337612,0.28752613067627,0.266202092170715,0,0,0,0.0303600467741489,0,0,0,0,0,0.00206736358813941,0.00195121951401234,0,0,0,0,0.208734035491943,0,0,0,0
"50kmE420N445",0,0.00031999999191612,0,0,0,0,0,0,0,0,0.000188000005437061,0.00359999993816018,0,0,0,0,0,0,0,0.00196800008416176,0.0203760005533695,0,0.025815999135375,0.0641599968075752,0.00502400007098913,0,0.0338679999113083,0,0.000311999989207834,0,0.00049200002104044,0.100363999605179,0,0,0,0.0676840022206306,0,0,0.000907999987248331,0,0.00505999987944961,0,0,0.669860005378723,0
"50kmE425N445",0,0.00115200004074723,0.000411999993957579,0,0,0,0,0,0,0,0.00031999999191612,0.00278400001116097,0,0,0,0,0,0,0,0.00561199989169836,0.0363800004124641,0,0.155111998319626,0.110628001391888,0.029611999168992,0,0.164660006761551,0,0.00287199998274446,0,0.000119999996968545,0.146472007036209,0,0,0,0.12058000266552,0,0,0,0,0.0237039998173714,0,0,0.199579998850822,0
"50kmE430N445",0.000644000014290214,0.0261199995875359,0.00369199994020164,0,0.000584000023081899,0,0.000991999986581504,0.000395999988541007,0.000348000001395121,0.00135599996428937,0.0007999999797903,0.0959120020270348,0,0,0,0,0,0,0,0.0102319996803999,0.0600919984281063,0,0.0311200004070997,0.293700009584427,0.0162359997630119,0,0.040828000754118,0,0.0355079993605614,0,0,0.0303000006824732,0,0,0,0.0973000004887581,0,0,0.00117599999066442,0.00297200004570186,0.0293559990823269,0,0,0.220336005091667,0
"50kmE435N445",0,0.00609999988228083,0.000883999979123473,0,0,0.00127999996766448,0.00014000000373926,0,0,0,0.00108800001908094,0.0559040009975433,0,0,0,0,0,0,0,0.010780000127852,0.0387720018625259,0,0.0255919992923737,0.286399990320206,0.0124080004170537,0,0.101832002401352,0,0.0947519987821579,0,0,0.0676999986171722,0,0,0,0.171491995453835,0,0,0.00196400005370378,0.00106000003870577,0.0390119999647141,0,0,0.0828400030732155,0
"50kmE440N445",0,0.000920000020414591,0,0,0,0,0,0,0,0,0.00225999997928739,0.00124799995683134,0,0,0,0,0,0.000587999995332211,0,0.000348000001395121,0.00839599967002869,0,0.0718920007348061,0.0940200015902519,0.0470760017633438,0.00971600040793419,0.297607988119125,0,0.0115080000832677,0,0.00693200016394258,0.123847998678684,0,0,0,0.269151985645294,0,0,0,0,0.0544879995286465,0,0,0,0
"50kmE445N445",0,0.00298000010661781,0,0,0,0,0.000272000004770234,0,0,0,0.00350799993611872,0.00575200002640486,0,0,0,0,0,0.000847999996040016,0,0.00243199989199638,0.00441200006753206,0,0.0670040026307106,0.393671989440918,0.123744003474712,0.00520400004461408,0.131311997771263,0,0.0691279992461205,0,0.0140439998358488,0.00456799985840917,0,0,0.000268000003416091,0.0648960024118423,0,0,0,0.00263600004836917,0.103320002555847,0,0,0,0
"50kmE450N445",0,0.00383200007490814,0.000612000003457069,0,0,0.000739999988581985,0,0,0,0,0.00127200002316386,0.0526360012590885,0,0,0,0,0,0.00279200007207692,0,0.00261200009845197,0.000939999998081475,0,0.0095600001513958,0.462543994188309,0.12720400094986,0.000660000019706786,0.0144039997830987,0,0.104520000517368,0,0.00291200005449355,0.000127999999676831,0,0,0.000296000012895092,0.0336720012128353,0,0,0,0.00245600007474422,0.176208004355431,0,0,0,0
"50kmE455N445",0.000284000008832663,0.00813200045377016,0.00231599994003773,0,0,0.000103999998827931,0.000132000001030974,0.000224000003072433,0.000119999996968545,0.00128399999812245,0.00102800002787262,0.0355039983987808,0,0,0,0,0,0.00165200000628829,0,0.00354800000786781,0.00639599980786443,0,0.000108000000182074,0.506067991256714,0.171228006482124,0,0,0,0.120828002691269,0,0,0,0,0,0.000880000006873161,0.0781999975442886,0,0,0,0.00377200008369982,0.0581919997930527,0,0,0,0
"50kmE460N445",0,0.00141200004145503,0.00011600000289036,0,0,0,0,0,0,0.000136000002385117,0,0.0131839998066425,0,0,0,0,0,0.000763999996706843,0,0.002608000067994,0.00815599970519543,0,0.00413599982857704,0.580039978027344,0.173196002840996,0,0,0,0.126504004001617,0,0,0,0,0,0.000119999996968545,0.0506800003349781,0,0,0,0.00680800015106797,0.0321400016546249,0,0,0,0
"50kmE465N445",0,0.00555999996140599,0.000760000024456531,0,0,9.99999974737875e-05,0,0,0,0.000663999991957098,0.000296000012895092,0.0234600007534027,0,0,0,0,0,0.00237599993124604,0,0.00328400009311736,0.0133400000631809,0,0.00475599989295006,0.582156002521515,0.1615159958601,0,0,0,0.128784000873566,0,0,0,0.000108000000182074,0,0.000180000002728775,0.0320320017635822,0,0,0,0.00849200040102005,0.0321360006928444,0,0,0,0
"50kmE470N445",0,0.00536399986594915,0.000323999993270263,0,0,0.000495999993290752,0.000335999997332692,0,0,0.000228000004426576,0.000176000001374632,0.0607799999415874,0,0,0,0,0,0.0007999999797903,0,0.00199200003407896,0.0109440004453063,0,0.00970800034701824,0.59580397605896,0.137623995542526,0,0,0,0.0871559977531433,0,0.00266800005920231,0,0,0,0,0.00604399992153049,0,0,0,0.0137040000408888,0.0480000004172325,0,0,0.0178520008921623,0
"50kmE475N445",0.000126656363136135,0.0116087105125189,0.00295677082613111,0.000371234171325341,0,0,0.000441113515989855,0.000157228583702818,0,0.000497890519909561,0.00155481602996588,0.0178760159760714,0,0,0,0.000218373039388098,0,0.0013102381490171,0,0.00114427471999079,0.00564712658524513,0,0.00376911857165396,0.172667562961578,0.0103421472012997,0,0,0,0.00616248697042465,0.000200903188670054,0.00913672801107168,0.00460330350324512,0,0,0.000301354797556996,0.000148493665619753,0,0,0,0,0.00978747941553593,0,0.000314457167405635,0.738655507564545,0
"50kmE485N445",0,0.00306630739942193,0.000117157986096572,0,0,0,0,0,0,0,0,0.0020684446208179,0,0,0,0,0,0,0,0,0.00345818069763482,0,0.00173717015422881,0.0228094477206469,0.0821843072772026,0,0,0,0.00628613214939833,0,0,0,0,0,0,0.00225024134851992,5.65590307815e-05,0,0,0,0,0,0,0.87596607208252,0
"50kmE490N445",0,0.0329880006611347,0.00569200003519654,0,0.000460000010207295,0.000815999985206872,0.000352000002749264,0.000384000013582408,0.000176000001374632,0.00124799995683134,0.000644000014290214,0.204523995518684,0,0,0,0,0,0,0,0,0.0596119984984398,0,0.00031999999191612,0.276843994855881,0.302967995405197,0,0,0,0.049040000885725,0,0,0,0,0,0.000167999998666346,0.0256719999015331,0.00217600003816187,0,0,0.000615999975707382,0.00393200013786554,0,0,0.0313679985702038,0
"50kmE495N445",0,0.0256999991834164,0.00662000011652708,0,0,0.000276000006124377,0.000251999997999519,0.000251999997999519,0,0.000815999985206872,0.000487999990582466,0.252535998821259,0,0,0,0,0,0,0,0,0.0630559995770454,0,7.99999997980194e-06,0.380335986614227,0.148231998085976,0,0,0,0.0723880007863045,0,0,0,0,0,0.000411999993957579,0.0312040001153946,0,0,0,0.000587999995332211,0.0168360006064177,0,0,0,0
"50kmE500N445",0,0.00884800031781197,0.00218799989670515,0,0,0.000236000007134862,0.000487999990582466,0,0,0,0.000623999978415668,0.0766599997878075,0,0,0,0,0,0,0,0,0.0598759986460209,0,0,0.608403980731964,0.0980440005660057,0,0,0,0.059859998524189,0,0,0,0,0,0.00118799996562302,0.0320760011672974,0,0,0,0,0.0515079982578754,0,0,0,0
"50kmE505N445",0,0.00395999988541007,0.00028000000747852,0,0,0,0,0,0,0,9.99999974737875e-05,0.0170399993658066,0,0,0,0,0,0,0,0,0.0261240005493164,0,0.00255200010724366,0.648883998394012,0.142315998673439,0,0,0,0.0630320012569427,0,0,0,0,0,0.00015999999595806,0.030664000660181,0,0,0,0,0.0648880004882812,0,0,0,0
"50kmE510N445",0,0.0129359997808933,0.0034880000166595,0,0,0.00193599995691329,0.00164399994537234,0.000207999997655861,0,0,0.000364000006811693,0.0403320007026196,0,0,0,0,0,0,0,0,0.0489280000329018,0,0.032795999199152,0.500223994255066,0.148087993264198,0,0,0,0.0597320012748241,0,0,0,0,0,0,0.00162800005637109,0,0,0,0.000119999996968545,0.147576004266739,0,0,0,0
"50kmE515N445",0,0.00469999993219972,0.00101600005291402,0,0,0.000176000001374632,0.000407999992603436,0,0,0,0.000423999998020008,0.0248080007731915,0,0,0,0,0,0,0,0,0.0302360001951456,0,0.00913999974727631,0.334127992391586,0.31114399433136,0,0,0,0.094760000705719,0,0,0,0,0,0.000448000006144866,0.00436000013723969,0,0,0,0.000108000000182074,0.184144005179405,0,0,0,0
"50kmE520N445",0,0.0134119996801019,0.00397199997678399,0,0,0.000699999975040555,0.000380000012228265,0.000103999998827931,0.00014000000373926,0,0.000475999986520037,0.0241039991378784,0,0,0,0,0,0,0,0,0.0275960005819798,0,0.0121079999953508,0.279255986213684,0.356444001197815,0,0,0,0.0664400011301041,0,0,0,0,0,0.00337600009515882,0.00311599997803569,0,0,0,0,0.208376005291939,0,0,0,0
"50kmE525N445",0,0.00208400003612041,0.000323999993270263,0,0,0,0.000108000000182074,0.000195999993593432,0,0,0.000148000006447546,0.00647999998182058,0,0,0,0,0,0,0,0,0.0227600000798702,0,0.0114479996263981,0.279680013656616,0.321296006441116,0,0,0,0.0370040014386177,0,0,0,0,0,0.00191999995149672,0.000176000001374632,0,0,0,0.00023999999393709,0.316136002540588,0,0,0,0
"50kmE530N445",0,0.00271199992857873,0.000251999997999519,0,0,3.99999998990097e-06,0,0,0,0,0,0.0101880002766848,0,0,0,0,0,0,0,0,0.0235280003398657,0,0.0307880006730556,0.245084002614021,0.297152012586594,0,0,0,0.0329959988594055,0,0,0,0,0,0.00141999998595566,0.0079720001667738,0,0,0,0,0.347903996706009,0,0,0,0
"50kmE535N445",0,0.00738912494853139,0.00137971213553101,0,0,0.000367923232261091,0.000766506709624082,0,0,0,0,0.0444573909044266,0,0,0,0,0,0,0,0,0.0668317228555679,0,0.0463813208043575,0.318920463323593,0.288865715265274,0,0,0,0.0445340387523174,0,0,0,0,0,0.000306602683849633,0.00416213134303689,0,0,0,0,0.175637349486351,0,0,0,0
"50kmE420N450",0,0,0,0,0,0,0,0,0,0,0,0,0,0,0,0,0,0,0,0,0.00195405469276011,0,0,0,0,0,0.00301134795881808,0,0,0,0.00109050655737519,0.023382231593132,0,0,0,0.00368115142919123,0,0,0.000985330785624683,0,4.42845266661607e-05,0,0,0.965851068496704,0
"50kmE425N450",0,0.000844000023789704,0,0,0,0,0,0,0,0,0,0.00228399992920458,0,0,0,0,0,0,0,0.000723999983165413,0.0197919998317957,0,0.000880000006873161,0,0.000136000002385117,0,0.0185240004211664,0,0,0,0,0.0655959993600845,0,0,0,0.0179200004786253,0,0,0.00510400021448731,0,0.00193599995691329,0,0,0.86625999212265,0
"50kmE430N450",0,0.00176400004420429,0.000620000006165355,0,0,0.00165600003674626,0,0,0.000132000001030974,0,0.000348000001395121,0.0302719995379448,0,0,0,0,0,0,0,0.00779200019314885,0.0601839981973171,0,0.0280520003288984,0.203692004084587,0.0214280001819134,0,0.055927999317646,0,0.00838399957865477,0,0,0.216015994548798,0,0,0,0.0635439977049828,0,0,0.00377200008369982,0,0.034060001373291,0,0,0.262356013059616,0
"50kmE435N450",0,0.00731999985873699,0.001587999984622,0,0.000699999975040555,0,0,0,0,0.000339999998686835,0.000904000014998019,0.108159996569157,0,0,0,0,0,0,0,0.0142519995570183,0.0630320012569427,0,0.016100000590086,0.217835992574692,0.00651999982073903,0,0.030179999768734,0,0.0875639989972115,0,0,0.0798880010843277,0,0,0,0.0837799981236458,0,0,0.00600800011307001,0.000623999978415668,0.0294439997524023,0,0,0.24575999379158,0
"50kmE440N450",0,0,0,0,0,0,0.000243999995291233,0,0,0,0.000684000027831644,0.0250160004943609,0,0,0,0,0,0,0,0.00532800005748868,0.0193559993058443,0,0.0412359982728958,0.183916002511978,0.0423519983887672,0.00011600000289036,0.225104004144669,0,0.0290319994091988,0,0.00265999999828637,0.0989919975399971,0,0,0,0.274863988161087,0,0,0,0.000151999993249774,0.0509480014443398,0,0,0,0
"50kmE445N450",0,0,0,0,0,0,0,0,0,0,0,0.000255999999353662,0,0,0,0,0,0.000368000008165836,0,0.000528000004123896,0.000411999993957579,0,0.0473520010709763,0.173976004123688,0.145567998290062,0.0149560002610087,0.324016004800797,0,0.0111520001664758,0,0.0213600005954504,0.027411999180913,0,0,0,0.0747319981455803,0,0,0,0.00022000000171829,0.15769200026989,0,0,0,0
"50kmE450N450",0,0.000436000002082437,0,0,0,0,0.000144000005093403,0,0,0,0,0.00235199998132885,0,0,0,0,0,0.00100799999199808,0,0.00298799993470311,0.00300000002607703,0,0.0604160018265247,0.395063996315002,0.183239996433258,0.000980000011622906,0.0633720010519028,0,0.066271997988224,0,0.00083999999333173,0.00317199993878603,0,0,0,0.130843997001648,0,0,0,0,0.0858720019459724,0,0,0,0
"50kmE455N450",0,0.00336800003424287,0.000112000001536217,0,0,0,0.000103999998827931,0,0,0,0.000391999987186864,0.0121039999648929,0,0,0,0,0,0.00793999992311001,0,0.00321600004099309,0.00989599991589785,0,0.00935200043022633,0.462143987417221,0.156627997756004,0,0.000584000023081899,0,0.0927639976143837,0,0,0,0,0,0,0.159275993704796,0,0,0,0.00243599992245436,0.0796839967370033,0,0,0,0
"50kmE460N450",0,0.00189199997112155,0,0,0,0,0,0,0,0,0.000103999998827931,0.003175999969244,0,0,0,0,0,0.000828000018373132,0,0.00359999993816018,0.00487199984490871,0,0.00303200003691018,0.597859978675842,0.0578680001199245,0,0,0,0.172463998198509,0,0,0,0.000184000004082918,0,0,0.0545720010995865,0,0,0,0.00606800010427833,0.0934799984097481,0,0,0,0
"50kmE465N450",0,0.00146000005770475,0.000228000004426576,0,0,0,0,0,0,0,0,0.00388800003565848,0,0,0,0,0,0.00219199992716312,0,0.00228799995966256,0.00496800011023879,0,0.0100680002942681,0.610095977783203,0.0589240007102489,0,0,0,0.150268003344536,0,0,0,0,0,0.00036000000545755,0.0921960026025772,0,0,0,0.00578799983486533,0.0572759993374348,0,0,0,0
"50kmE470N450",0,0.00149199995212257,0.000127999999676831,0,0,0.000348000001395121,0,0,0,9.99999974737875e-05,0,0.0170200001448393,0,0,0,0,0,0.000684000027831644,0,0.00134800001978874,0.0100320000201464,0,0.00899599958211184,0.698632001876831,0.0648560002446175,0,0,0,0.125223994255066,0,0,0.000108000000182074,0,0,0.000647999986540526,0.0343599990010262,0,0,0,0.000395999988541007,0.0356279984116554,0,0,0,0
"50kmE475N450",0,0.00340000004507601,0.000419999996665865,0,0,0.000487999990582466,0.00011600000289036,0,0,0.000199999994947575,0,0.0292199999094009,0,0,0,0,0,0.000163999997312203,0,0.000936000025831163,0.010215999558568,0,0.00400799978524446,0.646395981311798,0.0395959988236427,0,0,0,0.0965680032968521,0,0,0,0,0,0.000327999994624406,0.0136240003630519,0,0,0,0.000555999984499067,0.0347759984433651,0.0006520000169985,0.017535999417305,0.10080000013113,0
"50kmE480N450",0,0.00502800010144711,0.000755999993998557,0,0,0,0,0,0,0.000247999996645376,0.000807999982498586,0.00477200001478195,0,0,0,0,0,0.000731999985873699,0,0,0.00188400002662092,0,0.000136000002385117,0.151764005422592,0.0120719997212291,0,0,0,0.0240880008786917,0.000211999999010004,0.000284000008832663,0,0,0,0.000180000002728775,0.00360799999907613,0,0,0,0.000411999993957579,0.0036599999293685,0.000108000000182074,0.0143999997526407,0.774847984313965,0
"50kmE485N450",0,0.00186800002120435,0,0,0,0,0,0,0,0,0,0,0,0,0,0,0,0,0,0,0.00213999999687076,0,0.000192000006791204,0.0215119998902082,0.0611959993839264,0,0,0,0.00626000016927719,0.00111199996899813,0,0.00128800002858043,0,0,0,0,0,0,0,0,0.000495999993290752,0.000264000002061948,0,0.903671979904175,0
"50kmE490N450",0,0.00941199995577335,0.00165200000628829,0,0,0,0.000203999996301718,0,0,0,0.000203999996301718,0.0714799985289574,0,0,0,0,0,0,0,0,0.0408079996705055,0,0.000348000001395121,0.0759399980306625,0.27386799454689,0,0,0,0.0319080017507076,0,0,0,0,0,0.000216000000364147,0.00216399994678795,0.00276799988932908,0,0,0.000327999994624406,0.00253599998541176,0,0,0.486164003610611,0
"50kmE495N450",0,0.0106279999017715,0.00128800002858043,0,0,0.000783999974373728,8.80000006873161e-05,0,0,0.000136000002385117,0.000203999996301718,0.179879993200302,0,0,0,0,0,0,0,0,0.0788799971342087,0,0.000584000023081899,0.42492800951004,0.18027999997139,0,0,0,0.0724399983882904,0,0,0,0,0,0.00133600004483014,0.0282240007072687,0,0,0,0,0.0203200001269579,0,0,0,0
"50kmE500N450",0,0.00961199961602688,0.00121599994599819,0,0,0,0.000264000002061948,0,0.000132000001030974,0,0.000628000008873641,0.0959360003471375,0,0,0,0,0,0,0,0,0.0558440014719963,0,0.00103199994191527,0.509675979614258,0.100975997745991,0,0,0,0.0818480029702187,0,0,0,0,0,0.00320799998007715,0.0623920001089573,0,0,0,0.000211999999010004,0.0770239979028702,0,0,0,0
"50kmE505N450",0,0.00238399999216199,0.000288000010186806,0,0,0,0.000112000001536217,0,0,0,0.000167999998666346,0.0174320004880428,0,0,0,0,0,0,0,0,0.0302719995379448,0,0.00267599988728762,0.542931973934174,0.192724004387856,0,0,0,0.0735440030694008,0,0,0,0,0,0.000899999984540045,0.0248279999941587,0,0,0,0,0.111740000545979,0,0,0,0
"50kmE510N450",0,0.00237199990078807,0.00101600005291402,0,0,0,0,0,0,0,0,0.0153879998251796,0,0,0,0,0,0,0,0,0.0231560003012419,0,0.0216039996594191,0.443448007106781,0.207392007112503,0,0,0,0.0545840002596378,0,0,0,0,0,0.000823999987915158,0.00270799989812076,0,0,0,0,0.227507993578911,0,0,0,0
"50kmE515N450",0,0.00209200009703636,0.000315999990561977,0,0,0,0.000103999998827931,0,0,0,0.000127999999676831,0.0250920001417398,0,0,0,0,0,0,0,0,0.0256159994751215,0,0.012075999751687,0.234584003686905,0.364775985479355,0,0,0,0.0632480010390282,0,0,0,0,0,0.000188000005437061,0.00431599980220199,0,0,0,0.000108000000182074,0.267356008291245,0,0,0,0
"50kmE520N450",0,0.016100000590086,0.00539200007915497,0,0,0.00136800005566329,0.000448000006144866,0.000224000003072433,0.000236000007134862,0.000296000012895092,0.000376000010874122,0.0207640007138252,0,0,0,0,0,0,0,0,0.0404560007154942,0,0.00592799996957183,0.233372002840042,0.320912003517151,0,0,0,0.0446120016276836,0,0,0,0,0,0.000883999979123473,0.000720000010915101,0,0,0,0,0.307911992073059,0,0,0,0
"50kmE525N450",0,0.00385199999436736,0.000568000017665327,0,0,0,0.000403999991249293,0.00108399998862296,0,0,0.000508000026457012,0.0263439994305372,0,0,0,0,0,0,0,0,0.0333039984107018,0,0.00872800033539534,0.302783995866776,0.331432014703751,0,0,0,0.0476079992949963,0,0,0,0,0,0.00371200009249151,0.0006520000169985,0,0,0,0,0.239020004868507,0,0,0,0
"50kmE530N450",0,0.0229039993137121,0.00365599989891052,0,0.000167999998666346,0.000804000010248274,0.00112399994395673,0.000203999996301718,0.000620000006165355,0.000427999999374151,0.000699999975040555,0.0483079999685287,0,0,0,0,0,0,0,0,0.043699998408556,0,0.038867998868227,0.207484006881714,0.271288007497787,0,0,0,0.0276319999247789,0,0,0,0,0,0.00541200023144484,0.0020479999948293,0,0,0,0.0045159999281168,0.32013601064682,0,0,0,0
"50kmE535N450",0,0.00178865087218583,0.000292852142592892,0,0,0,0,0,0,0,0,0.0212971102446318,0,0,0,0,0,0,0,0,0.0133090037852526,0,0.0341105163097382,0.476794838905334,0.27715077996254,0,0,0,0.0997229143977165,0,0,0,0,0,0.000126151702716015,0.00806920323520899,0,0,0,0,0.0673379749059677,0,0,0,0
"50kmE430N455",0,0,0,0,0,0,0,0,0,0,0,0.0035497285425663,0,0,0,0,0,0,0,0.00132575025781989,0.00889591313898563,0,0.028713071718812,0.0155808040872216,0.00643442291766405,0,0.0344047285616398,0,0.000142507356940769,0,0.00117460603360087,0.125890135765076,0,0,0,0.0200589895248413,0,0,0.000146825754200108,0,0.00457750866189599,0,0,0.749105036258698,0
"50kmE435N455",0,0.00278400001116097,0.000744000019039959,0,0.00011600000289036,0.000136000002385117,0,0,0,0,0,0.0318120010197163,0,0,0,0,0,0,0,0.00569200003519654,0.0236840005964041,0,0.0479120016098022,0.29423201084137,0.0177800003439188,0,0.0616520009934902,0,0.0444680005311966,0,0.000663999991957098,0.229732006788254,0,0,0,0.130983993411064,0,0,0.000956000003498048,0.000307999987853691,0.0335640013217926,0,0.00015999999595806,0.0726199969649315,0
"50kmE440N455",0,0.00111199996899813,0,0,0,0,0,0,0,0,0.00031999999191612,0.0228039994835854,0,0,0,0,0,0,0,0.0129680000245571,0.0387279987335205,0,0.0149800004437566,0.367247998714447,0.00696799997240305,0,0.171844005584717,0,0.0638640001416206,0,0.00132399995345622,0.0761279985308647,0,0,0,0.147320002317429,0,0,0,0.00464399997144938,0.0696040019392967,0,0,0.000144000005093403,0
"50kmE445N455",0,0.000123999998322688,0,0,0,0,0,0,0,0,0,0.000419999996665865,0,0,0,0,0,0,0,0,0.00187599996570498,0,0.0644960030913353,0.111164003610611,0.0161199998110533,0.00239600008353591,0.348152011632919,0,0.0107359997928143,0,0.0282039996236563,0.201048001646996,0,0,0,0.160587996244431,0,0,0,0,0.0546760000288486,0,0,0,0
"50kmE450N455",0,0,0,0,0,0,0,0,0,0,0,0.000452000007499009,0,0,0,0,0,0.000495999993290752,0,0.00095999997574836,0.00315600004978478,0,0.103932000696659,0.237384006381035,0.0608079992234707,0.00182799994945526,0.208268001675606,0,0.0516240000724792,0,0.00693600019440055,0.0476559996604919,0,0,0,0.205880001187325,0,0,0,0,0.0706200003623962,0,0,0,0
"50kmE455N455",0,0,0,0,0,0,0,0,0,0,0,0.000996000017039478,0,0,0,0,0,0.00107200001366436,0,0.000348000001395121,0.00352800008840859,0,0.0543959997594357,0.480356007814407,0.15514799952507,0,0.0205600000917912,0,0.129124000668526,0,0,0,0,0,0,0.0578680001199245,0,0,0,0,0.0966039970517159,0,0,0,0
"50kmE460N455",0,0.00164799997583032,0.000195999993593432,0,0,0,0,0,0,0,0,0.00387999997474253,0,0,0,0,0,0.00409599998965859,0,0.00276799988932908,0.00844800006598234,0,0.0152719998732209,0.476595997810364,0.117664001882076,0,0,0,0.159436002373695,0,0,0,0,0,0.000155999994603917,0.0987079963088036,0,0,0,0.00215999991632998,0.108971998095512,0,0,0,0
"50kmE465N455",0,0.000780000002123415,0.00036000000545755,0,0,0,0,0,0,0.000112000001536217,0.000584000023081899,0.00151199998799711,0,0,0,0,0,0.000544000009540468,0,0.00131199997849762,0.00754400016739964,0,0.0128079997375607,0.561860024929047,0.0657399967312813,0,0,0,0.159804001450539,0,0,0,0,0,0.000468000012915581,0.109332002699375,0,0,0,0.00952399987727404,0.0677160024642944,0,0,0,0
"50kmE470N455",0,0.000515999970957637,0,0,0,0,0,0,0,0,0,0.000828000018373132,0,0,0,0,0,0.000311999989207834,0,0.000255999999353662,0.00247599999420345,0,0.0135599998757243,0.630151987075806,0.0345840007066727,0,0,0,0.190776005387306,0,0,0,0,0,0.000372000009519979,0.0736759975552559,0,0,0,0.0111840004101396,0.0413080006837845,0,0,0,0
"50kmE475N455",0,0.00222799996845424,0.000327999994624406,0,0,0,0,0,0,0.00015999999595806,0,0.0300159994512796,0,0,0,0,0,0.000292000011540949,0,0.000636000011581928,0.00862399954348803,0,0.00365599989891052,0.700807988643646,0.0525280013680458,0,0,0,0.144211992621422,0,0,0,0,0,0.00028000000747852,0.0191760007292032,0,0,0,0.0065080001950264,0.0305480007082224,0,0,0,0
"50kmE480N455",0.000232000005780719,0.0153599996119738,0.00359999993816018,0.000536000006832182,0,0.0007999999797903,0.00124799995683134,0.00036000000545755,0,0.00279200007207692,0.00118799996562302,0.0707919970154762,0,0,0,0,0,0.00110400002449751,0,0.00164399994537234,0.014576000161469,0,0.00109200004953891,0.642895996570587,0.044259998947382,0,0,0,0.0587400011718273,0,0,0,0,0,0.00338799995370209,0.0439359992742538,0,0,0,0.0078159999102354,0.0186400003731251,0.000123999998322688,0.00421199994161725,0.0606640018522739,0
"50kmE485N455",0,0.00060843484243378,0,0,0,0,0,0,0,0,0,0.00654867989942431,0,0,0,0,0,0.000208148761885241,0,0.000661806319840252,0.0015531099634245,0,0,0.0731189250946045,0.000939338002353907,0,0,0,0.00145704124588519,0,0.000661806319840252,0,0,0,0,0.000507029006257653,0,0,0,0,0.00184665306005627,0.00013342869351618,0,0.911755621433258,0
"50kmE490N455",0,0.00674370210617781,0.00231847842223942,0,0.000460519688203931,0,0,0,0,0.000185266544576734,0.000661666214000434,0.00886103417724371,0,0,0,0,0,0,0,0,0.0103537533432245,0,0.00157211895566434,0.0201622936874628,0.0802045315504074,0,0,0,0.00393823720514774,0,0,0,0,0,0.000164093231433071,0.000312306452542543,0.000778119487222284,0,0,0.000190559876500629,0.000328186462866142,0,0,0.86276513338089,0
"50kmE495N455",0,0.0238639991730452,0.00338799995370209,0,0.00210399995557964,0.000904000014998019,0.000815999985206872,0.000236000007134862,0,0.00044000000343658,0.00127999996766448,0.0879160016775131,0,0,0,0,0,0.000184000004082918,0,0,0.0754759982228279,0,0.00115200004074723,0.356539994478226,0.254020005464554,0,0,0,0.0527560003101826,0,0,0,0,0,0.00171999994199723,0.014019999653101,0.000875999976415187,0,0,0.00014000000373926,0.00828799977898598,0,0,0.113880001008511,0
"50kmE500N455",0,0.00481599988415837,0.00052000000141561,0,0,0,0,0,0,0,0,0.08194400370121,0,0,0,0,0,0,0,0,0.0311280004680157,0,0.000668000022415072,0.439812004566193,0.197996005415916,0,0,0,0.110040001571178,0,0,0,0,0,0.00331200007349253,0.105311997234821,0,0,0,0,0.0244520008563995,0,0,0,0
"50kmE505N455",0,0.00440400000661612,0.000699999975040555,0,0,0,0.000495999993290752,0,0,0,0,0.0525639988481998,0,0,0,0,0,0,0,0,0.0445280000567436,0,0.00285200006328523,0.528680026531219,0.191671997308731,0,0,0,0.0585799999535084,0,0,0,0,0,0.00052000000141561,0.0295080002397299,0,0,0,0,0.0854960009455681,0,0,0,0
"50kmE510N455",0,0.00166399998124689,0.000331999995978549,0,0,0,0.000464000011561438,0.000747999991290271,0,0,0.000211999999010004,0.043419998139143,0,0,0,0,0,0,0,0,0.0414599999785423,0,0.0212960001081228,0.382607996463776,0.287032008171082,0,0,0,0.0541639998555183,0,0,0,0,0,0.00187599996570498,0.00982800032943487,0,0,0,0,0.154896005988121,0,0,0,0
"50kmE515N455",0,0.00529199978336692,0.00146000005770475,0,0,0,0.000688000000081956,0,0,0.000103999998827931,0.000127999999676831,0.0842159986495972,0,0,0,0,0,0,0,0,0.0604679994285107,0,0.0136000001803041,0.192824006080627,0.434300005435944,0,0,0,0.0629120022058487,0,0,0,0,0,0.00599600002169609,0.00397199997678399,0,0,0,0,0.134039998054504,0,0,0,0
"50kmE520N455",0,0.00788800045847893,0.00141999998595566,0,0,0.000344000000040978,0.00138000003062189,0.00775599991902709,0,0.000132000001030974,0.00269600003957748,0.0446919985115528,0,0,0,0,0,0,0,0,0.0798280015587807,0,0.0206119995564222,0.227047994732857,0.394071996212006,0,0,0,0.0628720000386238,0,0,0,0,0,0.000432000000728294,0.00413999985903502,0,0,0,0.00015999999595806,0.14452800154686,0,0,0,0
"50kmE525N455",0,0.0025919999461621,0.00031999999191612,0,0,0,0.000783999974373728,0.000636000011581928,0,0,0,0.011400000192225,0,0,0,0,0,0,0,0,0.0250599998980761,0,0.00687200017273426,0.509931981563568,0.260675996541977,0,0,0,0.062304001301527,0,0,0,0,0,0.000148000006447546,0.0076600001193583,0,0,0,0,0.111616000533104,0,0,0,0
"50kmE530N455",0,0.00223600002937019,0.00109200004953891,0,0,0,0,0,0,0.000127999999676831,0.000119999996968545,0.0157719999551773,0,0,0,0,0,0,0,0,0.0218400005251169,0,0.0373959988355637,0.344756007194519,0.29815599322319,0,0,0,0.0462520010769367,0,0,0,0,0,0.000232000005780719,0.00874400045722723,0,0,0,0.00276400009170175,0.220512002706528,0,0,0,0
"50kmE535N455",0,0.00173756014555693,0.000381219899281859,0,0,0,0,0.000280898879282176,0,0,0,0.00714285718277097,0,0,0,0,0,0,0,0,0.00526484753936529,0,0.00939807388931513,0.523378789424896,0.14733949303627,0,0,0,0.0781621187925339,0,0,0,0,0,0.000156500798766501,0.0901565030217171,0,0,0,0.00636035297065973,0.130240768194199,0,0,0,0
"50kmE435N460",0,0.00119199999608099,0,0,0,0,0,0,0,0,0,0.00422800006344914,0,0,0,0,0,0,0,0.004763999953866,0.0400599986314774,0,0.0329839996993542,0.0912159979343414,0.0173640009015799,0,0.0236799996346235,0,0.00350399990566075,0,0.000939999998081475,0.170292004942894,0,0,0,0.0222360007464886,0,0,0.00183600001037121,0,0.0129159996286035,0,0,0.572788000106812,0
"50kmE440N460",0,0.000195999993593432,0.000188000005437061,0,0,0,0,0,0,0,0,0.00106399995274842,0,0,0,0,0,0,0,0.00224799988791347,0.026596000418067,0,0.0196119993925095,0.294180005788803,0.00937999971210957,0,0.102632001042366,0,0.0588399991393089,0,0.0292279999703169,0.281560003757477,0,0,0,0.0959319993853569,0,0,0,0.00241199997253716,0.0444439984858036,0,0,0.0314880013465881,0
"50kmE445N460",0,0.000364000006811693,0,0,0,0,0,0,0,0,0.000216000000364147,0.00218400009907782,0,0,0,0,0,0,0,0.000715999980457127,0.00623199995607138,0,0.0971520021557808,0.170175999403,0.0190880000591278,0.000288000010186806,0.227635994553566,0,0.0321919992566109,0,0.00900399964302778,0.196820005774498,0,0,0,0.132095992565155,0,0,0,0.00174800003878772,0.104088000953197,0,0,0,0
"50kmE450N460",0,0.00063999998383224,0,0,0,0,0,0,0,0,0,0.000407999992603436,0,0,0,0,0,0.000880000006873161,0,0.000991999986581504,0.0027320000808686,0,0.126271992921829,0.206540003418922,0.0982920005917549,0.0211239997297525,0.299915999174118,0,0.0301079992204905,0,0.00701199984177947,0.0294439997524023,0,0,0,0.0661719962954521,0,0,0,0,0.109467998147011,0,0,0,0
"50kmE455N460",0,0.000344000000040978,0,0,0,0,0,0,0,0,0.000123999998322688,0,0,0,0,0,0,0.00104000000283122,0,0.000704000005498528,0.00140800001099706,0,0.0831359997391701,0.436280012130737,0.0982720032334328,0.00184799998532981,0.083187997341156,0,0.0850519984960556,0,0.00125600001774728,0.00438799988478422,0,0,0,0.130188003182411,0,0,0,0,0.0727720037102699,0,0,0,0
"50kmE460N460",0,0.00121999997645617,0.000387999985832721,0,0,8.80000006873161e-05,0,0,0,0,0.000119999996968545,0.000788000004831702,0,0,0,0,0,0.0022960000205785,0,0.00147200003266335,0.00943200010806322,0,0.0374480001628399,0.440135985612869,0.0911760032176971,0,0,0,0.126791998744011,0,0,0,0,0,0.00036000000545755,0.216931998729706,0,0,0,0.00519599998369813,0.0661559998989105,0,0,0,0
"50kmE465N460",0,0.000207999997655861,0,0,0,9.99999974737875e-05,0.000352000002749264,0.000216000000364147,0,0,0,0.000631999981123954,0,0,0,0,0,0.000704000005498528,0,0.000691999972332269,0.00537999998778105,0,0.0398560017347336,0.436203986406326,0.114312000572681,0,0.000612000003457069,0,0.149235993623734,0,0,0,0,0,0,0.209399998188019,0,0,0,0.00335999997332692,0.0387360006570816,0,0,0,0
"50kmE470N460",0,0.00274799996986985,0.000788000004831702,0,0,0.000464000011561438,9.99999974737875e-05,0,0,0.000368000008165836,0.000167999998666346,0.00127999996766448,0,0,0,0,0,0.000707999977748841,0,0.000788000004831702,0.00682799983769655,0,0.0155039997771382,0.585591971874237,0.0476160012185574,0,0,0,0.147275999188423,0,0,0,0,0,0.000307999987853691,0.148460000753403,0,0,0,0.0102279996499419,0.0307759996503592,0,0,0,0
"50kmE475N460",0,0.000855999998748302,0.000203999996301718,0,0,0.000207999997655861,0,0,0,0,0,0.00291200005449355,0,0,0,0,0,0.000268000003416091,0,0.000151999993249774,0.00249999994412065,0,0.00152000004891306,0.68912798166275,0.0259279999881983,0,0,0,0.147404000163078,0,0,0,0,0,0.000284000008832663,0.0546680018305779,0,0,0,0.0112880002707243,0.0626799985766411,0,0,0,0
"50kmE480N460",0,0.00199600006453693,0.000172000000020489,0,0,0,0,0,0,0,0.000207999997655861,0.047835998237133,0,0,0,0,0,0.000820000015664846,0,0.000228000004426576,0.0124439997598529,0,0.000260000000707805,0.741396009922028,0.0262880008667707,0,0,0,0.0735799968242645,0,0,0,0.000132000001030974,0,0,0.0377160012722015,0,0,0,0.000339999998686835,0.0565840005874634,0,0,0,0
"50kmE485N460",0,0.000846822513267398,0,0,0,0,0,0,0,0,0.000139725714689121,0.0368113741278648,0,0,0,0,0,0.000194769178051502,0,0.000910334172658622,0.00516985123977065,0,0,0.312291204929352,0.0104286195710301,0,0,0,0.0124144181609154,0,0,0.000165130390087143,0,0,0.000605478067882359,0.00320522324182093,0,0,0,0,0.0138328457251191,0.000406474806368351,0,0.602577745914459,0
"50kmE495N460",0,0.00695759244263172,0.0009698462090455,0,0.00050600670510903,0.000185535798664205,0.000345771259162575,0,0,0,0.0019692094065249,0.0583088397979736,0,0,0,0,0,0.000539740489330143,0,0,0.0228715036064386,0,0.00148850306868553,0.152649581432343,0.0656122043728828,0,0,0,0.027927353978157,0,0,0,0,0,0.000257220090134069,0.0009698462090455,0,0,0,0.000556607381440699,0.000219269582885318,0,0,0.657665371894836,0
"50kmE500N460",0,0.0137040000408888,0.00190399994608015,0,0,0.000211999999010004,0.000260000000707805,0.000108000000182074,0,0,0.000112000001536217,0.151692003011703,0,0,0,0,0,0,0,0,0.0571240000426769,0,0.00436800019815564,0.381556004285812,0.274491995573044,0,0,0,0.0902040004730225,0,0,0,0,0,0.00052000000141561,0.0193160008639097,0,0,0,0.00205600005574524,0.00237199990078807,0,0,0,0
"50kmE505N460",0,0.00767999980598688,0.00158399995416403,0,0,0,0.000452000007499009,0.000615999975707382,0,0,0.000272000004770234,0.136644005775452,0,0,0,0,0,0.000148000006447546,0,0,0.0428639985620975,0,0.00571999978274107,0.317824006080627,0.365224003791809,0,0,0,0.0634320005774498,0,0,0,0,0,0.00269200000911951,0.0397239997982979,0,0,0,8.80000006873161e-05,0.0150359999388456,0,0,0,0
"50kmE510N460",0,0.00191600003745407,0.000875999976415187,0,0,0,0,0,0,0,0,0.067720003426075,0,0,0,0,0,0,0,0,0.0384999997913837,0,0.00981200020760298,0.349155992269516,0.365483999252319,0,0,0,0.0762680023908615,0,0,0,0,0,0.00477600004523993,0.0479080006480217,0,0,0,0,0.0375839993357658,0,0,0,0
"50kmE515N460",0,0.00444799987599254,0.000956000003498048,0,0,0.000216000000364147,0.000444000004790723,0.000176000001374632,0,0,0,0.0536319985985756,0,0,0,0,0,0.000348000001395121,0,0,0.0573600009083748,0,0.00320799998007715,0.366575986146927,0.34595599770546,0,0,0,0.0857840031385422,0,0,0,0,0,0.000763999996706843,0.0200440008193254,0,0,0,0,0.0600880011916161,0,0,0,0
"50kmE520N460",0,0.00117199996020645,0.00022000000171829,0,0,0,0,0,0,0,0,0.0138879995793104,0,0,0,0,0,0,0,0,0.0185720007866621,0,0.00135200005024672,0.552468001842499,0.245851993560791,0,0,0,0.0844720005989075,0,0,0,0,0,9.60000033956021e-05,0.0232319999486208,0,0,0,0,0.0586760006844997,0,0,0,0
"50kmE525N460",0,0.00287199998274446,0.000636000011581928,0,0,0.000176000001374632,0.000203999996301718,0,0,0,0.000203999996301718,0.0224360004067421,0,0,0,0,0,0,0,0,0.034451998770237,0,0.00504000019282103,0.470335990190506,0.233244001865387,0,0,0,0.0474079996347427,0,0,0,0,0,0.000112000001536217,0.00224000005982816,0,0,0,0,0.180639997124672,0,0,0,0
"50kmE530N460",0,0.0038180947303772,0.00135337375104427,0,0,0,0.000153118933667429,0,0,0,0,0.00980949029326439,0,0,0,0,0,0,0,0,0.01071338634938,0,0.0041144541464746,0.615903615951538,0.137332871556282,0,0,0,0.093111127614975,0,0,0,0,0,0,0.0158700365573168,0,0,0,0.00459850719198585,0.103221915662289,0,0,0,0
"50kmE535N460",0,0,0,0,0,0,0,0,0,0,0,0.00257927482016385,0,0,0,0,0,0,0,0,0,0,0.000708036182913929,0.763629674911499,0.0329869017004967,0,0,0,0.112337529659271,0,0,0,0,0,0,0.0462752245366573,0,0,0,0.000455166125902906,0.0410281680524349,0,0,0,0
"50kmE435N465",0,0,0,0,0,0,0,0,0,0,0,0,0,0,0,0,0,0.000281664077192545,0,0.000177045993041247,0.00292528257705271,0,0.00166181800886989,0.000325925560900941,0.000977776711806655,0,0.00356103852391243,0,0,0,0.000885229965206236,0.035606361925602,0,0,0,0.000667946238536388,0,0,0.000909372582100332,0,0.000265568989561871,0,0,0.951754987239838,0
"50kmE440N465",0,0.000688000000081956,0,0,0,0,0.000148000006447546,0,0,0,0,0.00422800006344914,0,0,0,0,0,0,0,0.0109280003234744,0.0271879993379116,0,0.0670399963855743,0.168952003121376,0.0296599995344877,0,0.0638040006160736,0,0.00120000005699694,0,0.0191440004855394,0.200543999671936,0,0,0,0.0113479997962713,0,0,0.000731999985873699,0.000151999993249774,0.0189919993281364,0,0,0.37525200843811,0
"50kmE445N465",0,0.00014000000373926,0,0,0,0,0,0,0,0,0,0.00023999999393709,0,0,0,0,0,0,0,0,0.00105600000824779,0,0.0791400000452995,0.0772280022501945,0.0153040001168847,0,0.150363996624947,0,0.00275200000032783,0,0.103160001337528,0.420668005943298,0,0.00258799991570413,0,0.0710320025682449,0,0,0,0.00081200001295656,0.0654280036687851,0,0,0.010088000446558,0
"50kmE450N465",0,0.000315999990561977,0,0,0,0,0,0,0,0,0.00011600000289036,0,0,0,0,0,0,0.000188000005437061,0,0,4.4000000343658e-05,0,0.166408002376556,0.00730400020256639,0.00225999997928739,0.0227480009198189,0.428943991661072,0,0.000236000007134862,0,0.0489600002765656,0.227520003914833,0,0.00208400003612041,0.000315999990561977,0.052352000027895,0,0,0,0,0.0402039997279644,0,0,0,0
"50kmE455N465",0,0.00134399998933077,0,0,0,0,0,0,0.000184000004082918,0,0.00044000000343658,0,0,0,0,0,0,0.000103999998827931,0,0.000500000023748726,0.000715999980457127,0,0.221499994397163,0.243992000818253,0.0376200005412102,0.0108839999884367,0.281011998653412,0,0.012292000465095,0.000144000005093403,0.0172119997441769,0.0157319996505976,0,0,0,0.0857039988040924,0,0,0,0,0.0706200003623962,0,0,0,0
"50kmE460N465",0,0.000403999991249293,0,0,0,0,0,0,0,0,0,0.000284000008832663,0,0,0,0,0,1.59999999596039e-05,0,0.000568000017665327,0.00135999999474734,0,0.0319879986345768,0.552255988121033,0.0665759965777397,0,0,0,0.128772005438805,0,0,0,0,0,0,0.100212000310421,0,0,0,0.000292000011540949,0.11727199703455,0,0,0,0
"50kmE465N465",0,0.00168800004757941,0.000523999973665923,0,0,0.000655999989248812,0.00031999999191612,0,0,0.000119999996968545,0,0.0014519999967888,0,0,0,0,0,0.00119600002653897,0,0.000704000005498528,0.00299599999561906,0,0.0100400000810623,0.51502400636673,0.0487839989364147,0,0,0,0.175684005022049,0,0,0,0,0,0,0.160715997219086,0,0,0,0.0109360003843904,0.0691599994897842,0,0,0,0
"50kmE470N465",0,0.000828000018373132,0.00014000000373926,0,0,0,0.000780000002123415,0.000344000000040978,0,0,0,0.000188000005437061,0,0,0,0,0,0.000148000006447546,0,0.000867999973706901,0.0048119998537004,0,0.00137600000016391,0.577552020549774,0.0356360003352165,0,0,0,0.147835999727249,0,0,0,0,0,0.000432000000728294,0.151800006628036,0,0,0,0.0124880000948906,0.0647720023989677,0,0,0,0
"50kmE475N465",0,0.00266400002874434,0.000251999997999519,0,0,0,0.000755999993998557,0,0,0,0.000184000004082918,0.00210799998603761,0,0,0,0,0,0.00111199996899813,0,0.000644000014290214,0.00353199988603592,0,0.0018880000570789,0.694711983203888,0.0334799997508526,0,0,0,0.0946160033345222,0,0,0,0,0,0.00258000008761883,0.0754640027880669,0,0,0,0.00436000013723969,0.0816479995846748,0,0,0,0
"50kmE480N465",0.000268000003416091,0.00964399985969067,0.00182400003541261,0,0,0,0.00425999984145164,0.00115999998524785,0,0.00126000004820526,0.000939999998081475,0.0641639977693558,0,0,0,0,0,0.00180800002999604,0,0.000844000023789704,0.0107279997318983,0,0.00331999990157783,0.750087976455688,0.0237240009009838,0,0,0,0.0733480006456375,0,0,0,0,0,0.000272000004770234,0.0174880009144545,0,0,0,0.00336800003424287,0.0249879993498325,0,0,0.00650400016456842,0
"50kmE485N465",0,0.00568294012919068,0.00147371157072484,0,0,0.000789832381997257,0,0,0,0.000828360789455473,0.00135331030469388,0.00467156944796443,0,0,0,0,0,0.000471973005915061,0,0.000337123579811305,0.00222501554526389,0,0.00164708937518299,0.127302676439285,0.00547103397548199,0,0,0,0.00736855808645487,0.00018782599363476,0,0,0,0,0,0.000582742155529559,0.000303411216009408,0,0,0.000515317427925766,0.00427183695137501,0.000173377833561972,0.0168369133025408,0.817505359649658,0
"50kmE495N465",0,0.00040392717346549,0,0,0,0,0,0,0,0,0,0.00492956023663282,0,0,0,0,0,0,0,0,0.00303357536904514,0,0.00137664971407503,0.00970249529927969,0.013972582295537,0,0,0,0.000667716318275779,0,0,0,0,0,0,0,0,0,0,0,0,0,0,0.965913474559784,0
"50kmE500N465",0,0.014015999622643,0.00305599998682737,0,0.000636000011581928,0,0.000712000008206815,0.000763999996706843,0.00104799994733185,0.00039999998989515,0.000195999993593432,0.0707399994134903,0,0,0,0,0,0.000531999976374209,0,0,0.0507160015404224,0,0.0103719998151064,0.281480014324188,0.322843998670578,0,0,0,0.100323997437954,0,0,0,0,0,0.000736000016331673,0.0202760007232428,0.000475999986520037,0,0,0.00187999999616295,0.00632400019094348,0,0,0.112471997737885,0
"50kmE505N465",0,0.00218000006861985,0,0,0,0,0.000288000010186806,0,0,0,0,0.0667039975523949,0,0,0,0.000368000008165836,0,0,0,0,0.037491999566555,0,0.0139960004016757,0.350255995988846,0.296256005764008,0,0,0,0.118936002254486,0,0,0,0,0,0.00291600008495152,0.0870200023055077,0,0,0,0.000311999989207834,0.0232759993523359,0,0,0,0
"50kmE510N465",0,0.00122400000691414,0.000211999999010004,0,0,0.000108000000182074,0,0.000728000013623387,0,0,0,0.0447160005569458,0,0,0,0,0,0,0,0,0.0205879993736744,0,0.00765200005844235,0.341080009937286,0.206719994544983,0,0,0,0.114036001265049,0,0,0,0,0,0.00208800006657839,0.0565119981765747,0,0,0,0,0.204336002469063,0,0,0,0
"50kmE515N465",0,0.00900399964302778,0.00224799988791347,0,0,0.00095999997574836,0.00503200013190508,0.00217600003816187,0,0,0.000923999992664903,0.00807600002735853,0,0,0,0,0,0,0,0,0.0177720002830029,0,0.00044000000343658,0.413787990808487,0.21815200150013,0,0,0,0.103799998760223,0,0,0,0,0,0,0.0123920002952218,0,0,0,0.001475999946706,0.203759998083115,0,0,0,0
"50kmE520N465",0,0.00218799989670515,0.000127999999676831,0,0,0,0.00126399996224791,0.000119999996968545,0,0,0.00117599999066442,0.00654800003394485,0,0,0,0,0,0,0,0,0.0165519993752241,0,0.000684000027831644,0.590964019298553,0.162799999117851,0,0,0,0.0870120003819466,0,0,0,0,0,0,0.00887199956923723,0,0,0,0.00205600005574524,0.119635999202728,0,0,0,0
"50kmE525N465",0,0.00198707589879632,0.000669035653118044,0,0,0,0,0,0,0,0,0.0012739720987156,0,0,0,0,0,0,0,0,0.00340527133084834,0,0,0.749067544937134,0.0608421824872494,0,0,0,0.0863015949726105,0,0,0,0,0,0.000296458922093734,0.015219559893012,0,0,0,0.000216334883589298,0.080720953643322,0,0,0,0
"50kmE440N470",0,0.00208800006657839,0,0,0,0.000315999990561977,0.00028000000747852,0,0,0.000288000010186806,0,0.00249999994412065,0,0,0,0,0,0,0,0.00613600015640259,0.0365520007908344,0,0.0674360021948814,0.01146399974823,0.0107159996405244,0,0.0517080016434193,0,0,0,0.0330520011484623,0.177147999405861,0,0,0,0.00681999977678061,0,0,0.00137600000016391,0,0.00317199993878603,0,0,0.588948011398315,0
"50kmE445N470",0,0.000796000007539988,0.000108000000182074,0,0,0,0,9.99999974737875e-05,0,0,0,0.00095999997574836,0,0,0,0,0,0,0,0.00106000003870577,0.0109360003843904,0,0.125551998615265,0.159912005066872,0.0195840001106262,0,0.0814040005207062,0,0.00343600008636713,0,0.134187996387482,0.389916002750397,0,0.00119199999608099,0,0.0409840010106564,0,0,0,0.00277599995024502,0.0268639996647835,0,0,0.000232000005780719,0
"50kmE455N470",0,0.000771999999415129,0.00011600000289036,0,0,0,0,0,0,0,0,0,0,0,0,0,0,0.000780000002123415,0,0.000444000004790723,0.00164399994537234,0,0.342251986265182,0.1598120033741,0.00834000017493963,0.00650400016456842,0.293119996786118,0,0.00946000032126904,0,0.0069599999114871,0.00430400017648935,0,0,0.00014000000373926,0.0586120001971722,0,0,0,0,0.10673999786377,0,0,0,0
"50kmE460N470",0,0.000364000006811693,0,0,0,0,0,0,0,0,0,0.000331999995978549,0,0,0,0,0,0.000228000004426576,0,0.000331999995978549,0.00118799996562302,0,0.116980001330376,0.54697597026825,0.0710880011320114,0,0.0366879999637604,0,0.0640679970383644,0,0,0.000300000014249235,0,0,0,0.0714199990034103,0,0,0,0,0.0900359973311424,0,0,0,0
"50kmE465N470",0,0.00119199999608099,0.000368000008165836,0,0,0,0.000452000007499009,0,0,0,3.60000012733508e-05,0.00124000001233071,0,0,0,0,0,0.000132000001030974,0,0.0020240000449121,0.00654400000348687,0,0.0139960004016757,0.509707987308502,0.0204559992998838,0,0.00485600018873811,0,0.199312001466751,0,0,0,0,0,0.000303999986499548,0.145523995161057,0,0,0,0.0151720000430942,0.078684002161026,0,0,0,0
"50kmE470N470",0,0.00283199991099536,0.000600000028498471,0,0,0.000188000005437061,0,0.000311999989207834,0,0.000236000007134862,0.000395999988541007,0,0,0,0,0,0,0.000984000042080879,0,0.000199999994947575,0.00348399998620152,0,0.00125199998728931,0.536423981189728,0.0221319999545813,0,0.00399200012907386,0,0.141699999570847,0.000276000006124377,0,0,0,0,0.0007999999797903,0.211012005805969,0,0,0,0.00336400000378489,0.0698160007596016,0,0,0,0
"50kmE475N470",0,0.000531999976374209,0.000119999996968545,0,0,0.000464000011561438,0,0,0,0,0,0.000996000017039478,0,0,0,0,0,0.00565999979153275,0,0.000192000006791204,0.00432399986311793,0,0.000859999970998615,0.657931983470917,0.0255440007895231,0,0,0,0.0843639969825745,0,0,0,0,0,0.00106799998320639,0.15998800098896,0,0,0,0.00324400002136827,0.054712001234293,0,0,0,0
"50kmE480N470",0,0.00221600010991096,0,0,0,0.00107999995816499,0,0,0,0,0,0.0238400008529425,0,0,0,0,0,0.000427999999374151,0,0.00031999999191612,0.0046399999409914,0,0.0359439998865128,0.633800029754639,0.0881960019469261,0,0,0,0.121235996484756,0,0,0,0.000144000005093403,0,0.000620000006165355,0.0621920004487038,0,0,0,0.00334400008432567,0.0165919996798038,0,0.00540800020098686,0,0
"50kmE485N470",0.000326690613292158,0.0087843481451273,0.00264579080976546,0,0,0,0.000306524540064856,0.000205694101168774,0,0.00168185168877244,0.00118576595559716,0.0122327487915754,0,0,0,0,0,0.000354923133272678,0,0.000907473964616656,0.00340403569862247,0,0.00132289540488273,0.212022215127945,0.0146849453449249,0.00198434316553175,0,0,0.0221988297998905,0.00171815068461001,0,0,0,0,0.000330723851220682,0.00601756060495973,0,0,0,5.64650472369976e-05,0.00771554512903094,0.000423487857915461,0.0105105647817254,0.688978433609009,0
"50kmE500N470",0,0.0202479995787144,0.00527600012719631,0,0.000899999984540045,0.00162800005637109,0.00151199998799711,2.40000008489005e-05,0,0.00152399996295571,0.00141999998595566,0.0594119988381863,0,0,0,0,0,0.00862000044435263,0,0,0.0294279996305704,0,0.0433919988572598,0.112591996788979,0.099820002913475,0,0,0,0.037211999297142,0,0,0,0,0,0,0.0141399996355176,0.00745999999344349,0,0,0.00161599996499717,0.00338399992324412,0,0,0.550391972064972,0
"50kmE505N470",0,0.0308240000158548,0.00424000015482306,0,0,0,0.000736000016331673,0.000199999994947575,0,0.000928000023122877,0.00119600002653897,0.119855999946594,0,0,0,0,0,0,0,0,0.0404319986701012,0,0.0194279998540878,0.382687985897064,0.183316007256508,0,0,0,0.124179996550083,0,0,0,0,0,0.000668000022415072,0.0777759999036789,0,0,0,0.00532400002703071,0.00799200031906366,0,0,0.000216000000364147,0
"50kmE510N470",0,0.000820000015664846,0.000151999993249774,0,0,0,0.000348000001395121,0,0,0,0,0.0115240002050996,0,0,0,0,0,0,0,0,0.00977199990302324,0,0.00171600002795458,0.520287990570068,0.13162399828434,0,0,0,0.148827999830246,0,0,0,0,0,0.000712000008206815,0.11481200158596,0,0,0,0.00258000008761883,0.0568239986896515,0,0,0,0
"50kmE515N470",0,0.00273600011132658,7.99999997980194e-06,0,0,0,0.000539999979082495,0,0,0,0.000155999994603917,0.00297600007615983,0,0,0,0,0,0,0,0,0.00999999977648258,0,0.000432000000728294,0.466648012399673,0.231803998351097,0,0,0,0.21467599272728,0,0,0,0,0,0.00028000000747852,0.0126959998160601,0,0,0,0.00174400000832975,0.0553039982914925,0,0,0,0
"50kmE520N470",0,0,0,0,0,0,0.000103999998827931,0,0,0,0,0.00125600001774728,0,0,0,0,0,0,0,0,0.00505199981853366,0,0,0.607143998146057,0.122847996652126,0,0,0,0.177627995610237,0,0,0,0,0,0.000224000003072433,0.0337040014564991,0,0,0,0.00095999997574836,0.0510799996554852,0,0,0,0
"50kmE525N470",0,0,0.000152599372086115,0,0,0,0,0,0,0,0,0.000812046637292951,0,0,0,0,0,0,0,0,0.0030683372169733,0,0,0.665949106216431,0.0281654838472605,0,0,0,0.1475690305233,0,0,0,0,0,0,0.0257892925292253,0,0,0,0,0.128494113683701,0,0,0,0
"50kmE530N470",0,0,0,0,0,0,0,0,0,0,0,0,0,0,0,0,0,0,0,0,0,0,0,0.688254415988922,0.00147049815859646,0,0,0,0.220390900969505,0,0,0,0,0,0,0.0586361140012741,0,0,0,0,0.0312480852007866,0,0,0,0
"50kmE440N475",0,0.00198399997316301,0.000103999998827931,0,0,0.000136000002385117,0.000288000010186806,0,0,0,0,0.00193599995691329,0,0,0,0,0,0.000255999999353662,0,0.00629599997773767,0.028124000877142,0,0.0336479991674423,0.00148400000762194,0.00766800018027425,0,0.0459720008075237,0,0,0,0.0205000005662441,0.0700680017471313,0,0,0,0.00760400015860796,0,0,0.00569600006565452,0,0.00172800000291318,0,0,0.766507983207703,0
"50kmE445N475",0,0.00380000006407499,0.000432000000728294,0,0,0,0.000184000004082918,0,0,0,0,0.00768799986690283,0,0,0,0,0,0,0,0.00733199995011091,0.041983999311924,0,0.13688400387764,0.157148003578186,0.0251560006290674,0,0.090039998292923,0,0.00664799986407161,0,0.0578400008380413,0.251444011926651,0,0.000655999989248812,0,0.0440119989216328,0,0,0.00252000009641051,0.000232000005780719,0.0242439992725849,0,0,0.141755998134613,0
"50kmE450N475",0,0.000207999997655861,0,0,0,0,0,0,0,0,9.99999974737875e-05,0,0,0,0,0,0,0,0,0.00022000000171829,0.00570800015702844,0,0.164516001939774,0.0156360007822514,0.00547200022265315,0.0330439992249012,0.31401601433754,0,0.000167999998666346,0,0.0600880011916161,0.233792006969452,0,0.0231439992785454,0,0.0252400003373623,0,0,0,0,0.117916002869606,0,0,0.000731999985873699,0
"50kmE455N475",0,0.00085200002649799,0,0,0,0.000180000002728775,0,0,0,0,0,0,0,0,0,0,0,0,0,0.000184000004082918,0,0,0.180739998817444,0.000224000003072433,0.0006520000169985,0.0568160004913807,0.530651986598969,0,0.000132000001030974,0,0.0750920027494431,0.0603119991719723,0,0.000755999993998557,0,0.0566640011966228,0,0,0,0.00015999999595806,0.0365840010344982,0,0,0,0
"50kmE460N475",0,0.000755999993998557,0,0,0,0,0,0.00115200004074723,0,0,0,0,0,0,0,0,0,0,0,0,0.000815999985206872,0,0.322483986616135,0.231404006481171,0.0151559999212623,0.00380400009453297,0.298424005508423,0,0.00808400008827448,0,2.40000008489005e-05,0.0325439982116222,0,0,0,0.0401239991188049,0,0,0,0.000872000004164875,0.0443559996783733,0,0,0,0
"50kmE465N475",0,0.000967999978456646,0.000844000023789704,0,0,0,0,0.000195999993593432,0,0,0,0,0,0,0,0,0,0.000415999995311722,0,0,0.000555999984499067,0,0.0164720006287098,0.508400022983551,0.0162080004811287,0,0.00487999990582466,0,0.108960002660751,0,0,0.000268000003416091,0,0,0.000508000026457012,0.119744002819061,0,0,0,0.0037360000424087,0.217843994498253,0,0,0,0
"50kmE470N475",0,2.40000008489005e-05,0.000468000012915581,0,0,0,0.000127999999676831,0,0,0,0,0.000123999998322688,0,0,0,0,0,0.000560000014957041,0,2.80000003840541e-05,0,0,0.00235199998132885,0.608304023742676,0.00191600003745407,0,0.00264000007882714,0,0.168960005044937,0,0,0,0,0,0.00104000000283122,0.102296002209187,0,0,0,0.00304000009782612,0.108120001852512,0,0,0,0
"50kmE475N475",0,0.000563999987207353,0,0,0,0.000831999990623444,0.000144000005093403,0,0,0,0.000119999996968545,0.000119999996968545,0,0,0,0,0,0.0017239999724552,0,0.00015999999595806,0,0,0.000407999992603436,0.642332017421722,0.0134039996191859,0,0,0,0.192320004105568,0,0,0,0,0,0.000423999998020008,0.0986000001430511,0,0,0,0.00339199998416007,0.0454559996724129,0,0,0,0
"50kmE480N475",0,0.00391199998557568,0.0006520000169985,0,0,0.00063999998383224,0,0,0,0.00014000000373926,0.000132000001030974,0.0234880000352859,0,0,0,0,0,0.00180399999953806,0,0.000123999998322688,0.00136400002520531,0,0.00248800008557737,0.659232020378113,0.0826520025730133,0,0,0,0.140244007110596,0,0,0,0,0,0.000167999998666346,0.0280719995498657,0,0,0,0.00746400002390146,0.0474239997565746,0,0,0,0
"50kmE485N475",0.000888000009581447,0.0199960004538298,0.00717600015923381,0.000395999988541007,0,0.00161200005095452,0.000528000004123896,0.000631999981123954,0.000199999994947575,0.00123199995141476,0.00184000004082918,0.0513960011303425,0,0,0,0,0,0.00346800009720027,0,0.00127600005362183,0.00319599988870323,0,0.0228920001536608,0.426340013742447,0.0883800014853477,0.000628000008873641,0.000536000006832182,0,0.0511920005083084,0.00157199997920543,0,0.000663999991957098,0,0,0.00373200001195073,0.0120639996603131,0.000704000005498528,0,0,0.00614400021731853,0.032455999404192,0.00589600019156933,0.0185400005429983,0.234423995018005,0
"50kmE490N475",0,0.000762182869948447,0,0,0,0,0,0,0,0,0.000100287223176565,0.00110315950587392,0,0,0,0,0,0,0,0.000172494022990577,0,0,0.00294443289749324,0.0757649913430214,0.0178631599992514,0.000481378665426746,0.000172494022990577,0,0.00697999075055122,0.000272781238891184,0,0.000144413599628024,0,0,0,0.000693987589329481,0,0,0,0,0,0.000946711399592459,0.0013398373266682,0.890257716178894,0
"50kmE495N475",0,0.000781341746915132,0,0,0.000632299692369998,0,0.000320666265906766,0,0,0,0,0.000311633397359401,0,0,0,0,0,0,0,0,0,0,0.000849088130053133,0.00810698512941599,0.00563198374584317,0.000514872604981065,0.00136847712565213,0,0.00386606086976826,0,0,0,0,0,0,0,0,0,0,0,0,0,0,0.977616608142853,0
"50kmE500N475",0,0.0128720002248883,0.000607999972999096,0,0,0,0.00119600002653897,0,0,0,0,0.00370000000111759,0,0,0,0,0,0,0,0,0.0112920003011823,0,0.0284720007330179,0.162019997835159,0.129715994000435,0,0,0,0.0537800006568432,0,0,0,0,0,0.000203999996301718,0.0206959992647171,0.00156799994874746,0,0,0.00518799992278218,0.00292399991303682,0,0,0.565764009952545,0
"50kmE505N475",0,0.00415599998086691,0.000112000001536217,0,0,0,0.000192000006791204,0,0,0,0.000260000000707805,0.00645599979907274,0,0,0,0,0,0,0,0,0.0140840001404285,0,0.00422800006344914,0.51257199048996,0.103491999208927,0,0,0,0.149079993367195,0,0,0,0,0,0.00165600003674626,0.179284006357193,0,0,0,0.00936799962073565,0.0150600001215935,0,0,0,0
"50kmE510N475",0,0.00194800004828721,0.000268000003416091,0,0,0.000368000008165836,0.000676000025123358,0,0,0,0,0.00209999992512167,0,0,0,0,0,0,0,0,0.00301199988462031,0,0.00047999998787418,0.466228008270264,0.113683998584747,0,0,0,0.157820001244545,0,0,0,0,0,0.0036359999794513,0.197528004646301,0,0,0,0.00271599995903671,0.0495360009372234,0,0,0,0
"50kmE515N475",0,0,0,0,0,0,0,0,0,0,0,0.00280799996107817,0,0,0,0,0,0,0,0,0.00457599991932511,0,0,0.389968007802963,0.230603992938995,0,0,0,0.299755990505219,0,0,0,0,0,0.000515999970957637,0.0266239996999502,0,0,0,0,0.0451480001211166,0,0,0,0
"50kmE520N475",0,0.00246567744761705,0.000680186843965203,0,0,0,0,0,0,0,0,0.000832333927974105,0,0,0,0,0,0,0,0,0.00268494826741517,0,0,0.530272781848907,0.0807319134473801,0,0,0,0.219132050871849,0,0,0,0,0,0.0012664005625993,0.0276370663195848,0,0,0,0.000250595156103373,0.134046033024788,0,0,0,0
"50kmE525N475",0,0,0,0,0,0,0,0,0,0,0,0,0,0,0,0,0,0,0,0,0.00239788764156401,0,0,0.603190004825592,0.00883715879172087,0,0,0,0.229442834854126,0,0,0,0,0,0.000942989543545991,0.0699428841471672,0,0,0,0,0.0852462574839592,0,0,0,0
"50kmE440N480",0,0.000276087230304256,0,0,0.000144045523484237,0,0,0,0,0,0,0,0,0,0,0,0,0,0,0,0.00248878635466099,0,0.00327703543007374,0,0.000800252892076969,0,0.0216508414596319,0,0,0,0.00029609355260618,0.0115516502410173,0,0,0,0.0006602086359635,0,0,0.000132041721371934,0,0,0,0,0.958722949028015,0
"50kmE445N480",0,0,0,0,0,0,0,0,0,0,0,0.000243999995291233,0,0,0,0,0,0,0,0,0.0153519995510578,0,0.106931999325752,0.0261720009148121,0.0112519999966025,0,0.11345200240612,0,0,0,0.140660002827644,0.19548000395298,0,0.0789119973778725,0,0.00793999992311001,0,0,0.000552000012248755,0.00044000000343658,0.0179880000650883,0,0,0.284624010324478,0
"50kmE450N480",0,0.00483200000599027,0.00132399995345622,0,0,0.000127999999676831,0.00307999993674457,0.000127999999676831,0,0.000395999988541007,0,0.000768000027164817,0,0,0,0,0,0,0,0.000216000000364147,0.0110360002145171,0,0.136419996619225,0.106923997402191,0.0148440003395081,0,0.183768004179001,0,0.0019120000069961,0,0.124679997563362,0.269515991210938,0,0.0821800008416176,0,0.0113679999485612,0,0,0,0.00177199998870492,0.0331720001995564,0,0,0.0115360002964735,0
"50kmE460N480",0,0,0,0,0,0,0,0,0,0,0,0,0,0,0,0,0,0.000236000007134862,0,0,0,0,0.454596012830734,0.0609880015254021,0.0116039998829365,0.00483600003644824,0.28617599606514,0,0.00626000016927719,0,0.012368000112474,0.0335559993982315,0,0,3.19999999192078e-05,0.0206719990819693,0,0,0,0.000636000011581928,0.108039997518063,0,0,0,0
"50kmE465N480",0,0,0,0,0,0,0,0,0,0,0,0,0,0,0,0,0,0,0,0,0,0,0.181687995791435,0.422919988632202,0.011400000192225,0.000103999998827931,0.0996719971299171,0,0.0669720023870468,0,0.000339999998686835,0.00721199996769428,0,0,0.000380000012228265,0.0494199991226196,0,0,0,0.00150000001303852,0.158391997218132,0,0,0,0
"50kmE475N480",0,0.000907999987248331,0,0,0,0,0,0,0,0,0.000144000005093403,0.000255999999353662,0,0,0,0,0,0.000323999993270263,0,0,0,0,0.00329199992120266,0.637380003929138,0.0317200012505054,0,0.000108000000182074,0,0.137927994132042,0,0,0.00014000000373926,0,0,0.000364000006811693,0.157923996448517,0,0,0,0.000232000005780719,0.029279999434948,0,0,0,0
"50kmE480N480",0,0.00105600000824779,0,0,0,0,0,0,0,0.000163999997312203,9.60000033956021e-05,0.00463199988007545,0,0,0,0,0,0.00128399999812245,0,0.000503999995999038,0,0,0.00337999989278615,0.612384021282196,0.104772001504898,0.000151999993249774,0,0,0.156716004014015,0,0,0,0.000268000003416091,0,0.000207999997655861,0.0604359991848469,0,0,0,0.0112760001793504,0.0426720008254051,0,0,0,0
"50kmE485N480",0,0.0028800000436604,0,0,0,0,0,0,0,0,0,0.0134640000760555,0,0,0,0,0,0.00412000017240644,0,0.000631999981123954,0.00285200006328523,0,0.0118880001828074,0.538940012454987,0.104896001517773,0.000288000010186806,0,0,0.177320003509521,0,0.000352000002749264,0,0,0,0.00143599999137223,0.0714719966053963,0,0,0,0.00345600000582635,0.0624959990382195,0,0.000880000006873161,0.00262799998745322,0
"50kmE490N480",0,0.00615999987348914,0.00152399996295571,0.00111199996899813,0,0,0.000495999993290752,0,0,0.000464000011561438,0.000536000006832182,0.0222040005028248,0,0,0,0,0,0.0124960001558065,0,0.000387999985832721,0.00364800007082522,0,0.00514000002294779,0.573415994644165,0.0798719972372055,0.000452000007499009,0,0,0.0946360006928444,0,0,0,0,0,0.00135599996428937,0.095771998167038,0,0,0,0.00622399989515543,0.0397799983620644,0,0.00670799985527992,0.0476160012185574,0
"50kmE495N480",0,0.0259399991482496,0.00632000016048551,0.000508000026457012,0,0.000587999995332211,0.0021480000577867,0.00225599994882941,0,0,0.000728000013623387,0.0385599993169308,0,0,0,0,0,0.00534800020977855,0,0,0.0353479981422424,0,0.0137280002236366,0.0950919985771179,0.471480011940002,0.000284000008832663,0,0,0.0919080004096031,0.000195999993593432,0.000436000002082437,0,0,0,0.000232000005780719,0.0545919984579086,0.000796000007539988,0,0,0.0247239992022514,0.0046399999409914,0.000327999994624406,0.00396399991586804,0.119855999946594,0
"50kmE500N480",0,0.00138799997512251,0,0,0,0,0,0,0,0,0,0.00884400028735399,0,0,0,0,0,0,0,0,0.00981200020760298,0,0.00127200002316386,0.268112003803253,0.360439985990524,0,0,0,0.187996000051498,0,0,0,0,0,0.000731999985873699,0.151171997189522,0,0,0,0.00149199995212257,0.00623599998652935,0,0,0.00250399997457862,0
"50kmE505N480",0,0.00121200003195554,0,0,0,0,0.000103999998827931,0,0,0,0,0.0039079999551177,0,0,0,0,0,0,0,0.000335999997332692,0.00579199986532331,0,0.00178000004962087,0.451476007699966,0.0681919977068901,0,0,0,0.202043995261192,0,0,0,0,0,0.00144400005228817,0.244716003537178,0,0,0,0.000292000011540949,0.0187040008604527,0,0,0,0
"50kmE510N480",0,0,0,0,0,0,0,0,0,0,0,0.000528000004123896,0,0,0,0,0,0,0,0.00241199997253716,0.00430000014603138,0,0,0.660283982753754,0.0715920031070709,0,0,0,0.163499996066093,0,0,0,0,0,0.000407999992603436,0.0832120031118393,0,0,0,0.000247999996645376,0.0135159995406866,0,0,0,0
"50kmE515N480",0,0.00110400002449751,0.00023999999393709,0,0,0,0,0,0,0,0,0,0,0,0,0,0,0,0,0.000544000009540468,0.00467999977990985,0,0.000211999999010004,0.596683979034424,0.0741119980812073,0,0,0,0.153323993086815,0,0,0,0,0,0.000568000017665327,0.0818720012903214,0,0,0,0.00166800001170486,0.0849919989705086,0,0,0,0
"50kmE520N480",0,0,0,0,0,0,0,0,0,0,0,0,0,0,0,0,0,0,0,0.000147565748193301,0.00232563633471727,0,0,0.707955539226532,0.0329779945313931,0,0,0,0.141621813178062,0,0,0,0,0,0.00342942820861936,0.0512584410607815,0,0,0,0,0.0602835640311241,0,0,0,0
"50kmE445N485",0,0.00159027590416372,0,0,0,0,0,0,0,0,0.000160260358825326,0.000941015954595059,0,0,0,0,0,0,0,0.00262580439448357,0.014982289634645,0,0.0747511833906174,0.00328739196993411,0.00415444187819958,0,0.0658587887883186,0,0,0,0.043652456253767,0.0428675934672356,0,0.00738019496202469,0,0.00655423803254962,0,0,0.000949234468862414,0,0.00769249722361565,0,0,0.722552359104156,0
"50kmE450N485",0,0,0,0,0,0,0.000132000001030974,0,0,0,0,0,0,0,0,0,0,0,0,0.000288000010186806,0.0153120001778007,0,0.209856003522873,0.0179919991642237,0.00706000020727515,0,0.179207995533943,0,0.000311999989207834,0,0.0918480008840561,0.343504011631012,0,0.0334680005908012,0.000119999996968545,0.0161320008337498,0,0,0.000731999985873699,0.000452000007499009,0.0458960011601448,0,0,0.037687998265028,0
"50kmE455N485",0,0.00095999997574836,0.00015999999595806,0,0,0,0,0,0,0,0.000668000022415072,0,0,0,0,0,0,0,0,0.000132000001030974,0.0107359997928143,0,0.163875997066498,0.0320000015199184,0.00690399995073676,0.0147080002352595,0.193156003952026,0,0.000576000020373613,0,0.109403997659683,0.396164000034332,0,0.00126399996224791,0,0.0105200000107288,0,0,0.000127999999676831,0.000311999989207834,0.0549799986183643,0,0,0.00335199991241097,0
"50kmE470N485",0,0,0,0,0,0,0,0,0,0,0,0,0,0,0,0,0,0.000487999990582466,0,0,0,0,0.0423160009086132,0.606347978115082,0.0573559999465942,0.00015999999595806,0.0131240002810955,0,0.0515480004251003,0,0,0.00124400004278868,0.000163999997312203,0,0.0036359999794513,0.101524002850056,0,0,0,0.00219199992716312,0.1199000030756,0,0,0,0
"50kmE475N485",0,0.00137600000016391,0.000352000002749264,9.99999974737875e-05,0,0.000368000008165836,0,0,0,0,0.00028000000747852,0.00011600000289036,0,0,0,0,0,0.00138399994466454,0,0,0,0,0.00490000005811453,0.621587991714478,0.0398360006511211,0,0,0,0.0900920033454895,0,0,0.000604000000748783,0,0,0.00550800003111362,0.17340399324894,0,0,0,0.0056679998524487,0.0544239990413189,0,0,0,0
"50kmE480N485",0,0.000668000022415072,0,0,0,0,0,0,0,0,0,0.00044000000343658,0,0,0,0,0,0.00170400005299598,0,0.00014000000373926,0,0,0.000432000000728294,0.542356014251709,0.0402639992535114,0,0,0,0.0873439982533455,0,0,0,0,0,0.00083999999333173,0.320172011852264,0,0,0,0.000384000013582408,0.00525599997490644,0,0,0,0
"50kmE485N485",0,0.00139999995008111,0.000195999993593432,0,0,0,0,0,0,9.60000033956021e-05,0.000148000006447546,0.00309600005857646,0,0,0,0,0,0.00344799994491041,0,0.000500000023748726,0.000731999985873699,0,0.00340000004507601,0.575999975204468,0.126936003565788,0.000528000004123896,0,0,0.122900001704693,0,0,0,0,0,0.000584000023081899,0.119268000125885,0,0,0,0.0111360000446439,0.0296320002526045,0,0,0,0
"50kmE490N485",0,0.00504799978807569,0.000247999996645376,0,0,0,0.000144000005093403,0,0,0.000176000001374632,0.000184000004082918,0.0134359998628497,0,0,0,0,0,0.008564000017941,0,0.000403999991249293,0.0123199997469783,0,0.00663999980315566,0.410308003425598,0.233032003045082,0.000284000008832663,0,0,0.177955999970436,0,0.000132000001030974,0,0,0,0.00109599996358156,0.0721599981188774,0,0,0,0.0147040002048016,0.043163999915123,0,0,0,0
"50kmE495N485",0,0,0,0,0,0,0,0,0,0,0,0.00639199977740645,0,0,0,0,0,0,0,0,0.00925199966877699,0,0.00149599998258054,0.181611999869347,0.40106800198555,0,0,0,0.282272011041641,0,0.00262799998745322,0,0,0,0.000828000018373132,0.0659440010786057,0,0,0,0.00243599992245436,0.0460719987750053,0,0,0,0
"50kmE500N485",0,0.00579599989578128,0.00186800002120435,0,0,0,0.000904000014998019,0.000203999996301718,0,0,1.20000004244503e-05,0.00382400001399219,0,0,0,0,0,0.000123999998322688,0,0.000807999982498586,0.00904799997806549,0,0.000563999987207353,0.324571996927261,0.350492000579834,0,0,0,0.204180002212524,0,0.000584000023081899,0,0,0,0.000224000003072433,0.0615160018205643,0,0,0,0.0219720005989075,0.0133079998195171,0,0,0,0
"50kmE505N485",0,0,0,0,0,0,0,0,0,0,0,0.000228000004426576,0,0,0,0,0,0,0,0.00335199991241097,0.00822800025343895,0,0,0.64139598608017,0.0761639997363091,0,0,0,0.104263998568058,0,0,0,0,0,0.000771999999415129,0.0871400013566017,0,0,0,0.00428800005465746,0.0741679966449738,0,0,0,0
"50kmE510N485",0,0.000907999987248331,0.000172000000020489,0,0,0,0.000364000006811693,0.000815999985206872,0,0,0,0,0,0,0,0,0,0,0,0.00168800004757941,0.00499199982732534,0,0,0.655776023864746,0.0459440015256405,0,0,0,0.112700000405312,0,0,0,0,0,0,0.0760079994797707,0,0,0,0,0.10063199698925,0,0,0,0
"50kmE515N485",0,0.00410400005057454,0.000688000000081956,0,0,0.000747999991290271,0.00028000000747852,0.000180000002728775,0,0,0.000176000001374632,0,0,0,0,0,0,0,0,0.00493999989703298,0.0138199999928474,0,0,0.556363999843597,0.121256001293659,0,0,0,0.0962480008602142,0,0,0,0,0,0.000339999998686835,0.0445839986205101,0,0,0,0,0.156271994113922,0,0,0,0
"50kmE520N485",0,0,0,0,0,0,0,0,0,0,0,0,0,0,0,0,0,0,0,0.00351755763404071,0.00890801288187504,0,0,0.598394274711609,0.0662562847137451,0,0,0,0.101693660020828,0,0,0,0,0,0.000288654526229948,0.0335242040455341,0,0,0,0,0.187417343258858,0,0,0,0
"50kmE440N490",0,0.000331311632180586,0.000203061965294182,0,0,0.00022443690977525,0,0,0,0,0,0,0,0,0,0,0,0,0,0,0.000176343281054869,0,0,0,0,0,0.00212146318517625,0,0,0,0,0.00229780632071197,0,0,0,0,0,0,0.00368183385580778,0,0,0,0,0.990963757038116,0
"50kmE450N490",0,0.00650000013411045,0.000452000007499009,0,0.000236000007134862,0.00104799994733185,9.60000033956021e-05,0,0,0.000195999993593432,0,0.00213999999687076,0,0,0,0,0,0,0,0.00209599989466369,0.0275040008127689,0,0.142839998006821,0.0100199999287724,0.011404000222683,0,0.053116001188755,0,0,0,0.0368519984185696,0.146512001752853,0,0.000172000000020489,0,0.0153120001778007,0,0,0.00258399988524616,0,0.0213760007172823,0,0,0.519544005393982,0
"50kmE455N490",0,0.0026320000179112,0.000144000005093403,0,0,0,0.000167999998666346,0,0,0,0,0.000176000001374632,0,0,0,0,0,0,0,0.000387999985832721,0.0125759998336434,0,0.17951999604702,0.0115280002355576,0.00467600021511316,0.00475999992340803,0.0986640006303787,0,0,0,0.126611992716789,0.332408010959625,0,0.0588800013065338,0,0.0137759996578097,0,0,0.000544000009540468,0,0.0913320034742355,0,0,0.0612160004675388,0
"50kmE460N490",0,0,0,0,0,0,0,0,0,0,0,0,0,0,0,0,0,0,0,0,0,0,0.0131879998371005,0,0,0.0511600002646446,0.307547986507416,0,0.000292000011540949,0,0.113044001162052,0.390311986207962,0,0.0332040004432201,0.000180000002728775,0.00312400003895164,0,0,0,0.000951999973040074,0.0869959965348244,0,0,0,0
"50kmE465N490",0,0,0,0,0,0,0,0,0,0,0,0,0,0,0,0,0,0,0,0,0,0,0.126635998487473,0.0633720010519028,0.023412000387907,0.0157479997724295,0.281623989343643,0,0,0,0.165904000401497,0.200811997056007,0,0.0338959991931915,0.00022000000171829,0.0202200002968311,0,0,0,0.00023999999393709,0.0679159983992577,0,0,0,0
"50kmE470N490",0,0,0,0,0,0,0,0,0,0,0,0,0,0,0,0,0,0,0,0,0,0,0.153280004858971,0.33501198887825,0.0669720023870468,0.000487999990582466,0.170136004686356,0,0.00177199998870492,0,0.00360799999907613,0.033755999058485,0,0,0.00193200004287064,0.126803994178772,0,0,0,0.000448000006144866,0.105792000889778,0,0,0,0
"50kmE475N490",0,0.00569200003519654,0.00126799999270588,0,0,0.000384000013582408,0.00728400005027652,0.00844800006598234,0,0.000407999992603436,0.000628000008873641,0,0,0,0,0,0,0.000172000000020489,0,0,0.00011600000289036,0,0.0579279996454716,0.488292008638382,0.0722080022096634,0,0.0172479990869761,0,0.0314439982175827,0,0,0.00127999996766448,0,0,0.00662800017744303,0.263119995594025,0,0,0,0.000292000011540949,0.0371600016951561,0,0,0,0
"50kmE480N490",0,0.00184399995487183,0,0,0,0,0.00125600001774728,0,0,0,0,0.00106399995274842,0,0,0,0,0,0.00450399983674288,0,0.000568000017665327,0.000723999983165413,0,0.00739199994131923,0.586823999881744,0.0557040013372898,9.99999974737875e-05,0.000836000021081418,0,0.0901240035891533,0,0,0.000427999999374151,0,0,0.000660000019706786,0.244256004691124,0,0,0,0,0.00371599989011884,0,0,0,0
"50kmE485N490",0,0.00117199996020645,0,0,0,0,0,0,0,0,0,0.0020000000949949,0,0,0,0,0,0.00315200001932681,0,0.000747999991290271,0.000311999989207834,0,0.00264400010928512,0.478828012943268,0.11276800185442,0,0,0,0.103128001093864,0,0,0.000980000011622906,0,0,0.00286399992182851,0.270063996315002,0,0,0,0.00875999964773655,0.0125799998641014,0,0,0,0
"50kmE490N490",0,0.00206399988383055,0.000127999999676831,0,0,0,0.000188000005437061,0,0,9.99999974737875e-05,0.000119999996968545,0.00166399998124689,0,0,0,0,0,0.00443599978461862,0,0.00165999995078892,0.00226800004020333,0,0.00564400013536215,0.481983989477158,0.222404003143311,0,0,0,0.130919992923737,0,0,0,0,0,0.000327999994624406,0.123071998357773,0,0,0,0.00851999968290329,0.0144999995827675,0,0,0,0
"50kmE495N490",0,0.000327999994624406,0,0,0,0,0,0,0,0,0,0.000112000001536217,0,0,0,0,0,0,0,0.000236000007134862,0.00392800010740757,0,0,0.602267980575562,0.147719994187355,0,0,0,0.153540000319481,0,0,0,0,0,0,0.0261480007320642,0,0,0,0.00300800008699298,0.0627119988203049,0,0,0,0
"50kmE500N490",0,0.0107279997318983,0.000907999987248331,0,0,0.00187200005166233,0.000475999986520037,0,0,0.000211999999010004,0.00113600003533065,0,0,0,0,0,0,0,0,0.00123599998187274,0.00248800008557737,0,0.000763999996706843,0.668020009994507,0.0405719988048077,0,0,0,0.164948001503944,0,0,0,0,0,0,0.0484040006995201,0,0,0,0.00778800016269088,0.0504480004310608,0,0,0,0
"50kmE505N490",0,0.00317199993878603,0.000688000000081956,0,0,0.000184000004082918,0.000264000002061948,0.00031999999191612,0,0,0,0,0,0,0,0,0,0,0,0.000544000009540468,0.00535999983549118,0,0,0.640511989593506,0.0266919992864132,0,0,0,0.134139999747276,0,0.000255999999353662,0,0,0,0.000255999999353662,0.0501120015978813,0,0,0,0.00294800009578466,0.134552001953125,0,0,0,0
"50kmE510N490",0,0.00014000000373926,0,0,0,0,0,0,0,0,0.000584000023081899,0,0,0,0,0,0,0,0,0.00117199996020645,0.0065399999730289,0,0,0.694495975971222,0.0458760000765324,0,0,0,0.10037200152874,0,0,0,0,0,0.000731999985873699,0.0638799965381622,0,0,0,0,0.0862080007791519,0,0,0,0
"50kmE515N490",0,0.000185737197170965,0,0,0,0,0.000144965611980297,0,0,0.000407715793699026,0.00255954917520285,0,0,0,0,0,0,0,0,0.00318471342325211,0.0108135286718607,0,0,0.59243369102478,0.120325990021229,0,0,0,0.113100364804268,0,0,0,0,0,0,0.0707794651389122,0,0,0,0.000122314741020091,0.0859419628977776,0,0,0,0
"50kmE440N495",0,0.000793318962678313,0,0,0,0.000166168159921654,0,0,0,0,0,0,0,0,0,0,0,0,0,0,0.000428821076638997,0,0,0,0,0,0.0265761855989695,0,0,0.000675393152050674,0.00581052526831627,0.0306821465492249,0,0,0,0,0,0,0.000310895266011357,0,0.00311431288719177,0,0,0.931442260742188,0
"50kmE445N495",0,0.000693070294801146,0,0,0,0,0,0,0,0,0,0.000642847793642431,0,0,0,0,0,0,0,0,0.000758359557949007,0,0.000612714327871799,0,0,0,0.0256586670875549,0,0,0,0.00991391856223345,0.0309922955930233,0,0,0,0.000878893479239196,0,0,0.00187832093797624,0,0.00355575187131763,0,0,0.924415171146393,0
"50kmE450N495",0,0.00023999999393709,0,0,0,0,0,0,0,0,0,0.00448000011965632,0,0,0,0,0,0,0,0.001587999984622,0.018928000703454,0,0.0869000032544136,0.00445199990645051,0.00634399987757206,0,0.0306320004165173,0,0,0,0.0173000004142523,0.0619760006666183,0,0.000172000000020489,0,0.0175800006836653,0,0,0.00788000039756298,0,0.00456399982795119,0,0,0.736963987350464,0
"50kmE455N495",0,0,0,0,0,0,0,0,0,0,0,0,0,0,0,0,0,0,0,0.000315999990561977,0.00286399992182851,0,0.188999995589256,0.0212839990854263,0.0102880001068115,0,0.0494479984045029,0,0,0,0.180516004562378,0.330527991056442,0,0.00546000013127923,0,0.0153599996119738,0,0,0.00261999992653728,0,0.0639400035142899,0,0,0.128376007080078,0
"50kmE465N495",0,0,0.000228000004426576,0,0,0,0,0,0,0,0,0,0,0,0,0,0,0,0,0,0,0,0.0728280022740364,0.00530799990519881,1.11758704965925e-16,0.0929479971528053,0.313268005847931,0,0,0,0.19250799715519,0.203324005007744,0,0.00938399974256754,0.00120399997103959,0.00700000021606684,0,0,0,0.000847999996040016,0.101152002811432,0,0,0,0
"50kmE470N495",0,9.60000033956021e-05,0,0,0,0,0.000103999998827931,0.000888000009581447,0,0,0,0,0,0,0,0,0,0.000127999999676831,0,0.000255999999353662,0,0,0.365092009305954,0.0474799983203411,0.00469599990174174,0.00155199994333088,0.387923985719681,0,0.000151999993249774,0,0.00365200010128319,0.0353440009057522,0,0,0.00141599995549768,0.0993959978222847,0,0,0,0.0053719999268651,0.0464520007371902,0,0,0,0
"50kmE475N495",0,0.000855999998748302,0.00022000000171829,0,0,0.0007999999797903,0.00278400001116097,0.00424400018528104,0.000268000003416091,0,0,0,0,0,0,0,0,0.000875999976415187,0,0.000571999989915639,0.000136000002385117,0,0.231120005249977,0.374220013618469,0.0611280016601086,0.000103999998827931,0.0465320013463497,0,0.0266120005398989,0,0,0.00214400002732873,0,0,0.00840399973094463,0.197395995259285,0,0,0,0.00813599955290556,0.0334479995071888,0,0,0,0
"50kmE480N495",0,0.0013279999839142,0,0,0,0,0.000108000000182074,0,0,0,0,0,0,0,0,0,0,0.00271999998949468,0,0.000464000011561438,0.000384000013582408,0,0.00913599971681833,0.465460002422333,0.0782480016350746,0.000151999993249774,0.00349600007757545,0,0.0903720036149025,0,0,0,0,0,0.0046080001629889,0.299151986837387,0,0,0,0.0159520003944635,0.0284199994057417,0,0,0,0
"50kmE485N495",0,0.00206399988383055,7.999999797903e-05,0,0,0.000487999990582466,0.00201199995353818,0.000920000020414591,0,0,0,0.00235600001178682,0,0,0,0,0,0.00180399999953806,0,0.000668000022415072,0.00105199997778982,0,0.00113200000487268,0.476339995861053,0.0470880009233952,0,0,0,0.104139998555183,0,0,0,0,0,0.000948000000789762,0.335023999214172,0,0,0,0.0167720001190901,0.00711200013756752,0,0,0,0
"50kmE490N495",0,0.00175599998328835,0.000331999995978549,0,0,0,0.000103999998827931,0.0015760000096634,0,0,0.00116400001570582,0.0014639999717474,0,0,0,0,0,0.000307999987853691,0,0.00126399996224791,0.00223199999891222,0,0.000684000027831644,0.490496009588242,0.211344003677368,0,0,0,0.108135998249054,0,0.000539999979082495,0,0,0,0.000452000007499009,0.158779993653297,0,0,0,0.00685600005090237,0.0125120002776384,0,0,0,0
"50kmE495N495",0,0.000411999993957579,0,0,0,0,0,0,0,0,0,0,0,0,0,0,0,0,0,0.000199999994947575,0.00209200009703636,0,0,0.622384011745453,0.0919239968061447,0,0,0,0.121664002537727,0,0,0,0,0,0,0.14360399544239,0,0,0,0.00436800019815564,0.0133520001545548,0,0,0,0
"50kmE500N495",0,0.000448000006144866,0,0,0,0,0,0,0,0,0,0,0,0,0,0,0,0,0,0.00161200005095452,0.00293199997395277,0,0,0.591763973236084,0.0794560015201569,0,0,0,0.142652004957199,0,0.00111599999945611,0,0,0,0,0.15370799601078,0,0,0,0.00178799999412149,0.0245239995419979,0,0,0,0
"50kmE505N495",0,0.000783999974373728,0.000352000002749264,0,0,0,0,0,0,0,0.000636000011581928,0,0,0,0,0,0,0,0,0.00139600003603846,0.00564800016582012,0,0,0.454959988594055,0.196403995156288,0,0.00049200002104044,0,0.14978800714016,0,0.00496800011023879,0,0,0,8.80000006873161e-05,0.154364004731178,0,0,0,0.0149800004437566,0.0151399997994304,0,0,0,0
"50kmE510N495",0,0.00100825075060129,0.000120508062536828,0,0,0,0,0,0,0,0.000638692756183445,0,0,0,0,0,0,0,0,0.0024021272547543,0.00387634267099202,0,0.000184779026312754,0.486250042915344,0.23685859143734,0,0,0,0.153017118573189,0,0.00115687737707049,0,0,0,0,0.106834411621094,0,0,0,0.000108457257738337,0.00754380458965898,0,0,0,0
"50kmE515N495",0,0,0,0,0,0,0,0,0,0,0,0,0,0,0,0,0,0,0,0.00375121016986668,0.00421103602275252,0,0,0.451669901609421,0.149128749966621,0,0,0,0.151161670684814,0,0,0,0,0,0,0.166650533676147,0,0,0,0,0.0734269097447395,0,0,0,0
"50kmE445N500",0,0.00212663249112666,0,0,0,0.000129012929392047,0,0,0,0,0,0.00426991190761328,0,0,0,0,0,0.000170629995409399,0,0.00468608224764466,0.0226063933223486,0,0.0217449199408293,0.000382877071388066,0.000108204389107414,0,0.0587383359670639,0,0,0,0.00774493720382452,0.0634285807609558,0,0,0,0.0265350453555584,0,0,0.0083983251824975,0,0.00496491696685553,0,0,0.773965179920197,0
"50kmE450N500",0,0.00279600010253489,0,0,0.00011600000289036,0.000112000001536217,0,0,0,0,0,0.000775999971665442,0,0,0,0,0,0,0,0.000284000008832663,0.0109839998185635,0,0.121132001280785,0.00141999998595566,0.00140800001099706,0,0.0757839977741241,0,0,0,0.0325039997696877,0.0859640017151833,0,0.000720000010915101,0,0.0148879997432232,0,0,0.00373200001195073,0,0.00782800000160933,0,0,0.639551997184753,0
"50kmE455N500",0,0.00158399995416403,0,0,0,0,0.000163999997312203,0,0,0,0,0,0,0,0,0,0,0,0,0.000584000023081899,0.0159639995545149,0,0.192519992589951,0.0302879996597767,0.015820000320673,0,0.0522399991750717,0,0,0,0.0397399999201298,0.143628001213074,0,0,0,0.0230599995702505,0,0,0.0085039995610714,0,0.0163199994713068,0,0,0.45958399772644,0
"50kmE465N500",0,0.00014000000373926,0,0,0,0,0,0,0,0,0,0,0,0,0,0,0,0,0,0,0,0,0.0634839981794357,0,0,0.0736399963498116,0.219155997037888,0,0,0,0.306764006614685,0.274367988109589,0,0.0302440002560616,0.00031999999191612,0.00206399988383055,0,0,0,0,0.0298200007528067,0,0,0,0
"50kmE470N500",0,0,0,0,0,0,0,0.0014280000468716,0,0,0,0,0,0,0,0,0,0,0,0,0,0,0.246828004717827,0.0366440005600452,0.00276799988932908,0.0272679999470711,0.468847990036011,0,0.00011600000289036,0,0.0218279995024204,0.053447999060154,0,0,0.000372000009519979,0.0293160006403923,0,0,0,0.00175199995283037,0.109384000301361,0,0,0,0
"50kmE475N500",0,0.00522400019690394,0.00112799997441471,0.000251999997999519,0,0.00022000000171829,0.00211600004695356,0.00269200000911951,0,0.000391999987186864,0.000663999991957098,0,0,0,0,0,0,0.000272000004770234,0,0,0,0,0.248692005872726,0.299535989761353,0.0443160012364388,0.000331999995978549,0.163727998733521,0,0.0425760000944138,0,0,0.000276000006124377,0,0,0.00316400011070073,0.123308002948761,0,0,0,0.0021720000077039,0.0589400008320808,0,0,0,0
"50kmE480N500",0,0.000944000028539449,0,0,0,0,0,0,0,0,0,0,0,0,0,0,0,0.00281199999153614,0,0,0,0,0.14894400537014,0.281940013170242,0.0849519968032837,0,0.03558000177145,0,0.0500800013542175,0,0.000587999995332211,0.00304000009782612,0,0,0.00152000004891306,0.353583991527557,0,0,0,0.00681999977678061,0.0291959997266531,0,0,0,0
"50kmE485N500",0,0.00183600001037121,0,0,0,0,0,0,0,0,0,0.000199999994947575,0,0,0,0,0,0.00143599999137223,0,0.000103999998827931,0.000419999996665865,0,0.0217719990760088,0.511687994003296,0.0861959978938103,0,0.0270920004695654,0,0.132236003875732,0,0,0,0,0,0.00114399997983128,0.190763995051384,0,0,0,0.00692000007256866,0.0181920006871223,0,0,0,0
"50kmE490N500",0,0.00127999996766448,0.000739999988581985,0,0,9.60000033956021e-05,0.000592000025790185,0,0,0.000108000000182074,0.00531599996611476,0,0,0,0,0,0,0,0,0.000315999990561977,0.000607999972999096,0,0.000747999991290271,0.481296002864838,0.241623997688293,0,0.00464399997144938,0,0.0733880028128624,0,0.0141880000010133,0.00023999999393709,0,0,0,0.136675998568535,0,0,0,0.00135200005024672,0.0367880016565323,0,0,0,0
"50kmE495N500",0,0.00132399995345622,0,0,0,0.00039999998989515,0,0.00083999999333173,0,0,0.000323999993270263,0,0,0,0,0,0,0,0,0.00152799999341369,0.00258000008761883,0,0.00316000008024275,0.322367995977402,0.294620007276535,0,0.000119999996968545,0,0.0960640013217926,0,0.00161200005095452,0,0,0,0,0.257328003644943,0,0,0,0.00252799992449582,0.0152040002867579,0,0,0,0
"50kmE500N500",0,0.00284800003282726,0.000395999988541007,0,0,0.000407999992603436,0.000468000012915581,0.00396399991586804,0,0,0,0,0,0,0,0,0,0,0,0.00240000011399388,0.00374799990095198,0,0.000427999999374151,0.293375998735428,0.282940000295639,0,0,0,0.131019994616508,0,0.00342800002545118,0,0,0,0,0.246168002486229,0,0,0,0.00615199981257319,0.0222559999674559,0,0,0,0
"50kmE450N505",0,0.00383600010536611,0,0,0,0,0,0,0,0,0,0.00354800000786781,0,0,0,0,0,0,0,0.00144400005228817,0.0506680011749268,0,0.165243998169899,0.0042519997805357,0.00300800008699298,0,0.0725919976830482,0,0,0,0.0229640007019043,0.109016001224518,0,0.000144000005093403,0,0.0697079971432686,0,0,0.00399200012907386,0,0.0106680002063513,0,0,0.478915989398956,0
"50kmE455N505",0,0.00548799987882376,0.000311999989207834,0,0,0.000660000019706786,0.00015999999595806,0,0.000192000006791204,0.000747999991290271,0,0.00260000000707805,0,0,0,0,0,0,0,0.00139999995008111,0.0424199998378754,0,0.267051994800568,0.00821600016206503,0.00341599993407726,0,0.0654399991035461,0,0,0,0.0725679993629456,0.166227996349335,0,0.000136000002385117,0,0.0572480000555515,0,0,0.00215200008824468,0,0.0162560008466244,0,0,0.287308007478714,0
"50kmE460N505",0,0.0033239999320358,0.000188000005437061,0.000203999996301718,9.99999974737875e-05,0.000127999999676831,0,0,0,0.000167999998666346,0.000228000004426576,0,0,0,0,0,0,0,0,0.000260000000707805,0.023199999704957,0,0.304064005613327,0.00863599963486195,0.00602799979969859,0,0.0780080035328865,0,0.000636000011581928,0,0.0699400007724762,0.234679996967316,0,0.00179999996908009,0,0.037176001816988,0,0,0.000747999991290271,0,0.0242560002952814,0,0,0.206228002905846,0
"50kmE465N505",0,0,0,0,0,0,0,0,0.00011600000289036,0,0.000715999980457127,0.00115599995478988,0,0,0,0,0,0,0,0.000668000022415072,0.00756399985402822,0,0.142552003264427,0.00443200021982193,0.00286799995228648,0.0274000000208616,0.219328001141548,0,0.000352000002749264,0,0.0972800031304359,0.393940001726151,0,0.00583600020036101,0,0.00905600003898144,0,0,0,0.000436000002082437,0.0863000005483627,0,0,0,0
"50kmE475N505",0,0,0,0,0,0,0,0,0,0,0,0,0,0,0,0,0,0,0,0,0,0,0.0512400008738041,0.000615999975707382,0.000691999972332269,0.000883999979123473,0.769267976284027,0,0.000967999978456646,0,0.00176799995824695,0.0210640002042055,0,0,0.00201199995353818,0.131656005978584,0,0,0,0.00403199996799231,0.0157999992370605,0,0,0,0
"50kmE480N505",0,0.00132000003941357,0,0,0,0,0,0,0,0,0,0,0,0,0,0,0,0.000655999989248812,0,0,0,0,0.291011989116669,0.0972440019249916,0.00914799980819225,0,0.220663994550705,0,0.00391600001603365,0,0.00468399981036782,1.99999994947575e-05,0,0,0.00102399999741465,0.334984004497528,0,0,0,0.00693200016394258,0.0283959992229939,0,0,0,0
"50kmE485N505",0,0.00129599997308105,0,0,0,0.000684000027831644,0,0,0,0,0,0.000144000005093403,0,0,0,0,0,0.00036000000545755,0,0.000260000000707805,0.000939999998081475,0,0.111256003379822,0.49329200387001,0.0248639993369579,0,0.0408160015940666,0,0.0134920002892613,0,0.00184799998532981,0.00194800004828721,0,0,0.000644000014290214,0.275072008371353,0,0,0,0.00579599989578128,0.0272879991680384,0,0,0,0
"50kmE490N505",0,0,0,0,0,0,0,0,0,0,0,0,0,0,0,0,0,0,0,7.45058055164314e-17,0.00209200009703636,0,0.0387759990990162,0.477288007736206,0.0846640020608902,0,0.0206359997391701,0,0.0139760002493858,0.000123999998322688,0.00596799980849028,6.80000011925586e-05,0,0,0,0.327719986438751,0,0,0,0.00293600000441074,0.0257520005106926,0,0,0,0
"50kmE495N505",0,0,0,0,0,0,0,0.000980000011622906,0,0,0,0,0,0,0,0,0,0,0,0,0,0,0.0044680000282824,0.468196004629135,0.149136006832123,0,0,0,0.0614399984478951,0,0,0,0,0,0.000715999980457127,0.307208001613617,0,0,0,0,0.00785600021481514,0,0,0,0
"50kmE500N505",0,0,0,0,0,0,0,0,0,0,0,0,0,0,0,0,0,0,0,0,0.000251999997999519,0,0.000563999987207353,0.372247993946075,0.151043996214867,0,0.000579999992623925,0,0.0532560013234615,0,0.00817199982702732,0,0,0,0.00128800002858043,0.313071995973587,0,0,0,0.00687200017273426,0.0926520004868507,0,0,0,0
"50kmE510N505",0,0,0,0,0,0,0,0,0,0,0,0,0,0,0,0,0,0,0,0,0,0,0.00438516587018967,0.674742996692657,0.0427629575133324,0,0.00261982227675617,0,0.0776794627308846,0,0.0145608326420188,0.000125786158605479,0,0,0,0.182828024029732,0,0,0,0,0.000294946861686185,0,0,0,0
"50kmE460N510",0,0.00277199991978705,0.000403999991249293,0,0,0,9.99999974737875e-05,0,0,0,0,0.000296000012895092,0,0,0,0,0,0,0,0.00293600000441074,0.0404519997537136,0,0.30401998758316,0.0050760000012815,0.00657999981194735,0,0.0983040034770966,0,0.000108000000182074,0,0.0252119991928339,0.119199998676777,0,0,0,0.062948003411293,0,0,0.00212000007741153,0,0.0216959994286299,0,0,0.307776004076004,0
"50kmE465N510",0,0.00327200000174344,0.000956000003498048,0,0,0.000939999998081475,0.000364000006811693,0,0,0,0.000880000006873161,0.00437999982386827,0,0,0,0,0,0,0,0.00182400003541261,0.0357480011880398,0,0.397632002830505,0.0320920012891293,0.0234360005706549,0,0.166391998529434,0,0.00185600004624575,0,0.0500600002706051,0.178176000714302,0,0.00381999998353422,0,0.0523639991879463,0,0,0.00467200018465519,0.00599199999123812,0.0261760000139475,0,0,0.0089680003002286,0
"50kmE470N510",0,0.000216000000364147,0,0,0,0,0,0,0,0,0,0.000483999989228323,0,0,0,0,0,0.000216000000364147,0,0.000348000001395121,0.00742000015452504,0,0.149232000112534,0.0159079991281033,0.00604799995198846,0.012984000146389,0.279419988393784,0,6.80000011925586e-05,0,0.160576000809669,0.319775998592377,0,0.00320399994961917,0,0.0108679998666048,0,0,0.000384000013582408,0.00014000000373926,0.0324399992823601,0,0,0.000268000003416091,0
"50kmE475N510",0,0,0,0,0,0,0,0,0,0,0,0,0,0,0,0,0,0,0,0,0,0,0.0941120013594627,0.000311999989207834,0.00137600000016391,0.0400639995932579,0.548600018024445,0,0.000163999997312203,0,0.125775992870331,0.0570000000298023,0,0,0,0.0784759968519211,0,0,0,0.00249200011603534,0.0516280010342598,0,0,0,0
"50kmE485N510",0,0,0,0,0,0,0,0,0,0,0,0,0,0,0,0,0,0,0,0,0.000307999987853691,0,0.289891988039017,0,0,0,0.187996000051498,0,0.000236000007134862,0.00221999990753829,0.000272000004770234,0.170747995376587,0,0,0,0.297540009021759,0,0,0,0,0.0507880002260208,0,0,0,0
"50kmE490N510",0,0,0,0,0,0,0,0,0,0,0,0,0,0,0,0,0,0,0,0,0,0,0.367424011230469,0.0749199986457825,0.0186320003122091,7.99999997980194e-06,0.131035998463631,0,0.0132999997586012,0.00141999998595566,0.00124799995683134,0.117476001381874,0,0,0,0.261783987283707,0,0,0,0,0.0127520002424717,0,0,0,0
"50kmE500N510",0,0.00207199994474649,0.00015999999595806,0,0,0.00115599995478988,0,0,0,0,0,0,0,0,0,0,0,0,0,0,0.000372000009519979,0,0.00961999967694283,0.734215974807739,0.0345240011811256,0,0.0512080006301403,0,0.0497400015592575,0.000155999994603917,0.0140920002013445,0.00101600005291402,0,0,0,0.0852480009198189,0,0,0,0.00235199998132885,0.0140680000185966,0,0,0,0
"50kmE505N510",0,0,0,0,0,0,0,0,0,0,0,0,0,0,0,0,0,0,0,0,0,0,0.0173856634646654,0.675467610359192,0.0608993023633957,0,0.0933008566498756,0,0.0474669262766838,0.000417871720856056,0.0562257394194603,0.0188262201845646,0,0,0,0.0231368970125914,0,0,0,0,0.00687289005145431,0,0,0,0
"50kmE460N515",0,0.000320078106597066,0,0,0,0,0,0,0,0,0,0,0,0,0,0,0,0,0,0.00262063951231539,0.0100144436582923,0,0.141862615942955,0.000388094689697027,0.000840205000713468,0,0.118548922240734,0,0,0,0.0254021976143122,0.0790552869439125,0,0,0,0.026762530207634,0,0,0.000224054674617946,0,0.0120189329609275,0,0,0.581942021846771,0
"50kmE465N515",0,0.00788000039756298,0.000647999986540526,0,0.000272000004770234,0.000515999970957637,0.000331999995978549,0,0,0.000112000001536217,0.000368000008165836,0.000699999975040555,0,0,0,0,0,9.99999974737875e-05,0,0.00298799993470311,0.0385439991950989,0,0.240748003125191,0.00167999998666346,0.00218400009907782,0,0.153124004602432,0,0,0,0.0932080000638962,0.185928001999855,0,0.00547200022265315,0,0.0422840006649494,0,0,0.00784400012344122,0,0.00737199978902936,0,0,0.207696005702019,0
"50kmE470N515",0,0.00104000000283122,0.000207999997655861,0,0,0,0,0,0,0,0,0.00049200002104044,0,0,0,0,0,0,0,0.00183600001037121,0.0251800008118153,0,0.16915999352932,0.0148000000044703,0.00443599978461862,0,0.0928559973835945,0,0.000112000001536217,0,0.324263989925385,0.193775996565819,0,0.0267960000783205,0,0.00582800013944507,0,0,0.00311599997803569,0.000151999993249774,0.00821600016206503,0,0,0.127731993794441,0
"50kmE475N515",0,0,0,0,0,0,0,0,0,0,0,0.000612000003457069,0,0,0,0,0,0,0,0.000144000005093403,0.00151600001845509,0,0.0779400020837784,0.0169879999011755,0.00247199996374547,0.0240160003304482,0.1598159968853,0,0,0,0.226835995912552,0.461968004703522,0,0,0,0.00329999998211861,0,0,0,2.80000003840541e-05,0.0243640001863241,0,0,0,0
"50kmE495N515",0,0,0,0,0,0,0,0,0,0,0,0,0,0,0,0,0,0,0,0,0.00011600000289036,0,0.273620009422302,0.414384007453918,0.0128359999507666,0,0.103555999696255,0,0.00900799967348576,0,0.0174279995262623,0.00680800015106797,0,0,0,0.112860001623631,0,0,0,0.00182400003541261,0.0475599989295006,0,0,0,0
"50kmE500N515",0,0.00168800004757941,0.000172000000020489,0,0,0,0.000272000004770234,0,0,0,0,0,0,0,0,0,0,0,0,0.000123999998322688,0.000855999998748302,0,0.00573199987411499,0.600488007068634,0.00675200019031763,0,0.00147999997716397,0,0.00628399988636374,0,0.000744000019039959,0,0,0,0.000331999995978549,0.0326399989426136,0,0,0,0.00300400005653501,0.339432001113892,0,0,0,0
"50kmE465N520",0,0.000192000006791204,0,0,0,0,0.000119999996968545,0,0,0,0,0.000199999994947575,0,0,0,0,0,0,0,0.000376000010874122,0.00616799993440509,0,0.139211997389793,0,0,0,0.201324000954628,0,0,0,0.0427680015563965,0.168768003582954,0,0.000119999996968545,0,0.0260719992220402,0,0,0.000612000003457069,0,0.0125679997727275,0,0,0.40149998664856,0
"50kmE480N520",0,0,0,0,0,0,0.000604000000748783,0,0.000127999999676831,0,0,0.000796000007539988,0,0,0,0,0,0,0,0,0.0042519997805357,0,0.13391600549221,0.0231679994612932,0.0180840007960796,0,0.163580000400543,0,0,0,0.0582000017166138,0.537240028381348,0,0,0,0.0247479993849993,0,0,0,0.00166399998124689,0.0312159992754459,0,0,0.00240399991162121,0
"50kmE485N520",0,0,0,0,0,0,0,0,0,0,0,0,0,0,0,0,0,0,0,0,0.00014000000373926,0,0.196511998772621,0,0,0,0.168096005916595,0,0,0,0.00171999994199723,0.49439200758934,0,0,0,0.0582120008766651,0,0,0,0.00530399987474084,0.0756239965558052,0,0,0,0
"50kmE490N520",0,0.00126799999270588,0.000108000000182074,0,0,0,0,0,0,0,0,0.00112399994395673,0,0,0,0,0,0,0,0,0.00498799979686737,0,0.676375985145569,0.0238400008529425,0.0207279995083809,7.99999997980194e-06,0.112248003482819,0,0.000167999998666346,0.00111199996899813,0.00244800001382828,0.0721039995551109,0,0,0,0.0570759996771812,0,0,0,0.00773600023239851,0.0186679996550083,0,0,0,0
"50kmE495N520",0,0,0,0,0,0,0,0,0,0,0,0,0,0,0,0,0,0,0,0,0,0,0.260695993900299,0.0147959999740124,0.00141200004145503,0,0.431735992431641,0,0.00023999999393709,0.000264000002061948,0.0199439991265535,0.0660760030150414,0,0,0,0.185864001512527,0,0,0,0,0.0189720001071692,0,0,0,0
"50kmE500N520",0,0,0,0,0,0,0,0,0,0,0,0,0,0,0,0,0,0,0,0,0,0,0.129547998309135,0.379132002592087,0.00491200014948845,0,0.0339559987187386,0,0.00300000002607703,0,0.00687200017273426,0,0,0,0,0.238171994686127,0,0,0,0.000251999997999519,0.204155996441841,0,0,0,0
"50kmE505N520",0,0,0,0,0,0,0,0,0,0,0,0,0,0,0,0,0,0,0,0,0.00272897724062204,0,0.00270422454923391,0.689614415168762,0.00772900832816958,0,0.0173701569437981,0,9.28223598748446e-05,0,0.0206498801708221,0.00884906481951475,0,0,0,0.084493100643158,0,0,0,0.00329209957271814,0.162476256489754,0,0,0,0
"50kmE485N525",0,0.000883999979123473,0.000368000008165836,0,0,0.000331999995978549,0,0,0,0,0.000303999986499548,0,0,0,0,0,0,0,0,0,0.00516000017523766,0,0.104712001979351,0.00430800020694733,0.00335599994286895,0,0.178591996431351,0,0,0,0.11591199785471,0.42247998714447,0,0,0,0.0567039996385574,0,0,0.0131360003724694,0.000292000011540949,0.0238680001348257,0,0,0.0695919990539551,0
"50kmE490N525",0,0,0,0,0,0,0,0,0,0,0,0,0,0,0,0,0,0,0,0,0.000552000012248755,0,0.132763996720314,0.00209999992512167,0.00687600020319223,0,0.0638160035014153,0,7.99999997980194e-06,0.000224000003072433,0.175007998943329,0.551360011100769,0,0,0,0.034171998500824,0,0,0.000199999994947575,0.00189199997112155,0.0130759999155998,0,0,0.0179520007222891,0
"50kmE495N525",0,0.000411999993957579,0,0,0,0,0,0,0,0,0,0.000600000028498471,0,0,0,0,0,0,0,0,0.00136800005566329,0,0.176311999559402,0.000823999987915158,0,0,0.523487985134125,0,2.40000008489005e-05,0.000260000000707805,0.0340959988534451,0.161108002066612,0,0,0,0.0750799998641014,0,0,0,0.00573199987411499,0.0206959992647171,0,0,0,0
"50kmE500N525",0,0,0,0,0,0,0,0,0,0,0,0,0,0,0,0,0,0,0,0,0,0,0.179348006844521,0.0220079999417067,0.000723999983165413,0,0.45116400718689,0,0.000595999998040497,0,0.0197279993444681,0.11778400093317,0,0,0,0.155195996165276,0,0,0,0.000211999999010004,0.0532400012016296,0,0,0,0
"50kmE505N525",0,0.00182157522067428,0.000415661459555849,0,0,0.000480863265693188,0.00437667081132531,0,0,0,0,0.000472713058115914,0,0,0,0,0,0,0,0,0.00389580754563212,0,0.14592570066452,0.177336663007736,0.0144218234345317,0,0.135807201266289,0,0.00116140709724277,0,0.0341127663850784,0.272694289684296,0,0,0,0.0866246670484543,0,0,0.00287702935747802,0.00133663683664054,0.0676998421549797,0,0,0.0485386662185192,0
"50kmE510N525",0,0,0,0,0,0,0,0,0,0,0,0.00327396742068231,0,0,0,0,0,0,0,0,0.0107919666916132,0,0.34147784113884,0.0333308055996895,0.0157483890652657,0,0.149768859148026,0,0,0,0.00463812053203583,0.2384994328022,0,0,0,0.0747252777218819,0,0,0,0,0.101129218935966,0,0,0.0266161430627108,0
"50kmE485N530",0,0,0,0,0,0,0,0,0,0,0.000448000006144866,0.000155999994603917,0,0,0,0,0,0,0,0,0.00292000011540949,0,0.0703440010547638,0,0,0,0.235091999173164,0,0,0,0.0730599984526634,0.319160014390945,0,0,0,0.0370279997587204,0,0,0.00220400001853704,0.000623999978415668,0.0192639995366335,0,0,0.239700004458427,0
"50kmE490N530",0,0,0,0,0,0,0,0,0,0,0,0,0,0,0,0,0,0,0,0.000207999997655861,0.00338399992324412,0,0.156368002295494,0,0.00126000004820526,0,0.106604002416134,0,0,0.000276000006124377,0.0523280017077923,0.405371993780136,0,0,0,0.021959999576211,0,0,0.00367200002074242,0,0.0105320001021028,0,0,0.238036006689072,0
"50kmE495N530",0,0,2.40000008489005e-05,0,0,0,0,0,9.20000020414591e-05,0,0,0,0,0,0,0,0,0,0,0,0.00138799997512251,0,0.186043992638588,0,0,0,0.15735200047493,0,1.20000004244503e-05,0.000172000000020489,0.0116119999438524,0.492455989122391,0,0,0,0.0653079971671104,0,0,0.000356000004103407,0.00180800002999604,0.0507639981806278,0,0,0.0326119996607304,0
"50kmE500N530",0,0.000536000006832182,0.00022000000171829,0,0,0,0,0,0,0,0,0.000948000000789762,0,0,0,0,0,0,0,0.000468000012915581,0.0255040004849434,0,0.324680000543594,0,0.00152399996295571,0,0.168272003531456,0,3.19999999192078e-05,0.00323999999091029,0.00487199984490871,0.290968000888824,0,0,0,0.0810839980840683,0,0,0.00206799991428852,0.0129760000854731,0.0135080004110932,0,0,0.0690999999642372,0
"50kmE505N530",0,0.00200399989262223,0,0,0,0.000127999999676831,0,0,0,0,0,0.00168800004757941,0,0,0,0,0,0,0,0.000503999995999038,0.00499999988824129,0,0.025475999340415,0,0,0,0.131395995616913,0,0,0,0.0280639994889498,0.300444006919861,0,0,0,0.0350559987127781,0,0,0.00162800005637109,0.00011600000289036,0.0090319998562336,0,0,0.459464013576508,0
"50kmE485N535",0,0.00023999999393709,0,0,0,0,0,0,0,0,0,0,0,0,0,0,0,0,0,0,0,0,0.000468000012915581,0,0,0,0.136227995157242,0,0,0,0.0600240007042885,0.304100006818771,0,0,0,0.005107999779284,0,0,0,0,0.0117640001699328,0,0,0.482068002223969,0
"50kmE490N535",0,0.000568000017665327,0,0,0,0.000136000002385117,0,0,0,0,0,0,0,0,0,0,0,0,0,0,0.000323999993270263,0,0.00643600011244416,0,0,0,0.0783080011606216,0,0,0,0.0591959990561008,0.120848000049591,0,0,0,0.0125160003080964,0,0,0.00287199998274446,0,0.0006520000169985,0,0,0.718143999576569,0
