"cellcode","clc_artificial","clc_agriculture","clc_forest","clc_shrub","clc_open","clc_marshes","clc_peat bogs","clc_coastal wetland","clc_rivers","clc_lakes","clc_marine waters","bio1_annual_temp_dC","bio10_temp_warmQ_dC","bio12_annual_prec_mm","bio15_coefvar_prec","bio4_sd_temp"
"50kmE640N135",0,0,0,0,0,0,0,0,0,0,0,20.4263583815015,25.7087572254332,241.205867052023,112.67979768786,405.07118497111
"50kmE635N155",1.12576022511352,2.86328415386379,0.0323494314216077,2.37157277297228,0.554972456302494,0,0,0,0,0,93.0520594120026,20.0737355185087,25.9789064707548,457.532975416785,102.524696241876,450.245606103411
"50kmE640N155",0.685582810547203,0.187116558663547,0,1.20015339925885,0.526840507518501,1.42840883367887e-14,0,0.385736185126007,0,0,97.0145702362061,20.283560090703,26.2735260770977,518.330158730158,107.81533446712,457.097363945579
"50kmE630N160",0,0.294273924191658,1.51019738987088,1.55311236158013,0.920287170447409,0,0,0,0,0,95.7221269607544,19.8818807984251,25.8733904976101,499.306494236717,99.4475962890075,452.807197076187
"50kmE635N160",3.92759999158443,30.1232005585916,28.5120009633829,22.4987997382414,0.934800016693771,0,0,0,0,0.27560000307858,13.7280002236366,17.8875070501973,25.3054709531867,709.192780597859,91.5320078962212,574.658121827412
"50kmE640N160",6.01359984575538,25.6315995524346,21.4075996831525,23.5355997981969,1.79239999124547,0.0508000026457012,0,0.27560000307858,0,0.359599990770221,20.9332004189491,18.4907668452213,26.4204820975473,514.770961375811,89.9549196504086,614.951282774176
"50kmE645N160",1.89648240630049,9.92727307602764,0.393620552495122,3.24562279274687,0.621291622519493,0,0,0.455924402922392,0,0,83.4597826004028,20.1873974540317,26.3902828854314,424.871117397454,106.074455445544,473.848995756717
"50kmE650N160",0,0,0,0,0,0,0,0,0,0,100,20.2865433493363,26.1163936741035,482.719147133578,111.551087263485,445.165715899461
"50kmE635N165",0.506045512156561,6.48443248646799,0.14486035797745,5.46123548410833,0.885579641908407,0,0,0,0.0111059605842456,0,86.5067422389984,20.046133370692,26.7610395068647,593.551190809751,96.9261137573549,511.984505463714
"50kmE640N165",12.6076002095942,41.9179984368384,2.88039999431931,15.5647998675704,1.43519998382544,0.0108000000182074,0,0,0.00280000003840541,0.123599998187274,25.4568010568619,19.7916549789622,28.1095792426367,452.449845722301,84.3084992987378,642.378148667602
"50kmE645N165",7.89640013172175,47.6704001543112,0.892400019802153,9.15119981218596,1.2248000362888,0.138000003062189,0,0,0,0.150799995753914,32.8759998083115,20.363511235955,27.7069662921347,370.760280898876,93.2321067415729,565.882219101123
"50kmE650N165",0.211189826950431,0.236177950864658,0.028212383040227,0.483640842139721,0.0951160327531397,0,0,0,0,0,98.9456653594971,20.2373873873875,26.2773367117111,434.227984234234,108.50990990991,459.728885135133
"50kmE655N165",0,0,0,0,0,0,0,0,0,0,0,20.3467296306734,26.2110374964745,614.80059204962,107.74570059205,450.851198195663
"50kmE640N170",0,0,0,0,0,0,0,0,0,0,100,20.033468079175,26.5726651798154,683.087426819068,102.378979648732,493.423445776419
"50kmE645N170",1.07615853921743,14.2161100287922,2.78146302152891,7.23540983453859,0.121576327364892,0,0,0,0,0,74.5692849159241,19.9871540396979,26.5318283477773,539.003410679342,103.845177523064,494.12261671792
"50kmE650N170",0.101521634496748,6.10673411283643,1.50263896211982,3.7764859982417,0.13476849271683,0,0,0,0,0,88.3778512477875,20.1905208625039,26.434990198823,521.110837300476,105.740100812097,474.908345001399
"50kmE650N175",0.0192491541383788,1.16200729971752,0.55245072580874,1.46421901881695,0.196983020578045,0,0,0,0,0,96.6050922870636,20.1380746726114,26.5347311228766,674.815018110893,104.905015324602,486.725884647528
"50kmE350N195",1.54748235072475,16.305492981337,0.0901353938388638,4.71265793312341,0.721557522774675,0.190233113244176,0,0.914637045934796,0,0,75.5178021499888,17.3423841926198,24.1992802931169,571.60803454593,43.4186600366397,504.56684114106
"50kmE345N200",0.543199999083299,32.3592000990175,43.5139991343021,22.7635994553567,0.642399996286258,0,0,0,0,0.177600001916289,0,13.664787815673,21.9177167404322,561.943920853944,31.1278312939339,607.665113251757
"50kmE350N200",1.94320007794886,47.6360003231092,16.8563994579017,23.5295997932553,0.862400000914931,0.0636000011581928,0,0.162400002591312,0.737999984994531,0.0216000000364147,8.18679973017425,15.6074102964118,23.122412896516,556.846099843994,38.9355694227769,563.652106084244
"50kmE355N200",4.88119920773898,10.5741046951152,3.00183508661576,4.20914661081042,0.166344939498231,0,0,0,0,0.0171587904333137,77.1502137184143,16.8589587120233,23.7278239418326,581.71228252402,43.4209036613867,507.52916125682
"50kmE360N200",1.35294623250957,0.740954939101356,0.0851941877044737,0.0640910409856588,0.132090074475855,0,0,0,0,0,97.6247251033783,17.0083484809144,23.6273045962082,581.388860036355,41.5603739288496,480.758400415477
"50kmE420N200",0.211498391581699,2.98279519774951,0.516946567222476,7.60770800989122,1.26765451859683,0,0,0,0,0.0262703251792118,87.3871266841888,16.7809597523216,22.8870485036113,598.424484004127,54.5429566563468,447.554824561404
"50kmE425N200",1.73346541123465,6.23539567459374,0.4152697394602,13.3931896474678,1.95655125862686,0,0,0.0478343310533091,0,0.000423312667408027,76.2178677628981,16.9247466874515,23.4010522213564,547.161392569499,52.1701740711874,476.54936347103
"50kmE345N205",0.597999997989972,64.8204006487504,12.9739993368276,18.229600507766,0.174000006518327,0.211200001649559,0,0,0.196400005370378,2.7963999658823,0,16.2499741267789,25.025213454075,359.288978007762,33.4465976714098,651.017723156536
"50kmE350N205",0.845600012689828,57.6411999878473,17.58479969576,22.3900002194569,0.244800002838019,0.0815999985206872,0,0,0.28800000436604,0.923999957740307,0,15.5730511099639,24.1409654104284,430.745818275685,38.2885389778007,641.719643779038
"50kmE355N205",2.41400001395959,59.4840003876015,24.8811991885304,12.8071996732615,0.354800000786782,0,0,0,0,0.0587999995332211,0,14.110505937016,22.383169850284,518.824548270522,37.6026329375321,618.425761486836
"50kmE360N205",10.382399919763,32.1451999712735,34.6216010395438,19.4400001404574,0.795599995763041,0,0,0,0.0448000006144866,0.0300000014249235,2.54040006548166,14.3301546391752,21.9291494845359,595.252912371134,33.5050515463917,572.791237113402
"50kmE365N205",22.2659928906069,11.9377010996686,24.0409261547029,2.65976434020559,0.204066728474572,0.011359579366399,0,0.161062611732632,0.0993963214568794,0,38.6197298765182,15.4830929693537,22.4754699974238,640.094566057173,31.2475920679887,521.066443471541
"50kmE370N205",3.12157654116163,2.49313839885872,12.9804576514289,0.594866485334933,0.180815847124904,0,0,0,0,0,80.6291460990906,16.3429711637491,22.9129763130787,640.538439752831,37.2984552008238,480.706488156538
"50kmE420N205",2.41239991883049,9.23519990756176,31.1955995392054,17.6951999310404,4.53000004345085,0.0323999993270263,0,0,0,0.0831999990623444,34.8159998655319,14.8524839948781,21.7123815620996,976.377823303455,50.3209987195902,512.062740076825
"50kmE425N205",1.86467973398976,3.51507257437333,19.0408635884523,11.8918599211611,6.24073421931825,0.0426017766585574,0,0.181483563937945,0,0.0174667278770357,57.2052377508953,15.6276234567901,22.9036522633744,747.466460905349,49.4208333333334,539.778009259258
"50kmE350N210",2.75159998564049,76.7683993093669,8.77839978784323,10.4447997175157,0.0508000011905096,0,0,0,0,1.20599996298552,0,15.110723447922,24.4236531554643,420.171523858389,33.8294510005131,695.306926629043
"50kmE355N210",1.5363999766123,65.2439996832981,17.5491998088546,14.7475997218862,0.0407999992603436,0,0,0,0.0151999993249774,0.866799987852573,0,14.0493338457597,23.094581091468,524.420855751985,31.505585447092,678.53989239047
"50kmE360N210",2.13039995069266,35.9648010664387,42.3148014117033,19.4728000671603,0.0307999987853691,0,0,0,0,0.0864000001456589,0,12.5930071721311,20.9922131147541,666.922592213116,30.5530737704917,631.62174692623
"50kmE365N210",2.65640006400644,20.2343993325485,68.2224008487537,8.20640004239977,0.263600001198938,0,0,0,0.0268000003416091,0.389999989420176,0,11.9352610030706,19.7740532241556,878.826919140224,25.281857727738,587.696954964176
"50kmE370N210",5.83399997703964,31.1620003078132,57.0848006755114,3.26480004514451,0.00319999999192078,0.0123999998322688,0,0.0172000000020489,0.0148000006447546,0.081200001295656,2.52560004591942,14.6572945994369,22.2112234450986,801.321371896596,26.4396467878168,567.974276938831
"50kmE375N210",1.97620204853592,4.75204706308432,3.21074852254242,1.24846335675102,0.110755453351885,0,0,0.162364018615335,0.0376916461391374,0,88.5017275810242,16.055649284254,22.0915899795501,591.854933537831,42.2200664621676,438.84225460123
"50kmE420N210",0.549600023077801,2.92319994186982,28.0167993158102,33.9780006557703,18.9499998698011,0.0103999998827931,0.0123999998322688,0.0155999994603917,0,0.0452000007499009,15.4988005757332,12.0883596535914,19.3660723382578,1179.23308711156,49.185226693836,547.066225165563
"50kmE425N210",1.12720002871356,11.5651999600232,31.9707999005914,17.7259998396039,2.23920000862563,0.185600004624575,0,0.00960000033956021,0,0.112000002991408,35.0644013844431,14.6413527180781,21.8810745891276,847.217926675095,44.4859671302149,540.988470290772
"50kmE355N215",0.281200010795146,13.4832001582254,45.5408001318574,37.9695989191532,2.10919993696735,0,0,0,0.00240000008489005,0.613600015640259,0,9.52892057026477,18.1552698574338,837.329047861507,28.0758910386965,642.492107942975
"50kmE360N215",0.642399991920683,6.7428000169457,57.7603994635865,20.9747997112572,3.6676000119769,0,0,0,0,0.340400007553399,0,7.1961205800051,15.619931315187,886.944288984992,25.3985245484609,628.892317476467
"50kmE365N215",1.81999998894753,9.71680018119514,54.39000017941,24.4795999024063,9.41840000450611,0.0172000000020489,0,0,0,0.158000004012138,0,7.28079857578841,15.1413784333672,1008.78156154629,21.9742370295015,589.602136317394
"50kmE370N215",4.61520006865612,27.5739997508936,51.2256003916264,14.3800001591444,1.26279997639358,0,0,0.110400002449751,0,0.218000006861985,0.61399998376146,13.1726051697922,20.9141155600608,875.784110491639,25.0562595032945,582.284744044602
"50kmE375N215",1.49064149300102,3.87470710847992,0.441908738866914,10.7910060163704,0.167050045274663,0,0,0.368257286027074,0,0,82.8664302825928,15.7101522842632,21.9758375634521,630.043477157361,41.3223604060914,464.176979695433
"50kmE420N215",0.809790511266328,4.17093299911357,2.33677313663065,20.259898621589,5.18906987272203,0,0,0,0,0.0311629119096324,67.2023713588715,16.0255319148931,22.8325734549139,697.012765957445,49.3061550151976,509.276215805471
"50kmE425N215",2.05680000872235,5.77719998545945,8.29319971380756,21.4536007028073,6.08160008196136,0.0136000002385117,0,0.147200003266335,0,0.0423999998020008,56.1344013083726,15.6213527180787,22.3776864728195,670.12027812895,46.5230847029077,501.829709228825
"50kmE345N220",0.572399998054607,8.30279993460862,45.3684013336897,28.8120009005069,16.6919999988749,0,0,0,0,0.252399989403784,0,7.34837810440953,15.6846933603649,1408.00010136848,26.5336796756209,612.148023314752
"50kmE350N220",0.53240000270307,4.82360013993457,37.0319992303848,31.4339997712523,25.91399991652,0,0,0,0.0284000008832663,0.235600001178682,0,5.42903388973192,13.6872281234193,1356.38239757207,20.5141881638847,614.318841679316
"50kmE355N220",0.615999982255744,5.24119980982505,41.9404001906515,36.3163996487856,15.5840001330944,0,0,0,0,0.301999994553626,0,5.23782520838594,13.1050896691083,1340.64485981308,17.3372568830513,592.600378883556
"50kmE360N220",1.18999996702769,9.25400005799019,43.2387992739678,24.7928006574512,14.9747997522354,0,0,0,0.0216000000364147,0.211200001649559,0,6.75310684516293,14.479906542056,1260.46557211417,15.613235665572,585.571028037383
"50kmE365N220",1.38760004483629,18.3296001399867,54.3811991810799,21.0120003670454,4.46719992905855,0.0288000010186806,0,0,0,0.393600016832352,0,9.35126198889452,16.7297829379101,989.233291267034,18.6233215547703,558.171580010097
"50kmE370N220",5.26079988485435,34.1803998104297,21.722000464797,34.6735992934555,0.818000014987774,0.0427999999374151,0,0.648000004002825,0,0.141599995549768,2.51279997755773,13.9181382441978,21.6443995963673,753.910797174573,32.9778254288597,578.329490413725
"50kmE375N220",1.01907170901541,1.36175247607753,0.111834748531692,1.2672610944719,0.560369851882569,0,0,1.94066176190972,0,0,93.7390483915806,15.5965104560347,22.1484126984124,587.60007558579,42.5331821617534,490.991509196272
"50kmE390N220",0.993200841185171,0,0.398933188989758,0.827917811693624,0.594267694395967,0,0,0,0,0,97.1856832504272,15.6900905432597,21.7300553319927,541.735035211268,50.0702716297786,453.699195171019
"50kmE395N220",8.52640899829566,4.72441968304337,11.3868959248066,6.81159119121731,1.01345935836434,0,0,0,0,0,67.5372242927551,15.4640809655519,21.8822353532809,640.116696002013,48.3928589388987,480.602791048529
"50kmE400N220",4.54050865955651,8.27772709599231,11.3588726148009,11.0604391069501,0.71127965929918,0,0,0.287232165283058,0,0.0328036752762273,63.7311390542891,16.0717916456962,23.2192752893808,736.279793658782,48.8454202315047,533.434927025666
"50kmE405N220",0.288841896690428,0.143931381171569,0.155680879834108,0,0,0,0,0,0,0,99.4115471839905,16.4507533902551,22.6125313912614,702.710924158714,55.1434957307886,452.611074836767
"50kmE425N220",0.149663514457643,0.228107842849567,0.62807067297399,3.54496104409918,0.633231468964368,0,0,0,0,0,94.8159635066986,16.623706680061,22.9124058262171,573.719387242591,49.679984932195,460.845705675544
"50kmE335N225",3.23800003243378,27.9731993621681,50.7979993708432,17.2884004190564,0.154800001473632,0,0,0,0.0844000023789704,0.463199988007545,0,11.2620403022671,17.9401259445844,1435.77493702771,30.2073803526449,512.296171284632
"50kmE340N225",0.484800022240961,14.7192000411451,54.2939990758896,26.2752004375216,4.19720020145178,0,0,0,0,0.0296000012895092,0,9.82847432024171,16.6884944612286,1745.05093152064,26.8414904330313,519.486555891239
"50kmE345N225",3.20959997916362,30.8671999751823,36.0911991447211,19.5431996602565,10.0820003077388,0,0.0303999986499548,0,0,0.176400004420429,0,9.60584024114543,16.569341873901,1599.54853051997,19.9798040693292,526.185531273549
"50kmE350N225",5.02280019936734,46.2431995198131,33.3156008273363,12.1099998708814,2.89040002971887,0.102800002787262,0,0,0,0.315200001932681,0,10.7451280763436,17.8136363636364,1265.4538171773,17.8182822702159,536.72114515319
"50kmE355N225",3.27680008485913,65.1599988341331,30.2455987781286,0.75199999846518,0.0920000020414591,0,0,0,0,0.473600020632148,0,12.4134880803012,19.5585570890841,1013.71666248432,16.7524968632371,547.820326223336
"50kmE360N225",4.51439995376859,78.1164004176389,15.7771998085081,0.944400019943714,0,0,0,0,0.0844000023789704,0.563200004398823,0,13.0220411233701,20.3185305917753,903.155341023067,17.5287863590773,557.743129388171
"50kmE365N225",3.43560003384482,71.144398645265,21.8767995014786,3.18360008532182,0,0,0,0,0,0.359599990770221,0,12.8674011016525,20.2677516274412,897.040610916374,20.228818227341,560.567901852778
"50kmE370N225",4.2447998537682,43.7599995406344,35.8544006943703,15.7747998833657,0.16959999629762,0,0,0.0148000006447546,0,0.151199998799711,0.0303999986499548,13.0613670505758,20.7266149223836,935.20190285428,32.0597145718578,573.118878317476
"50kmE375N225",7.4659999118012,53.2124013348948,9.85039994120597,7.78199967462569,0.340799990226515,1.0215999558568,0,0.63999998383224,0.0660000019706786,0.251200003549457,19.3696005269885,14.7334417208605,22.0199349674836,713.228314157074,39.3732116058031,544.654352176089
"50kmE380N225",6.5627448115265,12.7794671687297,1.97146175196394,6.8508080788888,0.410901438590372,0.108997011557221,0,2.7716382406652,0,0.0138408897328191,68.5301423072815,15.1944027985999,21.7159670164927,648.422088955523,42.3179660169914,492.13863068466
"50kmE385N225",0.993952697172062,22.4392223681206,0.467551447218284,1.63886524387636,0.602703029289842,3.00012174993753,0,12.7927271649241,1.04996142908931,0.730549125000834,56.2843471765518,15.4290249999992,22.2672750000005,589.208400000002,46.00295,518.222349999997
"50kmE390N225",17.9635997395962,20.8480003086152,7.05880005843937,20.108399540186,1.72760004061274,0.274799996986985,0,1.77800001110882,0.343600008636713,0.485600018873811,29.4116005301475,15.1622066899657,23.2723914128808,601.836869695457,43.5423614578134,608.800923614579
"50kmE395N225",11.3812001553015,23.3792004641145,46.1839996278286,15.8704000226862,2.91839996352792,0.0207999997655861,0,0,0,0.24600001052022,0,13.294741443917,21.5611416437672,738.188783412443,39.3800899325505,620.781264051958
"50kmE400N225",6.63160000985954,21.4012001641095,47.6507991552353,22.4892007187009,1.61160003044642,0,0,0,0,0.127999996766448,0.0875999976415187,13.462546769768,21.6658393614368,908.688550760788,38.9656522823646,615.144499875279
"50kmE405N225",16.1565364978742,5.22243629675359,20.3047558665276,13.1262099021114,1.59750294551486,0,0,0,0.0408691499615088,0.164678634610027,43.3870106935501,14.9457865868855,22.1549613562705,914.392994265769,48.8473198703565,542.961306407377
"50kmE410N225",3.8336607045494,0.282453239196912,1.46041157422587,1.81155235040933,0.0526390111190267,0,0,0,0,0,92.5592839717865,16.383449825263,22.8034198701946,738.547329006492,55.0630554168751,474.811507738394
"50kmE335N230",7.997200020327,13.8224000111222,28.8476005196571,12.0063999667764,0.335600005928427,0,0,0.346800006809644,0.0872000004164875,0.0967999978456646,36.4599994849413,13.8437953465098,19.3282336752564,1871.04726044533,26.5135101325994,419.438353765323
"50kmE340N230",2.7887999509403,65.773199639807,23.9868007600308,6.28880015574396,0.103599997237325,0.240399991162121,0,0,0.509600015357137,0.308799999766052,0,13.8630869130869,20.1245004995005,1378.76106393606,24.5008491508492,488.561913086915
"50kmE345N230",6.16120006525307,74.3876011692919,18.8087994232774,0.170400005299598,0.0731999985873699,0,0,0,0,0.398800009861588,0,13.6021967049425,20.4008736894658,1136.35351972042,19.7317523714428,527.099625561657
"50kmE350N230",1.81680008463445,83.4844017401337,14.2059992533177,0.0899999984540045,0,0,0,0,0,0.402799993753433,0,13.3810551259666,20.5385757046646,886.543028186578,16.3351708655526,549.496981790969
"50kmE355N230",1.59959996963153,92.2996000928833,5.41999984998256,0.620000017806888,0,0,0,0,0,0.0607999972999096,0,13.3930136986301,20.803599003736,734.850684931505,14.6111332503113,567.026749688665
"50kmE360N230",19.6564003330422,70.058398146648,8.67599961347878,0.546000007307156,0,0,0,0,0.562800001353025,0.500399991869926,0,13.5508461921354,21.0952961672474,696.942483822798,16.85537580886,574.464509706323
"50kmE365N230",6.51720011082943,84.77600205224,7.63119992334395,0.589999977091793,0,0,0,0,0.368799990974367,0.11680000461638,0,13.2013298533432,20.7347874720358,890.705219985086,17.8271687795177,571.375316927661
"50kmE370N230",0.868800014723093,48.9068009657785,46.2935991585255,3.18840001855278,0.300400005653501,0,0,0,0,0.442000012844801,0,10.8819413373105,18.3498260004971,1390.04998757146,25.6128759632115,559.039821029083
"50kmE375N230",1.86120001308154,27.7191997854971,41.7103987187147,26.7332000657916,1.63879991741851,0,0,0,0,0.337200006470084,0,11.3198956780924,19.1002483854943,1192.92295081967,36.8224788872331,576.31120218579
"50kmE380N230",7.19960013957461,30.4783998173662,34.6768010407687,27.0892003551125,0.555999996140599,0,0,0,0,0,0,13.566253101737,21.8374193548388,1083.38662531018,42.4224317617865,611.539627791563
"50kmE385N230",10.8580004132818,57.1655992884188,20.1576000079512,10.2060002391227,0.145999999949708,0.11680000461638,0,0,1.15120001137257,0.198800000362098,0,14.8585338625652,23.5901885388243,770.887472091293,41.256908955594,646.550731828334
"50kmE390N230",10.6795997897279,54.2976003140211,23.318799957633,9.5043997745961,1.41519996659554,0.0387999985832721,0,0,0.599600002169609,0.146000005770475,0,14.0394723804805,22.8579762199654,792.064701511023,38.8848897696308,657.227941540747
"50kmE395N230",3.06799999816576,36.6536008310505,45.5547995865345,12.305599974934,2.21800006693229,0,0,0,0.0144000005093403,0.185600004624575,0,11.4160475482913,19.9529222387321,871.126622090143,32.578504210005,642.229767211491
"50kmE400N230",1.12239998634323,17.558000102872,43.6971999704838,27.8627999708988,8.62560020759701,0.0352000002749264,0,0,0.0364000006811693,1.06239998713136,0,9.22400346620451,17.6871626640257,1092.73793018074,26.9176776429809,644.950160930921
"50kmE405N230",0.954399979673326,3.85920002809144,52.7199983596802,27.4216000456363,15.0263999938034,0,0,0,0.00199999994947575,0.0163999997312203,0,7.66416893732972,15.9991454050037,1210.01892494426,32.8423086450335,636.816794649492
"50kmE410N230",1.96159999613883,6.99719991680467,46.1123995482922,28.9588006213308,13.7392002274283,0,0,0,0,0.0584000023081899,2.17240005731583,8.43255813953492,16.3869619000494,1188.65895596239,35.3434190994556,607.593245917863
"50kmE340N235",6.03639990731608,16.7288003489375,34.9240005016327,27.2064001997933,0.54199998266995,0.14519999967888,0,0.432799989357591,0,0.502800010144711,13.4816005825996,14.2996150980881,20.509721877328,1228.34521976658,26.9745716414204,477.707325552519
"50kmE345N235",3.31000008736737,33.5540011408739,26.5144009143114,36.1363989533856,0,0,0,0,0,0.485200015828013,0,13.9070084200098,21.0225111441312,982.118028727092,18.7412085190688,547.38972263497
"50kmE350N235",1.45999999440392,54.2227994417772,33.4199998527766,10.6951996684074,0,0.0103999998827931,0,0,0,0.191600003745407,0,13.5682718494678,20.9787942560041,818.183510769992,14.8799702896756,565.275588016837
"50kmE355N235",3.83800008130493,88.9811963774264,6.09839987591841,0.186800002120436,0,0,0,0,0.585599988698959,0.310000008903444,0,13.5053907022749,21.0750989119684,754.117260138475,13.4185954500492,578.954179030662
"50kmE360N235",5.52919983965694,79.8359978478401,12.5351997558028,1.24320001632441,0,0,0,0,0.649600010365248,0.206799991428852,0,13.3883189122373,21.0176143386894,768.069443757728,13.8900618046973,580.326254635354
"50kmE365N235",1.64719999302179,64.4207987119444,30.9743997175247,2.89600000251085,0,0,0,0,0,0.0615999975707382,0,12.4562931885488,20.0265054294176,930.617744323792,15.6535784797631,571.284476801582
"50kmE370N235",2.35320007486735,73.938800022006,21.110400557518,1.84400002472103,0,0,0,0,0,0.75360001064837,0,10.6574722564735,18.2231935881628,1141.43837237978,17.8202466091245,565.078051787916
"50kmE375N235",1.56840003910475,38.2587996660732,36.9624003767967,22.3227999173105,0.886000040918589,0,0,0,0.00159999999596039,0,0,9.61942800788959,17.3614644970415,1117.05498027614,23.690557199211,577.609393491126
"50kmE380N235",2.20840001420584,7.57919978059362,63.8596013188362,25.1660001580603,1.09919998794794,0,0,0,0,0.0875999976415187,0,10.0400787789266,17.997513540128,1490.51499261448,38.5023387493845,589.250344657803
"50kmE385N235",5.10879998037126,33.4907989541534,43.2143993675709,17.0695999637246,0.00999999974737875,0,0,0,0.826799962669611,0.279600010253489,0,13.7539389463318,22.4085918266863,1074.65999507632,39.8365583456425,641.873289020186
"50kmE390N235",4.10360004680115,46.926399297081,37.9303999245167,9.3956000637263,1.44200001377612,0.0127999999676831,0,0,0.185999996028841,0.00319999999192078,0,12.4976377952756,21.1699803149607,1003.55954724409,32.8587106299212,649.178592519687
"50kmE395N235",0.807600027474109,23.0127999966498,46.8291997909547,23.7352002412081,5.56159992702305,0,0,0,0,0.0536000006832182,0,9.1156419085096,17.5787014264633,1012.03922774225,29.7974422036399,647.216453516969
"50kmE400N235",1.66119997593342,19.6112000383437,38.5211996734142,23.5700003802776,15.4451998299919,0,0,0,0,1.19120003655553,0,6.47094395280235,15.444714847591,1223.62568829892,25.6133480825959,696.451081612588
"50kmE405N235",0.418799997714813,3.11199997522635,24.7828006744385,25.2180004492402,46.4179989940021,0,0,0,0,0.0503999995999038,0,2.0449115044248,11.1036135693215,1320.15012291052,26.0896263520157,691.087463126843
"50kmE340N240",3.0623716644186,4.31473718490451,23.5870954580605,18.6192847322672,0.721009960398078,0.183588627260178,0,0.452501510153525,0,3.75547930598259,45.3039318323135,14.4046617466176,20.3903444034438,1037.17052890529,30.5217466174662,457.792890528907
"50kmE345N240",2.09439997051959,12.767200358212,47.1968002617359,37.7252008765936,0,0.0452000007499009,0,0,0,0.17119999974966,0,13.7581446850394,20.8289370078735,963.764517716535,20.3162893700787,541.553371062991
"50kmE350N240",4.09160005510785,56.2144002877176,33.7015993893147,5.03680018518935,0,0,0,0,0.722000002861023,0.233600009232759,0,13.5259764185703,20.9058585114226,848.673716531565,15.0756079587325,562.828592483417
"50kmE355N240",3.02439992155996,85.2172004058957,10.8740002615377,0.243600006069755,0,0,0,0,0.42200000025332,0.218799989670515,0,13.3191552062869,20.8199901768173,850.763064833004,13.2034626719057,572.245260314337
"50kmE360N240",2.74719993467443,44.1983999684454,46.40879961662,6.059999903664,0,0,0,0,0.585599988698959,0,0,12.7831208629566,20.2717455258641,896.967467516548,12.470262319196,568.638293699435
"50kmE365N240",1.46879995663767,50.0371990725398,36.635599238798,11.3912003944279,0,0,0,0,0.450399983674288,0.0167999998666346,0,12.034044117647,19.5428676470588,1069.32889705882,14.534681372549,567.387475490197
"50kmE370N240",1.97399997705361,60.0439997346257,35.08279947564,2.4312000721693,0,0,0,0,0.0684000027831644,0.399600015953183,0,10.7420910871694,18.3306562193928,1366.30587659158,17.2803379040156,568.892678746327
"50kmE375N240",0.811599985172506,45.8464000374079,31.8727992475033,20.6351993605494,0,0,0.264000007882714,0,0.192399998195469,0.37760001141578,0,8.09518337408314,15.7199755501223,1169.11004889976,19.1388264058679,568.444718826406
"50kmE380N240",0.740799991035601,38.1935996934772,44.3867988884449,16.1831997334957,0.022000000171829,0,0,0,0,0.473600020632148,0,7.52140063554144,15.2645441212418,1166.81698851137,27.1779271571743,578.612710828648
"50kmE385N240",2.87999995707651,26.1047994019463,50.7511988282203,19.9524006806314,0.211600004695356,0,0,0,0,0.100000004749745,0,9.97689958465676,18.049584656731,1353.34952357684,36.805741509895,602.199462496949
"50kmE390N240",6.20479984281701,45.1800007838756,41.0131990909576,5.54479993879795,0.752400017518084,0,0,0,1.21799996122718,0.0867999973706901,0,11.8420146520146,20.3676068376069,1152.27250305251,30.0283272283272,643.607423687424
"50kmE395N240",1.37040002373396,21.4548002230003,54.0652006864548,13.5268000653014,8.93119997926988,0,0,0,0.0296000012895092,0.621999986469746,0,7.31926079531592,15.786399121737,1352.5941205172,18.5398145889241,650.140351305195
"50kmE400N240",0.688800004718359,6.46920008584857,17.7423998713493,25.1464003697037,49.7980004292913,0,0,0,0.0615999975707382,0.0936000025831163,0,1.4830324469383,10.8294584044889,1670.42690900219,19.4718223957063,717.303952183458
"50kmE405N240",1.18759997712914,3.60799990594387,37.6728009432554,24.2055997252465,33.2972001750023,0.0288000010186806,0,0,0,0,0,2.22357386640664,11.6597025841053,1109.90958069235,25.4691126279863,723.037786445634
"50kmE340N245",5.18410189833958,0.402100232895463,17.1588082797825,4.25314738531597,1.01545732468367,0.407322309911251,0,5.75235947035253,0,0.861168652772903,64.9655342102051,14.2612224938871,19.9823960880196,955.013887530562,34.8386063569681,435.807139364305
"50kmE345N245",19.0392003947636,24.2440000467468,35.4079991579056,18.081999476999,0,0.321600004099309,0,0.112799997441471,1.92360002547503,0.607600016519427,0.261200009845197,13.6701317715963,20.6072230356269,900.682552464616,23.0128355295266,531.71224987799
"50kmE350N245",5.69400016611325,68.8087993301451,23.4996000304819,0.203599993255921,0,0.0127999999676831,0,0,1.37999998405576,0.401199981570244,0,13.4636972946621,20.7190470387518,849.365829880575,17.6298074579576,554.031513526687
"50kmE355N245",5.35480014659697,50.6427996326238,42.2540005296469,1.13719997461885,0,0,0,0,0.555999996140599,0.0552000012248755,0,13.0621713729311,20.4570593963001,883.524148003895,14.8543086660176,562.316139240502
"50kmE360N245",2.78120007642429,45.9432014962658,49.1363994777203,1.52000001398846,0,0,0,0,0.543999997898936,0.0752000021748245,0,12.6570124178232,20.1236303871439,940.227781835891,13.4180910640369,565.879912344775
"50kmE365N245",4.02039990440244,47.7159987669438,44.5192009210586,2.73720005061477,0,0,0,0,0.741600012406707,0.265599996782839,0,11.6717063684978,19.1670393777346,1323.26067087992,14.5062955760817,564.611570247931
"50kmE370N245",2.24159993667855,55.518801137805,31.0276001691818,10.3824000805616,0.0383999999030493,0.0607999972999096,0.0203999996301718,0,0.368400011211634,0.341599993407726,0,9.25975965040059,16.6331026948289,1640.90971109493,14.7367564942948,553.282908472932
"50kmE375N245",1.29160001379205,55.520000308752,25.7784001529217,16.9383998960256,0.0108000000182074,0.141599995549768,0.151600001845509,0,0,0.167599995620549,0,7.98706310679613,15.5857281553398,1100.30529126214,17.5698543689321,568.914344660193
"50kmE380N245",2.80760004316107,53.2656002789735,42.0908004045487,1.80079998681321,0,0.015999999595806,0,0,0,0.0192000006791204,0,9.12357437515165,16.9544406697403,905.68398446979,22.7254792526086,585.977578257705
"50kmE385N245",5.69839993695496,43.5160000211909,48.051599599421,2.36719995737076,0.00960000033956021,0,0,0,0,0.357199995778501,0,9.11743452958295,17.0045101842871,1011.64219204656,26.7295101842872,592.464888457807
"50kmE390N245",7.73680004640482,63.8356007635593,26.53280030936,0.903199991444126,0,0,0,0,0.913599971681833,0.0780000002123415,0,11.796619820693,20.2692391567725,1004.86522897989,26.9077538163315,642.729270656653
"50kmE395N245",10.2868002169998,42.0452004298567,43.3156006038189,2.14999999152497,1.37240003386978,0.100799999199808,0,0,0.54199998266995,0.187200005166233,0,9.69891041162224,18.2326634382567,1471.93491525424,14.275593220339,656.444527845035
"50kmE400N245",3.58960006269627,12.6291998836678,38.5459989309311,24.4740001857281,20.2852005138993,0,0,0,0.209599989466369,0.266400002874434,0,4.33438634713146,13.3252602275478,1631.92081820383,10.9887194383926,698.282352941177
"50kmE405N245",1.44120003242279,3.00399991683662,17.8331999108195,26.9139998592437,50.2943996340036,0,0,0,0,0.513199996203184,0,-0.222562303411538,9.24634647955481,1536.61589644326,15.7228163561578,724.412823614806
"50kmE340N250",0.45612643007189,0,5.86640467518009,2.96011250466108,0.695626437664032,0.616914359852672,0,0.567803392186761,0,2.78317853808403,86.0538363456726,14.0331395348843,19.6336967054261,926.145809108527,37.5414001937985,426.349394379841
"50kmE345N250",3.16919993565535,46.9244004067149,23.6552000045776,10.3071997466031,0.0604000000748783,1.3952000066638,0,1.67319993488491,0.0996000017039478,0.707599986344576,12.0080003136536,13.585037557548,20.4215531863341,884.737799854618,25.7258541313302,524.075623939907
"50kmE350N250",2.71999997203238,67.2916010022163,26.6119994223118,3.31680016824975,0,0,0,0,0,0.0595999998040497,0,12.968500604595,20.0997702539303,869.797557436517,20.1012817412334,543.743603385735
"50kmE355N250",2.06639995012665,57.8215994290076,38.5744007304311,1.44840004504658,0,0,0.0243999995291233,0,0,0.0647999986540526,0,12.5391414752117,19.8168440145103,955.926892382103,16.7016686819831,550.887690447403
"50kmE360N250",1.93479993758956,62.103999525425,34.9040001630783,0.953999979537911,0,0,0,0,0,0.103199994191527,0,11.7511597004107,19.0823991302247,1098.77385841991,14.7864701618748,552.183498429576
"50kmE365N250",1.7715999536449,56.340798549354,38.4340003132821,3.09959994337988,0,0.022000000171829,0.126799999270588,0,0,0.205200002528727,0,10.4880940892642,17.7941495778046,1460.10702050663,14.1481061519904,549.275295536789
"50kmE370N250",1.72039996468811,44.3012009840458,48.6740000545979,4.41479994915426,0,0.0228000004426576,0.104799994733185,0,0.0307999987853691,0.731199979782104,0,9.25351807228919,16.6057831325301,1384.72195180723,11.2323614457831,552.538120481926
"50kmE375N250",8.09039995074272,54.0836010593921,23.85280020535,13.5052002035081,0.0255999999353662,0.0136000002385117,0.114399997983128,0,0.0136000002385117,0.300800008699298,0,8.82163855421688,16.3613493975903,1143.08477108434,15.5370120481928,567.041180722891
"50kmE380N250",1.97600007959409,44.7088001295925,49.660399928689,3.60840009525418,0,0,0,0,0.0103999998827931,0.036000000545755,0,9.12270758122746,16.8988567990373,1091.53906137184,18.5896750902527,586.031119133579
"50kmE385N250",8.43719960394082,70.9491999121384,18.8427999615669,0.62440000474453,0,0,0,0,0.57760002091527,0.568800000473857,0,10.623015873016,18.7858104858104,899.724843674843,23.0387205387206,617.211471861472
"50kmE390N250",26.6988001407299,56.4404010772705,13.8543993933126,0.991199992131443,0,0.180800002999604,0,0,1.02239996194839,0.812000036239624,0,11.9242486174561,20.3939047848039,902.055181534023,22.6444578023564,643.377831209424
"50kmE395N250",8.2207998377271,48.6876001465134,36.9679994881153,1.72480003675446,0.148399994213833,0.802399963140488,0,0,1.47040002048016,1.97759997099638,0,11.1736791546589,19.7323727185399,1270.40840537944,15.1659221902018,657.902785782903
"50kmE400N250",9.26319987629541,27.5968005676986,47.6559996604919,8.84360007476062,4.86159995198249,0.183199997991323,0,0,0.234799995087087,1.360800024122,0,7.88530964954394,16.6018722995679,1593.75650504081,11.4116898703792,680.436845895343
"50kmE405N250",2.78759997527232,6.42040012462531,23.2223998755217,26.3259999454021,40.999199450016,0.022000000171829,0,0,0,0.222399993799627,0,0.891230177799161,10.2797453147525,2127.04034118213,10.6385631907737,731.145506967803
"50kmE410N250",1.66879997850629,9.03920019554789,22.2852000966668,17.9508000612258,48.8263994455338,0,0,0,0.00319999999192078,0.226400000974536,0,0.433421305182363,9.97224088291748,1429.75772552783,17.460292706334,735.312643953939
"50kmE415N250",3.90200014226139,5.65599986803136,46.2295990437269,21.7816002666951,21.5067993849516,0,0,0,0.103199994191527,0.820800010114908,0,5.3375299760192,14.4147482014388,1734.0275059952,35.1422541966427,700.57052757794
"50kmE420N250",24.0279996185564,20.6063995185105,43.1240012403578,2.54680002108216,0.296400004299357,0.0563999987207353,0.1304000033997,0,0.224000005982816,8.98760035634041,0,11.9425365970723,20.9647348212143,1640.65824334053,32.9599232061433,691.638636909046
"50kmE340N255",0.275850715115667,0.390975424670614,0.783445987326559,0.376024155411869,0.503109861165285,0.0201841990929097,0,1.19086779886856,0,0,96.4595437049866,13.7185439229841,19.1764741275569,823.861107099878,34.732587244284,415.368471720818
"50kmE345N255",7.12040003054426,59.644400369143,12.8963999450207,0.159200001507997,0.272800005041063,0.299199996516109,0,8.02799984812736,0.293600000441074,0.102399999741465,11.183599755168,13.2380134518379,20.0200696613018,860.607206341581,27.2732404515974,518.443045880377
"50kmE350N255",5.00959989076364,83.5148006561212,11.1759999825154,0.230400008149445,0,0.0243999995291233,0,0,0,0.0448000006144866,0,12.7280499519693,19.7675552353506,880.351176753122,22.6373198847262,536.743059558121
"50kmE355N255",6.57439982023789,70.6572007649811,21.9112005550415,0.539600005140528,0,0.015999999595806,0,0,0.110800005495548,0.190799997653812,0,12.2669142309535,19.4476521322473,941.989338763779,19.1205318639196,543.463368471491
"50kmE360N255",6.57119993848027,69.0744006307795,23.1476001441479,0.560399988899007,0,0,0,0,0.412000017240644,0.23439999204129,0,11.4877394636015,18.7563218390804,1085.7117816092,16.0195162835248,546.449113984673
"50kmE365N255",2.27320009071263,50.7012006826699,43.5131996870041,2.58119999489282,0,0,0.0311999989207834,0,0.0228000004426576,0.877199973911047,0,10.5024413595022,17.7482527525132,1249.34171852561,13.6781713738631,544.795069411205
"50kmE370N255",1.14880004548468,71.2960002012552,26.3319998979569,0.915600021107821,0,0.0172000000020489,0,0,0,0.29039999935776,0,9.99864864864862,17.3527744558719,1022.03857928726,11.8443195407797,552.641760344418
"50kmE375N255",4.07160005415789,72.7915996976663,22.3447993397713,0.530400010757148,0,0,0,0,0,0.26159998960793,0,10.194120458891,17.7595841300191,875.204612810705,20.011448374761,569.872084130018
"50kmE380N255",4.20280013859155,64.3327999860048,30.4956004023551,0.601199991069734,0,0,0,0,0.245200004428625,0.122400000691414,0,10.5946062052507,18.4184009546539,993.838066825775,18.1221718377088,590.192744630074
"50kmE385N255",5.02799994428642,71.3656004052609,22.2155995666981,0.650000007590279,0,0,0,0,0.595200015231967,0.145600002724677,0,10.781791080372,18.8762580491295,959.253589315524,16.7905556880515,611.45270689244
"50kmE390N255",8.3419999020407,74.4716019835323,12.5099999830127,0.329999998211861,0,0,0,0,0.659599993377924,3.68679985404015,0,11.7930582061066,20.1205868320609,1001.41564885496,15.906965648855,633.679914122141
"50kmE395N255",6.33759990887484,38.4383993441588,50.2876006066799,3.64199997857213,0.0132000001030974,0.0728000013623387,0,0,0.535599980503321,0.672800000756979,0,10.329094159714,18.5162932061978,1591.50719904648,13.6973778307508,625.260405244337
"50kmE400N255",13.3948003174737,38.3019993547351,33.5363999009132,4.47080018930137,0.714799981506075,0.271199992857873,0,0,0.258000008761883,9.05200019478798,0,9.41358436606289,17.7413250714967,1468.69873689227,11.7803145853193,643.83484270734
"50kmE405N255",6.59319996993872,14.0087996609509,40.4655996710061,19.1679997369647,10.3095998812932,0.0847999996040016,0,0,0.0311999989207834,9.33879986405373,0,5.5989523809524,14.4503095238095,1777.31885714286,12.0074285714287,692.9975
"50kmE410N255",4.17119995399844,11.7547998670489,21.1224002065137,27.4336010217667,35.1503994577797,0.0348000001395121,0,0,0,0.332799996249378,0,0.765996191383027,10.3001309212092,1474.18440847417,13.9236134253748,752.588074268033
"50kmE415N255",2.23840003163787,5.0412000506185,26.7251994460821,22.2368003800512,43.4811989311129,0,0,0,0,0.277199991978705,0,0.547761371755204,9.95040485829961,1832.01719457013,22.5417242200524,727.79902357704
"50kmE420N255",3.54520006148959,3.90080013312399,52.8224006295204,19.6323996409774,17.5015995861031,0.0503999995999038,0,0,0,2.54720002412796,0,5.00581450653983,13.9864090368609,2243.92256837098,33.5940071343638,695.845398335314
"50kmE425N255",2.04359995113918,5.90640000300482,36.8751993402839,22.8372003883123,29.9523997018696,0.0411999993957579,0,0,0.161200005095452,2.18279995024204,0,3.52960353475044,12.561010269883,1847.555242417,35.8347743014091,711.515548125151
"50kmE430N255",1.97520004439866,7.92640007566662,34.2631999403239,17.2159999608994,38.0111992119054,0,0,0,0.0331999995978549,0.574799999594688,0,1.28528297418899,10.8017167890125,1427.9443286763,33.8335780251006,763.704854368933
"50kmE340N260",2.19812395807821,4.24522010507644,1.07260642107576,0.105822281329893,0.236815889365971,0.108904484659433,0,5.79762263223528,0,0.015924712351989,86.2189590930939,13.4298710601718,18.7505730659031,745.938085004775,30.2529608404968,407.042645654251
"50kmE345N260",6.47520002676174,67.7319985057693,2.52920006751082,0.209200006793253,0.134399998933077,0.156799994874746,0,6.94439997896552,0.0847999996040016,0.0691999972332269,15.66480051697,12.9489283162657,19.5324243867591,805.837723267446,26.8101214574899,504.440462014766
"50kmE350N260",6.15560010774061,85.3748003020882,7.45799962896854,0.984799955040216,0,0,0,0,0,0.0268000003416091,0,12.3332539304433,19.3189852310625,905.572558361123,23.4813482610768,530.185159599808
"50kmE355N260",3.37079995370004,83.6583998228888,12.6635996624827,0.245200004428625,0,0,0,0,0.0039999998989515,0.0579999992623925,0,12.0049869078795,19.1808497976673,854.57169721495,20.1761723399191,543.113687217324
"50kmE360N260",1.49480001418851,86.1568000167607,10.8811998739839,0.929199962411076,0,0,0,0,0.364000000990927,0.173999997787178,0,11.9582025677603,19.3025677603423,869.283571088919,16.1721588207322,552.288183547312
"50kmE365N260",1.87359993724385,82.805199176073,14.7355996770785,0.236799998674542,0,0,0,0,0.0300000014249235,0.318800006061792,0,11.3892594350819,18.7520650367909,957.864182292904,13.2645383337289,553.642440066461
"50kmE370N260",2.0544000013615,88.3200006792322,9.34359999373556,0.140800001099706,0,0,0,0,0,0.141200004145503,0,11.1185022549252,18.6255518632803,879.610776169001,12.6201993828626,564.143104676003
"50kmE375N260",3.08400003013957,80.9959966194584,14.5691997371614,0.952799955848605,0,0,0,0,0.0888000009581447,0.309200002811849,0,11.2776197249882,18.9913703176861,831.33781412992,16.2165481270745,581.962897107633
"50kmE380N260",3.35239999913029,79.5347983039392,15.0216002948582,0.92720003449358,0,0.0103999998827931,0,0,0.899599958211184,0.254000001586974,0,11.5400307838029,19.5307482832109,846.216646933462,15.9627989580867,602.14425763675
"50kmE385N260",4.8439999576658,77.5028016418218,16.6424002498388,0.277600006666035,0,0,0,0,0.293199997395277,0.439999997615814,0,11.2607218934912,19.3932899408283,944.933065088758,13.5033136094675,614.069491124261
"50kmE390N260",5.92719999403926,69.4464007392525,23.12279981561,0.709600004483945,0,0.0136000002385117,0,0,0.631200009956956,0.149199995212257,0,11.7152153336491,20.0132986275434,940.366800757218,15.098935163275,630.057240889731
"50kmE395N260",4.75679983064765,60.8904003063799,31.9924004375934,1.38480004388839,0,0.0907999987248331,0,0,0,0.884800031781197,0,11.2684975194898,19.4385896527283,1432.56602882117,13.0058351051265,623.770163004961
"50kmE400N260",3.72400007781835,35.400799830677,52.9887989163399,4.5391999236017,0,1.49959996342659,0.297600007615983,0,0,1.54999997466803,0,8.10994331601323,15.8971658006613,1744.81832782239,10.2157534246576,598.755810108644
"50kmE405N260",9.23479986595339,54.569600281684,23.0532007291913,2.82119998009875,0.101600005291402,0.245600007474422,0,0,0,9.97399985790253,0,9.35193716040622,17.4718757382471,1352.7204346799,12.614079848807,625.702386014646
"50kmE410N260",5.99040002780384,40.0948002934456,27.357199601829,20.7560002803802,3.98400000703986,0.0628000008873641,0,0,0,1.75480004400015,0,6.09931539187912,14.6427053824363,1590.33666194523,22.7504957507082,663.59579792257
"50kmE415N260",1.74919998753467,15.3172003570945,26.5968005172908,25.4119999706745,28.5880006849766,0.011600000289036,0,0,0,2.32519991695881,0,2.41739027843323,11.0004955167532,2033.68376592733,19.8045304388863,663.702619159982
"50kmE420N260",1.05000001785811,6.27640009915922,15.9316001459956,34.3531997874379,41.3156008144142,0.00999999974737875,0,0,0,1.06319999322295,0,0.454322153991529,9.36299008030228,2308.67791686348,21.1617855455833,695.324964572511
"50kmE425N260",2.14799998357193,13.4220002175425,29.6367994509637,35.3036008775234,19.2980004707351,0.014000000373926,0,0,0.0151999993249774,0.162400002591312,0,1.77306421152031,10.7313031161473,1644.3738904627,28.2771246458923,709.53963644948
"50kmE430N260",0.98879999059136,5.44719999888912,15.2140007005073,33.2700002938509,44.4839992560446,0.135200005024672,0,0,0,0.46080001629889,0,-1.11769629804289,8.07709266682388,1461.91242631455,32.4683800990333,732.015633105401
"50kmE435N260",0.94879999742261,8.4684000350535,22.8355995961465,16.9820001348853,50.2372002280026,0.036000000545755,0,0,0,0.49200002104044,0,-0.720443814919718,8.63656751652502,1147.69761567517,38.387134088763,741.51347969783
"50kmE335N265",0.241431966423988,0.0311782991047949,0.042370508890599,0.522036652546376,0,0,0,0.131908187177032,0,0,99.0310728549957,13.4527033436096,18.3570192079667,784.579630068769,32.1938344794878,370.091202276496
"50kmE340N265",6.76966798637295,47.778333799215,2.47403287794441,0.375848067051265,0.192927336320281,0.0532351376023144,0,1.66349789360538,0,0.153301178943366,40.5391550855711,12.8654556213017,18.6087218934909,838.809112426035,31.0594082840237,441.61685207101
"50kmE345N265",6.13320018564992,87.6028018945362,5.8452001074329,0.0951999973040074,0,0,0,0,0,0.323599996045232,0,12.2112254554057,18.9065649396735,879.6,27.8362905133665,508.195576058674
"50kmE350N265",3.92599995611817,89.9760005995631,5.79519991297275,0.0964000020758249,0,0,0,0,0,0.206399988383055,0,11.6316075650119,18.5872813238768,878.302269503546,23.3497163120567,525.282836879435
"50kmE355N265",6.90319998539052,76.0587987024337,16.3132004439831,0.629200018011033,0,0.0251999997999519,0,0,0.0216000000364147,0.0487999990582466,0,11.9276650943396,19.1304716981133,745.766155660377,18.8407547169811,544.094528301887
"50kmE360N265",2.69079992503975,75.5432000987638,19.47200037539,0.652000005356968,0,0.0528000004123896,0,0,0.547599978744984,1.04160001501441,0,12.0171617161718,19.4270391324849,753.04893917963,16.5737152286657,557.966289486086
"50kmE365N265",3.09160002507269,74.1055990700261,19.7196007706225,0.8220000192523,0,0.171600002795458,0,0,0,2.08960007876158,0,11.862246820537,19.3967734338199,806.117593028734,14.7316533207725,568.220678285435
"50kmE370N265",4.5796000136761,78.3931990154088,15.8988003851845,0.862400024197995,0,0.0148000006447546,0,0,0,0.251200003549457,0,11.6980366799908,19.3283682106743,815.16616505996,12.7069127674583,576.014695509053
"50kmE375N265",3.52079999429407,78.4076015406754,16.2440004991368,0.904799997806549,0.0108000000182074,0.0407999992603436,0,0,0.619200011715293,0.252000009641051,0,11.5254641598122,19.3018683901291,832.813960047005,12.3384723854289,586.631445358403
"50kmE380N265",2.54719992226456,61.0796003136784,34.7531997598708,0.994400042691268,0.0103999998827931,0,0,0,0.401999987661839,0.213199993595481,0,11.2869483568076,19.142558685446,964.428239436618,11.7233568075118,593.95730046948
"50kmE385N265",1.61240001616534,56.5556010231375,40.803200006485,0.569199977326207,0,0,0,0,0,0.459600007161498,0,10.2168623767027,18.1109206200095,1111.94307186473,13.6735556599342,597.584053546267
"50kmE390N265",5.51359998935368,61.6020005305473,30.3844004403799,1.7991999629885,0,0.00880000006873161,0,0,0.268799997866154,0.423200009390712,0,10.7944314185229,18.968264947245,866.589425556859,13.8579835873388,620.820093786638
"50kmE395N265",6.59559990745038,57.5719989836216,33.0336011247709,1.23680003744085,0,0.0251999997999519,0,0,0.953999999910593,0.582800013944507,0,11.5911819887429,19.8985928705443,1013.57879924953,14.5528611632271,633.403095684806
"50kmE400N265",6.85360008646967,48.2127999945078,42.2799989581109,2.02200002968311,0,0.250800000503659,0.0260000000707805,0,0.253599998541176,0.101200002245605,0,10.1248241912799,18.1183544303797,1479.14681200188,10.3186826066573,611.931036099386
"50kmE405N265",4.25079998094589,51.9052008399739,37.7944000065326,1.37439999598428,0,0.252799992449582,0.0728000013623387,0,0.0387999985832721,4.31080013513565,0,8.13903724525651,16.0587842586086,1499.35008198641,9.92923401264943,608.485078472708
"50kmE410N265",10.8760000483016,49.5908007840626,36.67679913342,0.463999982457608,0,0.103599997237325,0,0,0.411600014194846,1.87720004469156,0,8.94489580894406,17.1345001170685,1317.99028330602,13.6718567080309,629.024795129946
"50kmE415N265",12.6732002609061,52.3879990796558,30.1547998562455,1.61680001765489,0.0872000004164875,0.0523999973665923,0,0,0.117199996020645,2.91039999574423,0,9.13140079643941,17.3073670648864,1404.24734129773,19.8185992035605,630.230639494027
"50kmE420N265",12.2632001934108,37.6511991875304,30.5540008470416,6.94479998201132,2.84359997604042,0.765600008890033,0,0,0,8.97760018706322,0,7.94274853801172,16.2687368421053,1821.64233918129,24.2088187134503,647.205988304092
"50kmE425N265",7.8255996973894,30.0716001387627,35.9356001019478,18.960799369961,5.63639995816629,0.251200003549457,0,0,0.279600010253489,1.03919999673963,0,5.77978524743232,14.2929738562092,1799.12885154062,25.115639589169,673.703221288516
"50kmE430N265",3.97039993986255,5.79919982119464,32.2756007313728,40.1512011070735,17.3171999107581,0.251600006595254,0.0707999977748841,0,0,0.164000003132969,0,2.23471636193156,10.9257383966245,2030.3758790436,26.7951945616503,687.794608532584
"50kmE470N265",9.96240021486301,34.8724007606506,53.2175995409489,1.67760002659634,0,0,0,0,0.0823999987915158,0.187599996570498,0,8.07888993194084,17.3524642102794,939.100093874676,46.2272705937574,738.311264961276
"50kmE335N270",1.46241154143353,1.10579596366733,0.41461359069217,0.492743047652766,0.11791322613135,0,0,3.92085437197238,0,0,92.4856662750244,13.0083764705885,17.9860705882352,751.070423529412,32.0039764705882,382.270800000003
"50kmE340N270",10.0988002450322,72.5359993055463,2.86319996230304,0.14840000658296,0.0612000003457069,3.10399997979403,0,3.63840000936761,0.29279999434948,0.963199976831675,6.29400014877319,12.4338383838383,18.5908268733851,833.308362696735,28.827460653042,472.641954428001
"50kmE345N270",9.87480017502094,86.7388001643121,2.80400009360164,0.0536000006832182,0,0.191999995149672,0,0,0.237599993124604,0.0991999986581504,0,11.8706896551726,18.5082453671123,851.638705137228,26.0098053014309,502.170654468691
"50kmE350N270",4.31840002565878,87.6944008748978,7.48199997469783,0.188799999887124,0.0288000010186806,0.0103999998827931,0,0,0.0568000017665327,0.220400001853704,0,11.7661554671038,18.6827792086162,740.6436431749,21.2662374151253,522.167244205103
"50kmE355N270",5.49920001067221,64.7172017954289,26.8739998340606,1.46400001831353,0.187999999616295,0,0,0,1.10680004581809,0.150799995753914,0,12.0192649812737,19.1593164794004,677.353487827716,17.0532303370787,539.222261235956
"50kmE360N270",9.91679997387109,68.4672009432688,19.539999961853,0.653199991211295,0.0612000003457069,0,0,0,1.09799997881055,0.263600004836917,0,11.873305282842,19.2003506311363,714.901893408134,16.5206638616178,553.207012622727
"50kmE365N270",3.55640006091562,66.4983988739551,28.8559995591641,0.313600010122172,0,0.014000000373926,0,0,0.33239999320358,0.429200008511543,0,11.7917600373482,19.3187908496733,732.060760971056,14.9790616246498,566.704785247431
"50kmE370N270",3.11199999123346,42.0196005725302,52.446798607707,1.21800003107637,0,0.0348000001395121,0,0,0,1.16879995912313,0,11.6347770254493,19.2317417697877,813.006000466961,12.3783329441979,574.023301424238
"50kmE375N270",2.55479997722432,77.9132006573491,18.5044004349038,0.160400003369432,0.0912000017706305,0,0,0,0.640399986878037,0.135599996428937,0,11.1115850815849,18.7415850815851,852.243193473194,11.1601165501164,576.742400932404
"50kmE380N270",1.67639997816877,63.0007994564949,34.3183988705278,0.880400041933171,0,0,0,0,0,0.124000001233071,0,10.955290142158,18.6519109764623,874.581239804243,10.4601258447914,582.952248893031
"50kmE385N270",1.99640007922426,61.7175999883329,34.884000942111,1.10920004663057,0,0,0,0,0,0.29279999434948,0,10.505260707635,18.2453212290503,970.025232774673,10.2762337057727,588.024278398508
"50kmE390N270",3.54719994502375,57.8652006188349,38.0020009353757,0.527199998032302,0,0,0,0,0,0.0584000023081899,0,10.0320530726257,17.8914804469274,929.599208566106,11.6866387337058,597.451955307262
"50kmE395N270",3.56600006634835,63.30640015658,31.7679999396205,0.652399985119701,0,0.0203999996301718,0,0,0.306800007820129,0.380000006407499,0,10.8310930232557,19.0391627906976,945.347953488374,14.0631627906976,625.744930232561
"50kmE400N270",3.74680001696106,54.6060008404311,39.5512002520263,1.68319995282218,0,0.031999999191612,0,0,0.0555999984499067,0.325200008228421,0,10.8645479897746,19.0576923076922,1129.27543574251,12.8976295607715,624.756193353474
"50kmE405N270",10.0196003055316,39.7092000814154,48.6703991889953,0.613600015640259,0,0.0628000008873641,0.014000000373926,0,0.0747999991290271,0.835600029677153,0,10.0331901555607,18.2559670304157,1466.76751799396,14.9959832830276,628.90552588809
"50kmE410N270",16.1855997343082,47.4040009081363,35.1319995708763,0.389600005291868,0,0.0584000023081899,0,0,0.56520001962781,0.265199993737042,0,10.0420539033456,18.4700046468401,1131.50464684015,14.5287407063197,644.317588289961
"50kmE415N270",9.47079996403772,38.7772013666109,49.9767996370792,0.799600011669099,0,0,0,0,0.721599999815226,0.254000001586974,0,8.79514856081707,17.0412720519964,1458.3984911792,12.7636490250697,635.793895078925
"50kmE420N270",13.136000308441,51.1755989398807,32.9280003905297,0.129200002993457,0,0.221999990753829,0.0372000009519979,0,0.34719998948276,2.02479995787144,0,9.50015084706431,17.9645277326526,1044.28876769552,17.6145277326527,653.707565560457
"50kmE425N270",11.545199934335,49.9047996476292,18.4308003634215,0.0752000021748245,0,0.63999998383224,0.0468000012915581,0,0.115200004074723,19.242000579834,0,9.56327454165717,18.2171617544676,1193.15312137386,24.7262938036667,675.185449060106
"50kmE430N270",5.90120012639091,54.2120010068174,31.9291990250349,6.53440004680306,0.279200001386925,0.292399991303682,0.198800000362098,0,0.0207999997655861,0.632000016048551,0,7.42915210808293,15.8275448404379,1739.45923596552,21.3619613324015,655.684928954109
"50kmE330N275",0.548836150119314,2.52910197596066,0.0402736899559386,1.29689851310104,0.057411432499066,0,0,0.110538420267403,0,0.0111395311250817,95.4057991504669,12.9729726571632,17.5200397289092,740.89333956532,30.4418789436787,343.481210563219
"50kmE335N275",5.64817826525541,23.0732301686658,2.19773626886308,0.174442568095401,0.0756184512283653,2.1285193040967,0,4.82837813906371,0.133232504595071,0.150436710100621,61.5902252859087,12.560893398647,17.8982155353393,786.060951714486,30.3893398647072,412.297084208072
"50kmE340N275",8.63960021451931,76.4463981555309,7.00080003589391,0.396400003228337,0.0268000003416091,3.70879992842674,0,0.888800021493808,0.43440000154078,0.243199989199638,2.21480000764132,12.0555219012112,18.2450372786577,841.290004659831,28.3211323392358,473.939282385836
"50kmE345N275",5.92199991224334,85.6659992132336,6.29160013049841,0.193999995826743,0.137199996970594,0.552400015294552,0.0384000013582408,0,0.841999985277653,0.356399989686906,0,11.8094368163834,18.3510006981613,792.097160809868,24.6047242262043,497.341912962531
"50kmE350N275",8.60799995425622,83.106801006943,6.56720008701086,0.242800009436905,0.17119999974966,0.0544000009540468,0,0,1.06319999322295,0.186399999074638,0,11.87333255868,18.7188124564255,706.209690913317,19.4257262375087,517.089193585868
"50kmE355N275",3.84639994736062,68.9540003593721,26.222800090909,0.652399985119701,0,0,0,0,0,0.324400002136827,0,11.7759517177344,18.7834958217268,733.890436397401,17.5129758588669,529.490134633233
"50kmE360N275",3.16239998792298,79.0132025023922,17.2260005492717,0.338400006148731,0,0,0,0,0,0.260000000707805,0,11.4393345699052,18.621412010202,721.095316485047,15.59700904243,542.231880361698
"50kmE365N275",5.43759989959653,70.9132014773786,22.2480004653335,0.556400016648695,0,0.149599998258054,0,0,0.549199990928173,0.146000005770475,0,11.4737500000003,18.8700231481481,693.785277777777,14.687962962963,558.064999999998
"50kmE370N275",8.81720000688802,41.8928015045821,46.6823995113372,1.22040004353039,0.0323999993270263,0,0,0,0.863199960440397,0.491600017994642,0,11.4932638888891,18.988055555556,761.30726851852,13.0269675925926,567.132939814813
"50kmE375N275",4.83360005309805,65.5472015438135,27.866399101913,0.83560001803562,0.0108000000182074,0.0272000004770234,0,0,0.370800006203353,0.508400006219745,0,11.3012133117632,18.8796972498266,762.862676219088,10.8245666743701,573.608389184193
"50kmE380N275",4.57199999073055,66.3263990310952,28.0299987643957,0.494799995794892,0,0.0123999998322688,0,0,0.181599997449666,0.382800004445016,0,11.0067767259294,18.6826483491111,802.206257215425,10.4598937889633,579.981713230197
"50kmE385N275",2.09199992823415,63.1143985316157,34.2707987874746,0.409999996190891,0,0,0,0,0,0.112799997441471,0,10.8796860572484,18.6110572483842,828.088388734994,11.3971837488458,586.641228070176
"50kmE390N275",1.84640005099936,46.8939989339561,50.0931993126869,1.02879998157732,0,0.0207999997655861,0,0,0,0.11680000461638,0,10.453967704729,18.2404267589389,941.823575547866,11.8116032295273,591.909019607845
"50kmE395N275",3.3479999154224,62.0235990209039,33.9483996853232,0.461199996061623,0,0,0,0,0,0.218799989670515,0,9.9769310583353,17.919633387134,992.703158865576,13.3937744985015,603.148512796864
"50kmE400N275",3.56999994983198,55.8328002225608,39.4800012931227,0.982800032943487,0.0163999997312203,0,0,0,0,0.11800000211224,0,10.138231229848,18.2772915707046,1069.79504836481,13.6845462920313,619.54730538922
"50kmE405N275",6.57240002183244,29.2292005149647,61.4515990018844,2.37440001219511,0.0388000000384636,0.0163999997312203,0,0,0,0.317199993878603,0,8.67089861751154,16.6656221198157,1629.9597235023,17.5971889400922,611.557511520734
"50kmE410N275",9.22159987967461,48.488000780344,39.3836006522179,1.6403999645263,0.0395999988541007,0.0407999992603436,0.0232000005780719,0,0.851999968290329,0.310799991711974,0,9.93179516685816,18.4021749136937,999.307295742232,18.5263291139241,647.126582278484
"50kmE415N275",6.54559981921921,35.4803997091949,57.278398424387,0.601999997161328,0,0,0,0,0,0.0936000025831163,0,8.45745513115507,16.7210078232858,1424.36721122871,14.6005982512655,637.85577542568
"50kmE420N275",9.54520027444233,47.7827993570827,41.1771990358829,1.3636000076076,0,0,0.0936000025831163,0,0,0.0376000010874122,0,7.7605457057334,16.04364494589,977.968547087267,17.5970297029703,639.874303476859
"50kmE325N280",2.52072283183224,6.75574783235789,0.884430570295081,0.273273733910173,0.123475701548159,0.114861119072884,0,1.04236463084817,0,0.0282366905594245,88.2568865083158,12.766453933627,17.1872940357397,888.600603388258,30.4131817126945,331.756788117888
"50kmE330N280",7.32000001735287,37.299999408424,12.5827999785542,1.68199995532632,0.210399995557964,0.179600005503744,0,2.50640001613647,0,0.0419999996665865,38.1767990533262,12.2283696155628,17.1649143121817,917.947869383975,29.9193839740617,377.26093098657
"50kmE335N280",6.87840003956808,72.1380012109876,16.0891998559236,0.616799988347339,0,0.0307999987853691,0,2.37279997672886,0,0.188400002662092,1.68560004676692,11.6149849571859,17.3479402915992,909.822541078455,27.8008794260587,439.57759777829
"50kmE340N280",5.05199999897741,77.1079977537738,15.6115997582674,1.56879995483905,0,0.168800004757941,0,0,0.0255999999353662,0.465200003236532,0,11.536087358447,17.6450080887449,849.999815114399,25.3507973191588,466.965333949616
"50kmE345N280",8.17639991873875,85.2916019590339,6.07320000417531,0.0508000026457012,0,0,0,0,0,0.40799998678267,0,11.4602859778598,17.8226014760142,807.740728782288,22.1148985239853,484.77654520295
"50kmE350N280",5.22159994507092,89.3655995721928,5.23040000116453,0.0419999996665865,0,0,0,0,0,0.140399998053908,0,11.3287327188941,17.9820737327192,805.329677419356,20.691474654378,503.909354838708
"50kmE355N280",6.62279988755472,82.9767981544136,10.0872000679374,0.085200002649799,0,0,0,0,0,0.227999989874661,0,11.2614101679322,18.1552680009199,786.09164941339,19.2467218771566,519.852726017944
"50kmE360N280",3.45079993567197,81.3320001587272,14.8808000609279,0.19319999992149,0,0,0,0,0,0.143199996091425,0,11.0477936106642,18.0757412089174,738.93413008504,16.1966904159963,531.786416915656
"50kmE365N280",3.22359995043371,88.1976026110351,8.13399989856407,0.117599999066442,0,0.193599995691329,0,0,0,0.133600004483014,0,10.8779540229886,18.0963218390804,691.997839080459,14.9445747126436,544.492873563221
"50kmE370N280",3.94079998950474,89.8576011881233,5.91760007664561,0.209599991467257,0,0.0224000003072433,0,0,0,0.052000000141561,0,11.0884685923891,18.433012379642,681.499977074734,12.6302384227418,555.926983035306
"50kmE375N280",7.26240016956581,62.2688028990524,28.9556004106999,0.657999981194735,0,0.0691999972332269,0,0,0.275200000032783,0.5107999779284,0,11.2404423561768,18.7523607609445,712.812491404996,11.4550309420122,567.467614027044
"50kmE380N280",5.53000010550022,70.490400629933,21.0384002188221,0.509600015357137,0,0,0,0,0.560399983078241,1.87120009213686,0,11.063696747595,18.7069628950984,745.843701328449,11.5413650939076,577.223339441138
"50kmE385N280",6.30000015516998,76.7016023484757,15.1012006215752,0.987200031522662,0.00319999999192078,0.0600000028498471,0,0,0,0.846800021827221,0,10.9561527904851,18.6756404391581,741.767955169258,11.8010521500459,583.993481244284
"50kmE390N280",3.40999994295998,62.4192005954683,29.1572006419301,1.08279995911289,0.0119999996968545,0.24840000551194,0,0,0.0395999988541007,3.63080017268658,0,10.8417028571429,18.606274285714,872.416959999997,11.2341485714286,590.065462857142
"50kmE395N280",2.01240000533289,52.3572008125484,43.6243989504874,2.00599998934194,0,0,0,0,0,0,0,9.96008230452673,17.7489254686785,1058.02409693644,13.4779835390947,592.473571101967
"50kmE400N280",7.26800018237555,59.9983995947696,29.1511997580528,2.77400002814829,0.0384000006306451,0.0184000004082918,0,0,0.228399992920458,0.52319997921586,0,9.850548195523,17.8570123343993,957.065874828688,12.8343079031524,609.159936043857
"50kmE405N280",5.70680000491848,50.2556008286774,41.6087999939919,1.54559995862656,0.0136000002385117,0.0167999998666346,0,0,0,0.852799974381924,0,9.9907398949532,18.1959237268783,1046.15156428408,12.9514729390272,624.908289563828
"50kmE410N280",7.89040004528943,39.7344006225467,50.3864005208015,1.78479996975512,0.0103999998827931,0,0,0,0.0464000011561438,0.147200003266335,0,9.60015989036099,17.8156692553676,1051.01692553678,14.32679305619,629.507948835085
"50kmE415N280",12.4096000530699,37.236400321126,46.0639994591474,2.19319995230762,0,0.0103999998827931,0,0,1.06520000845194,1.02120004594326,0,9.7833409350059,18.1133523375139,1285.64843785633,14.555370581528,640.116510832382
"50kmE460N280",7.93760004744399,56.250400096178,33.7951993569732,0.275999994482846,0,0.0203999996301718,0,0,0.994400028139353,0.725999986752868,0,8.32353881278537,17.2423059360731,924.927420091324,22.8672602739726,701.964817351597
"50kmE465N280",3.69679994182661,44.7563987225294,50.1344011165202,0.892000001476845,0.0132000001030974,0.14519999967888,0,0,0.362000009045005,0,0,7.67665903890164,16.5599771167048,910.69194508009,31.1219221967963,699.2095194508
"50kmE320N285",0.6703446211759,4.26023916807026,0.381940545048565,1.64987914031371,0.04979950026609,0.00433039167546667,0,0.589799307635985,0,0,92.3936665058136,12.6282668817701,16.4892256280253,786.275386033646,28.4473841899056,285.777183682876
"50kmE325N285",6.64520009013358,71.7675991356373,7.34599996358156,2.04320005141198,0.254000001586974,0.185200001578778,0.0108000000182074,1.20560004725121,0,0.0311999989207834,10.5112003133399,11.7754085155351,16.4654660529344,1115.24483314154,30.449919447641,356.419401611048
"50kmE330N285",2.41240001269034,82.5132001191377,12.8668002784252,1.97479999624193,0,0.0423999998020008,0,0,0,0.190399994608015,0,10.8498161764707,16.2926700367647,1128.27860753676,29.213809742647,414.494852941175
"50kmE335N285",4.13759995426517,86.2964008003473,9.12960022687912,0.261199998203665,0,0,0,0,0,0.175199995283037,0,10.8262221712188,16.4586068395685,908.669451457424,23.6135184760156,429.887284829014
"50kmE340N285",5.22079999209381,85.033998452127,8.5780001245439,0.452800013590604,0,0,0,0.418400001944974,0,0.288400007411838,0.0075999996624887,11.3053366926248,17.0895327530921,784.785890975721,19.9456252863033,444.508268437926
"50kmE345N285",4.72520016337512,87.5323995947838,6.98999995365739,0.316799996653571,0,0.122400000691414,0,0.0236000007134862,0.0172000000020489,0.272400001995265,0,11.2883718271208,17.2812600045733,859.808804024697,20.2877887034071,459.910130345302
"50kmE350N285",3.0500000473694,91.4756007492543,5.01720011234283,0.305599995772354,0,0,0,0,0.0460000010207295,0.105600000824779,0,10.7425097054122,17.0758963233614,962.458689198446,22.1346654487327,482.275017127194
"50kmE355N285",3.2879999911529,80.9207998216152,15.280799753964,0.444399990374222,0,0.022000000171829,0,0,0,0.044000000343658,0,10.4524200913243,17.047899543379,833.559178082191,20.1087671232878,498.465342465751
"50kmE360N285",2.33359998092055,78.1903983093798,19.102799706161,0.277199991978705,0,0,0,0,0,0.095999997574836,0,10.3792938496584,17.1415945330298,781.926013667426,17.5197494305239,513.121002277906
"50kmE365N285",6.33439991943305,74.8612017370761,18.1543994694948,0.267599988728762,0,0,0,0,0,0.382400001399219,0,10.5802616609782,17.5895449374289,691.973833902163,14.5711945392492,528.976678043232
"50kmE370N285",18.8811992178671,51.5976010006853,28.6348011344671,0.476800009346334,0,0.0503999995999038,0,0,0.114800001028925,0.24439999833703,0,10.8236578707915,17.9777070063691,682.63814831665,12.3938580527752,541.399112829845
"50kmE375N285",49.9036005407107,31.2591987138148,16.7571996498737,0.638400021125562,0,0.241199997253716,0,0,0.654400000348687,0.546000013127923,0,11.1387627695802,18.476061293984,702.055550510783,12.1434506242908,557.158479001135
"50kmE380N285",5.43240015526862,78.1475985560973,15.746799561748,0.454400014132261,0,0.0127999999676831,0,0,0,0.206000008620322,0,10.7213604360663,18.1792300704067,743.234362934363,12.6560981149215,566.136929366338
"50kmE385N285",3.53199999808567,77.469201234635,16.6423997376114,1.26320002600551,0,0.865999981760979,0.0232000005780719,0,0,0.203999993391335,0,10.5997617426821,18.1907533469481,752.209961425005,10.8811209439528,575.887565237123
"50kmE390N285",4.12999996333383,80.506397975114,11.4012001780793,2.87679994944483,0.0311999989207834,0.0108000000182074,0,0,0.0112000001536217,1.03240003809333,0,10.6727210884353,18.3862811791385,839.460022675738,10.993492063492,585.567732426309
"50kmE395N285",2.96600005440269,55.9860001289052,39.8308007977903,0.962800048000645,0,0.0668000022415072,0,0,0,0.187599996570498,0,10.0208399366086,17.7524677382839,1038.98258999321,15.3510301109351,589.555059995474
"50kmE400N285",8.51799987140112,59.1696003306425,28.6132000386715,1.6375999635784,0.0436000002082437,0.120000005699694,0,0,0.535999983549118,1.36200003325939,0,10.0596467391306,18.0474184782611,865.316779891305,12.7210597826088,608.858310688407
"50kmE405N285",6.33159986973623,70.1379998587071,21.4232000522315,0.760799989802763,0,0.131199997849762,0,0,0,1.21520003303885,0,10.0684740774281,18.2824881141046,882.508716323295,13.0144215530904,623.511682137201
"50kmE410N285",8.4579999827838,52.865200676024,38.1683997809887,0.410400005057454,0,0.0136000002385117,0,0,0,0.0844000023789704,0,9.87179023508134,18.1290235081375,928.485058770344,13.741704339964,628.552056962027
"50kmE415N285",11.285200095881,41.4983986876905,44.0648004412652,1.28160002059303,0,0.0123999998322688,0,0,0.692400010302663,1.16520002484322,0,10.512449071978,19.0148936170216,935.712879130826,13.6468537799909,651.060411951116
"50kmE455N285",2.57519997976487,31.8155994638801,55.6511990725994,9.05800014734268,0,0.594000006094575,0.269200000911951,0,0,0.0368000008165836,0,6.56772696400272,15.3588748019018,1290.88322390763,17.8549694362685,692.044623047321
"50kmE460N285",3.55599994727526,45.8364003105089,42.8376004099846,4.71760015934706,0,0.350799993611872,0.389600009657443,0,0.0119999996968545,2.30000000447035,0,7.42133801222549,16.2436382159837,818.183155988228,31.5092370387141,693.844532488114
"50kmE465N285",4.55759991455125,46.0540009662509,45.3956009354442,0.871200021356344,0,0.613200012594461,0.0859999970998615,0,0,2.42240000516176,0,8.20326234707753,17.1466017217944,732.152718622564,37.2390122338017,703.270457634798
"50kmE470N285",3.74880011950154,62.9975992807885,32.3463993147016,0.59639997780323,0,0,0,0,0,0.310799991711974,0,8.36269553389256,17.5517002947177,652.916458852868,36.5820902289731,719.140512355475
"50kmE475N285",5.23959986021509,78.7767992122099,15.0871996767819,0.523599982261657,0,0,0,0,0,0.372799998149276,0,9.77846781504982,19.4245013599276,524.213145965549,41.1532864913871,753.963757932915
"50kmE480N285",6.80040015795384,69.2139973863959,19.9375998228788,1.74439999391324,0,0.150000001303852,0,0,0.203599990345538,1.95000004023314,0,10.2215323496026,19.9399659477867,555.252803632236,33.0463337116912,764.201225879686
"50kmE485N285",6.93279991101008,58.7815985549241,32.1347992867231,1.48440001066774,0,0.109599996358156,0,0,0.213199993595481,0.343600008636713,0,9.41202272727272,18.9184999999999,642.107977272727,26.7814545454546,750.495409090905
"50kmE320N290",2.05849623016548,12.0162652805448,0.360829503915739,1.28741394873942,0.0357614975655451,0.0277252082014456,0,1.43407631258015,0,0.0462086783954874,82.7332255692454,12.345977142857,16.140902857143,829.314537142856,29.0281600000001,276.816022857141
"50kmE325N290",8.64679994192557,56.9767998531461,5.20920013077557,3.43679990328383,0.139999995008111,0.0395999988541007,0.20000000949949,3.60240010195412,0,0.24679999332875,21.5015999041498,11.6393908281999,16.0705338809039,1117.68256901666,30.0334930412959,332.22064795802
"50kmE330N290",5.68239989861467,61.046401411295,10.21520011127,2.738400020462,0.0232000005780719,0,0,3.21520008001244,0,0.015999999595806,17.0632004737854,11.2048974943052,15.9111389521641,1121.87671981777,31.1516628701595,355.28886104784
"50kmE335N290",6.07461639738176,40.9454672597349,5.92130590230227,0.500465540244477,0.053778977598995,0.0365215440979227,0,4.89870276942384,0.103143265005201,0.0381268851924688,41.4278728654608,11.6070031832651,16.4787630741244,838.805206912231,26.2160072760345,365.440313778992
"50kmE340N290",3.57191627044813,18.3071727864444,0.851127579517197,0.503980314533692,0.104849052149802,0,0,2.66043446026742,0,0.0317190395435318,73.9687998546288,11.9291704442424,16.7847688123298,799.612624660017,26.1730281051677,363.054986400724
"50kmE345N290",3.51320002882858,42.4248007126152,1.26880004463601,0.340400007553399,0.244800001382828,0.0176000001374632,0,11.8811998516321,0.011600000289036,0.0119999996968545,40.2856001630425,11.6317336056272,16.9193896074426,900.485296119807,24.6203993646472,402.272634445203
"50kmE350N290",3.59920006158063,91.5416017174721,4.73280004225671,0.0844000023789704,0,0,0,0,0,0.0419999996665865,0,10.5757757644394,16.5547791619479,1093.75327293319,23.0901698754247,457.671325028313
"50kmE355N290",5.97280006259098,85.1615997191402,8.58679991215468,0.166400002126466,0,0.0348000001395121,0,0,0.0083999999333173,0.0691999972332269,0,10.8477627118643,17.1509265536722,794.656881355933,17.1609039548023,480.383276836164
"50kmE360N290",2.63880004858948,81.5599975874647,15.4704004526138,0.294000009307638,0,0,0,0,0,0.0368000008165836,0,10.4444394213381,16.9042495479204,804.896632007234,16.4913200723328,492.121157323689
"50kmE365N290",10.2971997228451,65.1128008321393,22.6116003468633,0.685199999134056,0,0,0,0,0.670799985527992,0.622399989515543,0,10.659255079007,17.3853724604965,733.302595936793,14.6322347629797,510.802911963884
"50kmE370N290",13.6572002767935,65.9292028052732,18.580799922347,0.463999988278374,0,0,0,0,0.96079995855689,0.40799998678267,0,10.735012395763,17.6499323867478,740.002366463828,13.9190894748704,525.612350687401
"50kmE375N290",20.9347994968994,51.4971991302446,25.4843999631703,0.649599998723716,0,0.304799992591143,0,0,0.435600010678172,0.693600019440055,0,10.819180549302,17.8898919405672,725.309950472759,12.3279603782079,539.385029266094
"50kmE380N290",6.17999999521998,62.2576002788264,30.1352007198147,0.619199988432229,0,0.0251999997999519,0,0,0.0348000001395121,0.748000014573336,0,10.6365016872891,17.8286051743531,752.042969628795,13.0929133858269,550.08735658043
"50kmE385N290",6.29440009943209,70.2551976733958,22.6128003094346,0.290400008088909,0,0.110800005495548,0,0,0,0.436400016769767,0,10.5525641025641,17.9233693207379,735.925686009896,11.2386189833559,562.577305443098
"50kmE390N290",2.56560009729583,76.6984011504974,13.7379999272526,6.7824000492692,0,0.135999999474734,0,0,0,0.0796000007539988,0,10.4484052111411,17.9765274034141,845.200651392631,10.6117699910153,574.124663072778
"50kmE395N290",2.76400002403534,59.8167999385623,35.600800998509,1.42000002088025,0,0.0176000001374632,0.0464000011561438,0,0,0.334400008432567,0,9.87475314183129,17.4943895870736,1021.78651256733,15.0820017953321,582.088464991026
"50kmE400N290",14.8583999514812,59.0251998975874,24.0883994381875,1.00839999504387,0,0.0407999992603436,0,0,0.298000010661781,0.680800015106797,0,9.65284945030298,17.4649876598608,929.398137760827,14.0553511330491,596.171438187122
"50kmE405N290",12.5608003218076,48.9612004719674,36.5919999778271,1.13800001272466,0,0.24600001052022,0,0,0.248800008557737,0.253199995495379,0,9.61271034328025,17.6371662553287,924.459883329592,13.14204621943,611.792775409469
"50kmE450N290",3.35560000967234,54.1780004277825,41.6255984455347,0.633999984711408,0,0.067999999737367,0,0,0,0.138799997512251,0,7.8789461883408,16.7877354260089,854.545067264574,20.1456053811659,698.181950672644
"50kmE455N290",2.78959990318981,64.1411996970418,31.6459987312555,0.84080002270639,0,0.0768000027164817,0,0,0,0.505599984899163,0,7.72141255605379,16.6087892376682,757.940627802691,30.4953139013453,694.545784753362
"50kmE460N290",3.9151998993475,64.5391991150973,28.9651995990426,0.865199996042065,0,0,0,0,0.148400000762194,1.566799916327,0,8.29799192281803,17.2139219205743,646.626363024454,39.3098721112856,696.944424500786
"50kmE465N290",4.36359985396848,63.6803990812041,29.645599576179,0.826400006189942,0,0.14280000468716,0.0880000006873161,0,0,1.25320004299283,0,7.94460916442052,16.8637915543576,708.414577717878,31.9994833782569,701.420687331537
"50kmE470N290",4.01519997612922,65.712397848256,28.8764013675973,1.13279998768121,0,0,0,0,0,0.26320000179112,0,7.53228815464147,16.5457069004271,701.867902899528,31.3420543942459,708.034389750504
"50kmE475N290",6.50840016896836,58.1192014506086,33.6787998676299,1.22640002518892,0.014000000373926,0,0,0,0,0.453200004994869,0,8.41923768832923,17.7847650101192,577.26575219249,35.5267371261524,734.624780751066
"50kmE480N290",9.83839981345227,59.5200028736144,28.2568000257015,2.24799994612112,0,0,0,0,0,0.136800005566329,0,9.1011591267162,18.5263673193788,581.327909070447,36.315395003376,741.345014629754
"50kmE485N290",8.96959976817015,55.4807995911688,33.1468008458614,1.84879991866183,0,0.031999999191612,0,0,0,0.522000016644597,0,9.01680171055595,18.3921336934503,685.356875984694,29.8922799909971,741.553409858202
"50kmE490N290",5.80639980980777,33.0075998906977,57.855598628521,2.75320000946522,0.0127999999676831,0,0,0,0.24600001052022,0.318400003015995,0,7.73504736129905,16.9172530446549,858.443910690121,23.0935272891294,730.181010374376
"50kmE345N295",2.00919994385913,46.0539997555316,2.2272000904195,1.16600004112115,0.413999985903502,0.426399987190962,0.304399989545345,3.47079983912408,0,0.0203999996301718,43.9075993897859,11.7268194070075,16.8840970350409,912.61868823001,29.0717654986523,390.452605570532
"50kmE350N295",2.66096945197206,58.0626247043256,1.61923158739228,0.0220877322135493,0.218467754893936,0.193167256657034,0,2.38507358590141,0.0497977947816253,0,34.7885817289352,11.5049270482605,17.0143995510667,899.878316498316,25.805925925926,418.567182940517
"50kmE355N295",5.28867674292997,24.0019829943776,0.827109938836657,0.117155618499965,0.114084125380032,0.193504220806062,0,2.12328110355883,0.0987266423180699,0.0223780400119722,67.2131020342931,11.5471979376824,17.2505379959651,842.82725846223,21.5591347231562,433.595965030262
"50kmE360N295",9.32560016226489,65.4779985547067,9.97439986094833,0.682800011418295,0.0163999997312203,0.0796000007539988,0,1.00279999896884,0.875599961727858,0.184799998532981,12.3799996450544,10.9145464725646,16.880817469205,915.107726763719,20.9972004479283,457.730727883537
"50kmE365N295",11.3716000007116,65.2351987198926,21.2852002587169,0.759600021410733,0,0,0,0,1.0219999589026,0.326399994082749,0,10.485926671138,16.9125978090766,913.262486027274,17.6673373574782,491.859624413144
"50kmE370N295",4.0491998908692,81.3199998810887,14.295999892056,0.17119999974966,0,0.0456000008853152,0,0,0,0.11800000211224,0,10.1706210902592,16.7740616621983,833.680227882036,15.6354334226988,504.956188561214
"50kmE375N295",6.04279999934079,83.9776002008875,9.24000031664036,0.0783999974373728,0,0.256399996578693,0,0,0,0.40480000898242,0,10.5007702612191,17.3146572895736,720.780486715784,13.3399419513284,521.633958472873
"50kmE380N295",9.11079996731132,70.7640004242421,18.7667993130163,0.429600011557341,0,0.105199997778982,0,0,0,0.82360003143549,0,10.6227252453165,17.6150535236398,739.385793933988,12.8787912578055,536.472479928634
"50kmE385N295",5.52200014062691,81.3392017167644,11.2092003691942,1.37840000679716,0,0.419199978932738,0,0,0,0.132000003941357,0,10.3406904231628,17.4903563474386,841.276035634744,11.4908017817372,549.422249443207
"50kmE390N295",4.74680015177001,60.3779991899501,33.419201336801,0.826000014785677,0,0.0483999989228323,0,0,0.282800011336803,0.298799993470311,0,9.67286795813854,16.9599087063015,1064.77321309285,14.9663771988421,558.362903584949
"50kmE395N295",4.97320011927513,43.3859995646344,50.1972004771233,1.26240001409314,0,0.0236000007134862,0.028000000747852,0,0,0.129599997308105,0,8.9416555407209,16.3152425456163,1183.70367156208,17.0081219403649,567.462817089453
"50kmE400N295",7.48639988596551,49.5087997318477,41.8527998030185,0.916399993002414,0,0.022000000171829,0,0,0.0167999998666346,0.196800008416176,0,8.67023121387282,16.2538461538461,993.442085371277,15.3303690529124,581.921876389507
"50kmE405N295",7.69479982918711,53.1232002133038,38.0220003426074,0.578000012319535,0,0.0296000012895092,0,0,0.514400005340576,0.0380000012228265,0,9.02903978661923,16.9142809513225,871.073594132029,11.0893531895977,603.0687486108
"50kmE445N295",5.06760021453374,45.8795981481672,45.9284000098706,2.36320002004504,0,0.0112000001536217,0.0415999995311722,0,0,0.708399992436171,0,7.49143523661404,16.2071428571429,887.288846922905,15.4366140857587,679.604998889135
"50kmE450N295",2.41360003710724,53.3959997119382,42.0120008289814,1.67079999810085,0,0.0387999985832721,0.0595999998040497,0,0,0.409199995920062,0,7.33558098200399,16.1199844479004,729.506065318818,22.44647856032,683.160008886913
"50kmE455N295",6.4640000986401,49.6724005788564,42.1275995671749,1.49760001804679,0,0.011600000289036,0,0,0.0188000005437061,0.208000000566244,0,8.13937541675934,17.0715381195822,581.385730162257,37.591242498333,695.124916648148
"50kmE460N295",9.16520009777741,51.5963990699674,37.6380003988743,0.660800002515316,0,0,0,0,0.159600004553795,0.779999978840351,0,8.49864263462396,17.4395861148197,597.867957276372,41.3890520694259,697.111214953271
"50kmE465N295",5.77040010684869,64.3696013255976,27.7528001461178,1.38959998294013,0,0,0,0,0.0247999996645376,0.69280001334846,0,8.3730529595016,17.2067423230975,663.921628838453,34.9225856697819,690.681886960392
"50kmE470N295",5.12919996326672,66.0403991118073,27.4436008185149,1.02999995579012,0,0,0,0,0,0.356799992732704,0,8.03535173642028,16.9224844167409,705.796037399822,33.6662511130899,698.252070347285
"50kmE475N295",5.32439988892293,63.1811986851972,30.680800951086,0.578799979120958,0,0,0,0,0,0.234799995087087,0,7.48467112597546,16.4644927536232,701.263232998886,29.6793534002229,706.292463768117
"50kmE480N295",7.94279968104092,61.2724014557898,29.3888002634048,1.0776000097394,0,0,0,0,0,0.318400003015995,0,8.24152920196165,17.6047481052164,650.050222915739,31.8492866696389,738.802184574232
"50kmE485N295",6.98719983774936,57.5707989744842,25.0552002340555,10.1336000487208,0,0.0103999998827931,0,0,0,0.242800009436905,0,8.16995976754579,17.3602369244524,730.87474295932,34.5558113544927,725.418573983013
"50kmE490N295",10.569599957671,43.0060008147848,43.7876008450985,2.05600002591382,0,0.015999999595806,0,0,0,0.564800016582012,0,7.65522554711926,16.6246761947298,954.973179991067,32.8682224207236,712.345958016972
"50kmE495N295",7.61479975990369,31.1464004218578,50.135599449277,10.6684002035763,0,0,0,0,0,0.434800004586577,0,6.43937835420395,15.4208184257603,1142.94751788909,30.5863148479427,715.030523255812
"50kmE345N300",2.64995651668868,20.3847008757294,1.51665768353268,0.897159996384289,0.162319280207157,0,0,0.73526018022676,0,0.0138411793159321,73.640102148056,11.5975055679289,16.2518262806236,867.396659242762,36.8661247216036,345.171403118041
"50kmE350N300",0.736827566288411,11.0020027961582,0.881154637318105,0.0966784078627825,0.122919690329581,0.116014084778726,0,1.46882124245167,0,0.0165734410984442,85.5590105056763,11.6345418149475,16.3437055160135,897.191814946621,39.6804048042705,346.763790035586
"50kmE360N300",1.92170856207668,13.8021983671933,2.07750617410056,0.093233231746126,0,0,0,0.597428716719151,0,0.0374159688362852,81.4705073833466,11.4205034375693,16.5870813927704,889.843224661788,27.9672876469284,385.929141716562
"50kmE365N300",3.88351250512642,33.7106988881715,3.70585868950002,0.0679525837767869,0,0.0333100906573236,0,0.938900373876095,0,0.141678913496435,57.5180888175964,11.1055678793257,16.8177240461403,921.954991126883,25.6164152617569,436.514352262645
"50kmE370N300",5.46160003796103,68.4144022874534,11.1635997425765,0.417199986986816,0.0415999995311722,0.989999994635582,0,3.35679994896055,0,0.743199978023767,9.4116001331713,10.6113545816733,16.8108012394866,867.335391766266,18.210823373174,478.988911022575
"50kmE375N300",6.79519990080735,84.6315974224126,7.08000016747974,0.134800001978874,0,0.734400004148483,0,0,0,0.624000001698732,0,10.3220061864782,16.8992266902342,819.646509058772,14.051436146708,505.507512152015
"50kmE380N300",11.1020000411372,84.5383972533454,2.91600001219194,0.156399999104906,0,0.758400000631809,0,0,0,0.528800021857023,0,10.3992926613616,17.1830901856767,776.354067197169,11.4269672855879,521.678160919544
"50kmE385N300",11.1884002399165,76.1184010625584,12.3503999784589,0.190799997653812,0,0.0836000021081418,0,0,0,0.0684000027831644,0,10.0382197220386,16.9481248621221,881.071696448268,11.3502757555703,531.378491065518
"50kmE390N300",12.3259999760194,52.1640002465574,34.5684003084898,0.335600000107661,0,0.0464000011561438,0,0,0.166399998124689,0.393200013786554,0,9.54205473405433,16.5758000441402,1013.5729640256,12.2077466342971,541.07717943059
"50kmE395N300",9.72360035520978,48.7691999660456,40.5195999890566,0.720400013960898,0,0,0,0,0.267200008966029,0,0,9.20410233789148,16.3562858403176,1037.39887516542,10.8095721217468,552.253749448608
"50kmE400N300",6.42119993426605,46.5632002800703,44.0320003777742,1.99800006084843,0,0.14639999717474,0.757599994540215,0,0,0.0815999985206872,0,8.17233972240578,15.4872989645296,1088.1322538004,11.2230667547918,564.657105089229
"50kmE405N300",3.75840013002744,49.4691994972527,44.9675984680652,1.67480000527576,0,0.0108000000182074,0.0044000000343658,0,0,0.114800001028925,0,7.86966094231614,15.3697930427125,999.669969176575,11.7847864376927,577.89495816821
"50kmE445N300",7.40879988152301,51.8944000825286,39.0924007631838,1.06720001203939,0,0.00960000033956021,0.0211999999010004,0,0,0.506399990990758,0,7.23692493946734,15.7428901606868,869.618578032138,17.4029275808938,663.562623816864
"50kmE450N300",5.70399990465376,29.9815995036624,49.567199125886,13.4508000686765,0,0.0108000000182074,0.571999978274107,0,0,0.713599985465407,0,6.41364236952212,15.0556155031931,886.014181898258,19.2690376569037,672.64005725611
"50kmE455N300",6.87639990428578,67.7935993502614,22.3464000970125,2.25959992967546,0,0,0.00599999984842725,0,0,0.718000018969178,0,8.38541070248841,17.4716251926888,580.031314688394,34.4608236071349,703.120083682012
"50kmE460N300",17.8928003326291,67.3440015874803,13.2499996572733,0.632000016048551,0,0,0.00999999974737875,0,0.691200001165271,0.179999996908009,0,9.13787745206085,18.2967709940489,551.377716552789,41.7900154286975,710.446153846155
"50kmE465N300",8.93640029098606,72.3448005970567,17.4068000167608,0.713200005702674,0,0.0144000005093403,0,0,0.237999996170402,0.34640000667423,0,9.32142228093366,18.4380228974019,622.077630999561,34.2541831792162,709.540312637595
"50kmE470N300",9.81480000591545,70.3079995233565,18.6580002307892,0.539200007915497,0,0.047999998787418,0,0,0,0.632000016048551,0,9.03305383936446,18.1340247131508,636.267409532217,28.6449249779347,711.172374227713
"50kmE475N300",5.91200007984298,56.865200039465,34.3819994479417,2.27400008589029,0,0.0568000017665327,0,0,0,0.510000018402934,0,7.48823918799651,16.4916372462489,862.778177405121,23.2795454545456,708.758561341572
"50kmE480N300",4.02159986551851,37.025200901553,53.7227999418974,5.19559992826544,0,0,0.0247999996645376,0,0,0.00999999974737875,0,6.28400353513038,15.1644940344675,906.966349977906,27.780578877596,697.633694211224
"50kmE485N300",6.15919985139044,70.462402200792,18.0424002930522,4.96079996228218,0.0119999996968545,0,0,0,0,0.363199994899333,0,8.20065251050654,17.3000331785004,690.730944481311,38.641384649414,719.60606060606
"50kmE490N300",20.8380001935438,52.0619998627808,23.0935998260975,1.69639997184277,0,0.085200002649799,0,0,0.218000006861985,2.00679991394281,0,9.05706220943098,18.2176333849904,747.300110692939,37.1410006641576,726.493048483509
"50kmE320N305",0.0894776072527748,0.969340745359659,0,0.555287511087954,0,0,0,0,0,0,98.3858942985535,12.0682769367769,16.1217052537849,969.895503116651,29.6587043633126,289.187243989315
"50kmE370N305",4.55033979960717,38.2596483046654,6.08241637819446,1.0542586678639,0.563559448346496,1.08968243002892,0.141292402986437,2.91038206778467,0,0.220593274571002,45.127827693068,10.8719442615759,16.71545973228,926.327145051572,26.9664691683125,447.731007241607
"50kmE375N305",9.70679974998348,83.2676014862955,6.81879981275415,0.106000002415385,0,0,0,0,0,0.100799999199808,0,10.2506571741513,16.5988499452354,906.076407447969,16.7180503833516,490.445805038331
"50kmE380N305",31.252000585664,64.4203998148441,3.52599988109432,0.422799994703383,0,0.256399996578693,0,0,0,0.122400000691414,0,10.5913604549436,17.2331146106734,795.63772965879,12.1684820647419,511.850962379707
"50kmE385N305",21.88679951214,68.0288010393269,8.77039963379502,0.653599994257093,0,0.252799992449582,0,0,0.0752000021748245,0.33239999320358,0,10.4641637478111,17.2898642732048,830.908406304728,11.5240586690016,525.450503502627
"50kmE390N305",34.5419992256211,56.5316017717123,8.2871999591589,0.560399983078241,0,0,0,0,0.0376000010874122,0.0411999993957579,0,10.1484494431097,17.0993994321905,874.244551212051,11.1488534614546,535.686547281066
"50kmE395N305",21.9656003508135,71.5311985462904,6.01919987238943,0.14400000218302,0,0,0,0,0.300400005653501,0.0395999988541007,0,10.053825136612,17.126262295082,866.136765027322,10.559912568306,546.819890710377
"50kmE400N305",29.5828003960196,48.8316003698855,18.0383995175362,1.33719996083528,0.0112000001536217,0.0331999995978549,1.28079997375607,0,0.709199998527765,0.175599998328835,0,9.60420213927089,16.7856472385942,983.914734774067,9.82951320672352,556.860532634801
"50kmE405N305",18.1971997313667,52.5167999381665,26.709599327296,1.63999998476357,0,0,0.173200003337115,0,0,0.763199990615249,0,9.43927169646754,16.795726122983,844.798255560402,9.5590492804187,568.146489315305
"50kmE450N305",15.8452002506238,58.2052018493414,25.4140002653003,0.432799989357591,0,0.014000000373926,0.014000000373926,0,0,0.0747999991290271,0,7.80779376498803,16.2470787006758,881.983671244823,20.1712230215827,659.269522563767
"50kmE455N305",8.8543999416288,49.1139997466235,34.808000177145,6.32199968677014,0,0,0.24840000551194,0,0,0.653199991211295,0,7.23936913337699,15.8475769482645,876.598253656407,23.1708142327003,669.659986902422
"50kmE460N305",6.75920000867336,46.4976000483148,45.0047984719277,0.790799967944622,0,0.06520000169985,0,0,0.575200002640486,0.307200010865927,0,8.11857828172692,17.0649803750545,712.833296990844,28.3373092019189,697.719755778456
"50kmE465N305",7.92160005948972,45.5600007902831,41.6208002716303,4.41799985710532,0,0.0752000021748245,0.06520000169985,0,0,0.339199998416007,0,7.67639405204463,16.6083205773016,930.380734747431,23.1311392958671,699.514563743711
"50kmE470N305",7.23759998727474,43.7420005677268,43.940401636064,4.61640015710146,0.207599997520447,0,0.011600000289036,0,0,0.24439999833703,0,6.42563962387931,15.4172643778701,1007.63923026459,21.6167067570522,704.605991690355
"50kmE475N305",7.91879990720191,55.6163994595409,32.6955996453761,3.66479998192517,0.0660000019706786,0,0,0,0,0.0384000013582408,0,7.32693484914736,16.2088106689987,744.555421950155,33.7422824661127,695.88902492348
"50kmE480N305",6.48720003664493,75.4028000068501,15.6959993764758,0.638400018215179,0,0.0752000021748245,0,0,0,1.70040000230074,0,8.70874233128835,17.6910166520596,704.739417177914,39.8807405784399,703.799079754603
"50kmE315N310",0.0643980296445079,0.453828630270437,0,0.336188147775829,0,0,0,0,0,0,99.1455852985382,12.0031726730053,15.9526088879059,938.677338049966,26.5967278355074,281.865177979224
"50kmE320N310",2.24527945174487,25.9382009928231,1.26494618161814,3.2316172728315,0.0380284443963319,0.0184137737960555,0,0.289816793520004,0,0.0800598820205778,66.8936369242146,11.5944934892955,15.8453431913482,1042.86100198632,27.2798940631207,309.34647980578
"50kmE325N310",4.77798729552888,39.635793166235,4.77477833628655,2.17039035833295,0.0224619958316907,0,0.0629738089628518,0.35257311174064,0,0.137579720467329,48.0654607061297,11.2054062981725,15.7975225721205,1143.34188504735,27.200880863246,342.376745210309
"50kmE330N310",5.63559985312168,39.8331992008025,4.84159998595715,10.2923999773338,0,0.0172000000020489,2.653600089252,0.922800024272874,0.0804000010248274,0.0468000012915581,35.6764005031437,10.7568806331065,15.4486150802366,1347.80960650692,27.1839964827434,350.42136733348
"50kmE335N310",5.0805604987545,26.1287185567198,4.07201359048486,1.75188814173452,0.0909519789274782,0.0871268974151462,0,0.626463640946895,0,0.023800517374184,62.1384774480248,11.1409629304675,15.8486400526426,1013.22829567888,29.2743145426629,351.207940337795
"50kmE340N310",2.36850819928805,17.7952481550164,0.719431374454871,0.216933272895403,0.251968964585103,0.0331159215420485,0,0.0489539699628949,0,0,78.5658385488205,11.2718421052633,16.0853289473688,910.773771929822,30.7073245614034,359.536162280702
"50kmE345N310",7.76639623072697,23.105108627351,4.35269298031926,3.95124680362642,0.048721169878263,0.0632167269941419,0,0.339437570073642,0,0.0684512313455343,60.3047280688771,11.2334208223968,16.2347112860893,859.800262467189,30.9628171478565,373.760039370079
"50kmE350N310",9.73240196472034,21.3902283052448,6.9279265590012,3.58545318013057,0.118887980352156,0.154914637096226,0,1.479895086959,0.0252186611760408,0.0260192551650107,56.5590537153185,11.2531038251355,16.4843606557377,806.949726775956,29.8867103825136,391.795366120217
"50kmE355N310",6.98478618433001,29.2857492910115,5.12508961837739,0.153552938718349,0.054513372015208,0,0,1.39071526937187,0,0.0341228762408718,56.9714697689051,11.1224754634672,16.2856379498359,830.475616139587,29.2829007633588,385.114111232278
"50kmE360N310",7.27699515846325,43.0095987161622,3.9974434999749,0.248810218181461,0.0627049972536042,0.0759695132728666,0,0.0884301261976361,0,0.0422052864450961,45.1978429708106,10.9388961463095,16.1989222730238,839.979011539297,29.6499020248204,393.598388852606
"50kmE365N310",3.80355267552658,30.3254517610185,3.68474372662604,0.122143898624927,1.00424794363789,0.0591960153542459,0,0.537349790101871,0,0.334749324247241,60.1285636425018,11.0132666376688,16.4808394954328,835.031796433234,28.9385819921705,409.76979121357
"50kmE370N310",3.61427402240224,15.823336225003,1.40998835850041,0.337144947843626,0.139272971136961,0.0353199458913878,0,1.06802703812718,0,0.022074967273511,77.5505602359772,10.9532587442972,16.5133499891375,855.969367803606,29.6096676080817,416.277818813816
"50kmE375N310",7.44439995032735,50.2840006258339,2.54760006209835,0.564799978747032,0.246400001924485,0.438399985432625,0,1.69159991201013,0.0255999999353662,0.34719998948276,36.4100009202957,10.8289405123752,16.926877985237,794.683043855841,19.7174772036474,467.988297872345
"50kmE380N310",16.0408000105235,72.533601379837,1.32880003657192,0.514000008115545,0.230000005103648,0,0,0.453200004994869,0.0315999990561977,0.15760000096634,8.71039974881569,10.6761001517456,17.0268697160205,828.24814654238,14.5980056362454,490.450227617613
"50kmE385N310",24.1560000868048,72.1119984227699,2.54159993492067,0.33799999364419,0.0119999996968545,0.0939999998081475,0,0,0.395199982449412,0.262799998745322,0.0883999979123473,10.5555459272097,17.2641247833619,839.430545927211,13.9200173310225,518.935116984394
"50kmE390N310",38.9259996300097,51.5975995105692,5.57400006800889,0.988799973856657,0,0.135599996428937,0,0.119199996697716,0.224400009028614,1.23960003256798,1.19479997083545,10.5641095001086,17.4532893313139,845.720644882061,12.8054966457477,533.464747890069
"50kmE395N310",28.0220001732232,49.9808001797646,17.8803995251656,2.53079994072323,0.0644000014290214,0.201599998399615,0,0,0.358400004915893,0.961599964648485,0,10.4716817985302,17.5492217898837,842.443817552962,11.8627323821875,547.222243839173
"50kmE400N310",19.7087996493793,58.4968016017228,16.4815995842218,2.52199997194111,0.0855999998748302,0.143199996091425,0.528000015765429,0,0.701599987223744,1.3323999941349,0,10.4492647058822,17.703416955017,825.963538062283,11.5318339100347,560.179476643594
"50kmE405N310",30.1699996329261,57.1935975574889,10.5316000059247,0.568399995972868,0,0,0,0,0.803199969232082,0.733199995011091,0,10.3932829373648,17.7748596112311,824.962699784017,11.2067386609072,569.702051835853
"50kmE460N310",8.60240009278641,59.4927999889478,29.8824002966285,0.122400002146605,0,0.0723999983165413,0,0,0.0503999995999038,1.77720002830029,0,8.68656216216217,17.2992756756756,761.388302702706,21.318054054054,670.640086486481
"50kmE465N310",9.1759999471833,56.5199989214307,31.8000007420778,1.23480002075667,0,0.0587999995332211,0,0,0,1.21039999648929,0,8.50671932482148,17.2231227007141,786.606557022293,25.3427613070764,681.860636225924
"50kmE325N315",0.967238831799477,18.9820017665624,0.855839275754988,3.09206442907453,0.0590902054682374,0,0.167583697475493,0.377789826598018,0,0.0406850595027208,75.4577084328048,11.2684652278177,15.7021909744927,1163.90512317419,28.4278177458034,327.040505777198
"50kmE330N315",1.82480003495584,77.9795991256834,6.16440009325742,4.29839990101755,0.0879999999597203,0,3.47680002450943,0.283999997191131,0,0.166800001170486,5.71720002917573,10.1416829958633,15.0707925103419,1275.42460265622,25.6511648160244,372.725016329198
"50kmE335N315",3.93599996095873,85.7639991329051,7.60079994797706,2.48520001769066,0,0.0620000006165355,0,0.071999998181127,0,0.07999999797903,0,9.97944118286587,15.219101978691,1221.43474668406,24.6397260273973,396.404348771471
"50kmE340N315",5.97800007381011,88.2732011028565,4.43399995565414,0.621999998111278,0,0,0.541200023144484,0,0.0119999996968545,0.0804000010248274,0.0592000025790185,10.407821653287,15.9396506834456,959.598719895857,21.2702321544804,416.041136906054
"50kmE345N315",4.97520001954399,79.5764008187689,7.26999985054135,8.03880020976066,0,0,0,0,0,0.139600003603846,0,10.1621074290664,15.842246047217,941.444227853586,21.7384232185401,427.065778644141
"50kmE350N315",10.5911999875389,74.1351996664889,10.32440001145,4.72400012877188,0,0.0255999999353662,0,0.0696000002790242,0,0,0.130000000353903,10.2567704953493,16.1154553320354,869.160847934239,23.0532770927969,441.131321652607
"50kmE355N315",21.3712005031993,54.7340011049528,20.6827998161316,2.86960008088499,0,0,0.0103999998827931,0,0,0.331999990157783,0,10.336241900648,16.3449676025918,788.790021598272,19.9826997840173,452.27451403888
"50kmE360N315",37.0519995340146,48.9547991193831,12.4080000910908,0.641599996015429,0,0.0984000042080879,0,0.039999998989515,0.00920000020414591,0.427199993282557,0.368799990974367,10.2991693635381,16.3599029126212,747.431326860842,20.0163106796117,457.369773462781
"50kmE365N315",13.6523998749908,54.3420011177659,7.07120019942522,0.114400000893511,0,3.00239995121956,0,6.74800015985966,0,0.300400005653501,14.7691998630762,10.6091163793106,16.5875431034484,684.016616379311,18.015,452.748663793106
"50kmE370N315",4.38002940354636,19.830962154083,1.25208610552363,0.0346998465829529,0,0.108230474870652,0,0.651448313146829,0,0.076422281563282,73.6661195755005,10.9762160998711,16.6388506241929,688.786827378392,23.7513775290572,421.012526904866
"50kmE380N315",2.24190487060696,4.24857321195303,0.130232307128608,0.145232887007296,0.128868618048728,0,0,0.500473892316222,0.0818213447928429,0.174552202224731,92.3483431339264,10.9050419264668,16.7723392818747,839.463341216945,24.5501827563965,438.627907976775
"50kmE385N315",6.35199987300439,33.8968002935872,0.823200010927395,1.67800002236617,0.402799993753433,0.740800006315112,0,2.52239990513772,0.139999995008111,1.36360004544258,52.080399543047,10.6905144694539,17.0588960342984,848.617384780279,18.8488317256163,491.394726688103
"50kmE390N315",10.9372000442818,56.6823984030634,5.01559982076287,2.26280002389103,0.0595999998040497,1.68200004845858,0,6.14120000973344,3.29280011355877,5.48800006508827,8.43840017914772,10.466094420601,17.2456008583697,869.803025751071,16.4575107296137,525.559914163086
"50kmE395N315",17.272800518549,63.666802374064,12.5064004212618,2.16159993724432,0.196800008416176,1.19839999824762,0,0,1.96920000016689,1.02800000458956,0,10.3524630541863,17.3099700149925,865.873249089738,13.2725637181409,539.251145855646
"50kmE400N315",17.7996000755229,64.2899993807077,14.2764002084732,1.51279993006029,0.0123999998322688,0.0691999972332269,0.484000006690621,0,0.78320000320673,0.772400014102459,0,10.3286081370439,17.4668308351174,829.262441113492,12.1758886509641,552.325267665953
"50kmE405N315",17.0687997189817,67.3367988900281,11.6256000474095,0.422000003163703,0,0.0148000006447546,0,0,1.63240004330873,1.8996000289917,0,10.3082619863004,17.6053938356168,835.268600171229,12.5618364726026,564.061922089049
"50kmE330N320",1.31200002797414,9.25959956948645,0.786399975186214,0.635599993984214,0.0284000008832663,0,0,0.721200020052492,0,0,87.2568023158237,11.1951264318129,15.7545818024636,1101.90358763778,27.4633455802897,335.742381672789
"50kmE335N320",3.87599994428456,27.5923998560756,3.28160006320105,7.258800114505,0,0,0,0.808399997185915,0,0.063999998383224,57.1187973022461,10.5814021107043,15.6189424940772,1306.73866034891,25.9791083351283,378.225845358605
"50kmE340N320",15.6615998595953,43.478799937293,4.75400015711785,1.30880001233891,0.0167999998666346,0.240399991162121,0,2.31320005841553,0.00960000033956021,0.397199997678399,31.8195996340364,10.5499140154767,16.0614789337917,1066.73265262253,21.3799441100602,416.903267411869
"50kmE345N320",13.6976002522715,79.539199284045,4.3788000009954,0.528400007169693,0,0,0,0.765999977011234,0,0.227999989874661,0.862000044435263,10.122210300429,15.9014377682404,893.847296137339,18.4457510729614,433.774184549358
"50kmE350N320",11.3367996833404,82.0887984576985,5.06319997366518,0.528400001348928,0,0,0,0,0,0.982800032943487,0,9.99242878560716,15.9434675519383,777.394152923537,16.5257871064468,446.485007496249
"50kmE355N320",22.6967991737184,66.9187983614393,9.17000025510787,0.0615999990259297,0,0.0775999971665442,0,0,0,1.07519999146461,0,10.1384417808218,16.2056720890411,686.304944349314,14.976819349315,455.330672089035
"50kmE360N320",46.3316005771049,47.8787988424302,4.68119992874563,0.0584000008529983,0,0.0103999998827931,0,0.0255999999353662,0.316400011070073,0.448800018057227,0.248800008557737,10.2847222222225,16.420170940171,650.323290598291,13.7843376068375,461.220918803415
"50kmE365N320",13.2363998389337,74.7267999278847,2.39080001192633,0.0556000013602897,0,0.697200000286102,0,5.26000009849668,0,0.43440000154078,3.19879995658993,10.483653435766,16.4861715749043,591.436747759282,13.1399914639351,453.467605633805
"50kmE370N320",3.67075960893998,22.2483735531569,0.819770433008671,0.0337500277964864,0.0128782994579524,0.100361928343773,0,3.38965747505426,0,0.0914803356863558,69.6329662576318,10.8004897785341,16.56582197615,606.755025553663,17.5125638841567,429.131090289607
"50kmE385N320",0.305403606034816,0.245582265779376,0.177102605812252,0.090519106015563,0.12200401397422,0.0724152836482972,0,0,0,0.575386686250567,98.4115839004517,10.7121598639459,16.6539540816334,850.093622448979,26.3688137755102,443.462606292518
"50kmE390N320",26.5847908100114,25.3190378483851,1.83302001096308,2.40508855786175,0.606072740629315,0.515261851251125,0,0.406448764260859,5.1710207015276,2.67112050205469,34.4881385564804,10.4198069170375,16.8048482919584,915.219287078293,21.1356673032039,493.019223424571
"50kmE395N320",20.6403999734903,66.1016017664224,4.82879998162388,1.06880001258105,0.0444000004790723,1.74359995871782,0,0,2.37280000001192,3.19960005581379,0,10.1671228516872,16.946690006365,895.799957564184,16.2193295141099,525.999660513475
"50kmE400N320",16.4048001752235,49.8691997490823,23.9607997238636,5.99159998819232,0.364000000990927,0.311199994757771,0,0,1.7527999356389,1.34560000151396,0,10.0175498092415,17.035057227639,905.398177193726,13.9205171682916,543.654027130135
"50kmE405N320",8.89440004975768,81.2300004065036,8.25639991089702,0.357999990228564,0,0.202800007537007,0.0555999984499067,0,0.540000014007092,0.462799984961748,0,10.0233460559802,17.222688719254,873.333354537745,14.3663273960983,557.454007633591
"50kmE410N320",11.9075997332402,77.279199543409,9.86040011048317,0.385600002482534,0,0,0.370000000111759,0,0,0.197200011461973,0,9.83771966970103,17.207971628203,869.209104382807,13.356489519373,570.008786788065
"50kmE325N325",1.81907749938546,14.1718617756851,0.518881375319325,1.27901728992583,0,0,0,0.521183421369642,0.114641943946481,0,81.5753380768001,11.2158029978581,15.4282869379015,1089.83057815846,26.6280513918631,307.782869379013
"50kmE330N325",2.04519993712893,43.2600015308708,3.51479994133115,1.51760001608636,0.417600001674145,0,0,4.1856000199914,0.162800005637109,0,44.896399974823,10.736421861657,15.4274765157987,1285.02378309137,26.2285866780529,351.769000853972
"50kmE335N325",10.2771997408126,43.6071997857652,12.6735998317599,25.7596002891659,0.0983999983873218,0,0.898000039160252,1.14919999614358,0,0.161999999545515,5.37480004131794,9.39402475458815,14.6693982074265,1682.45339308579,26.6806658130601,400.083738796413
"50kmE340N325",6.98439991683699,62.4944011389744,9.77079998701811,18.2412001304328,0.0883999979123473,0,2.1619999781251,0,0,0.24439999833703,0.0144000005093403,9.13590289608181,14.7883091993185,1260.18837308347,24.1772359454855,424.615396081776
"50kmE345N325",9.165599795233,77.554799921927,11.0851999372244,0.686000008136034,0,0.0387999985832721,0,1.02479995694011,0.0243999995291233,0.0515999970957637,0.368799990974367,10.0809098639456,15.948469387755,819.341857993198,16.2100977891156,440.304719387752
"50kmE350N325",7.03400017519015,89.9012029869482,2.97960006864742,0.0515999970957637,0,0,0,0,0,0.0335999997332692,0,9.84302078913868,15.8280229104793,748.870301230375,12.703839626644,448.304773016548
"50kmE355N325",14.9260002152005,81.6188007593155,2.86040005739779,0.045999999565538,0.0203999996301718,0,0,0,0,0.528400018811226,0,9.92127118644069,16.0172457627118,673.205254237289,12.70125,456.895699152537
"50kmE360N325",13.7520001931989,82.6316027902066,2.01200000010431,0.18320000381209,0,0.348399998620152,0,0,0,1.07279997318983,0,10.1972904318373,16.3867696867062,631.423666384421,13.0669559695174,464.450402201522
"50kmE365N325",7.30160004313802,86.7923985264497,5.15439994633198,0.573199999053031,0,0.10039999615401,0,0,0,0.0780000002123415,0,10.1344951415295,16.2681030840729,630.157836924376,13.054478242501,463.604055766796
"50kmE370N325",6.27439989330014,85.8500028087292,3.54520003311336,0.582400022540242,0.125199998728931,0.467600021511316,0,0.569600006565452,0,0.0571999989915639,2.52840004395693,10.2291262135922,16.2085056986074,632.3275010553,12.7758336850992,451.331574504012
"50kmE375N325",2.3420345998602,10.5558481183834,0.785172241739928,0.218923744978383,0.0295322359306738,0.50846803933382,0,0.258728058543056,0,0.0205441639991477,85.2807462215424,10.573381825849,16.2171094244152,666.00678895214,20.6967531098461,413.431435800125
"50kmE390N325",1.13804704451468,2.49068928183079,0.30527904164046,2.15356703847647,0.306663522496819,0,0,0,0,0.026997466920875,93.5787558555603,10.5155810044129,16.5241542340826,939.455095608321,30.321349022904,450.980584156337
"50kmE395N325",26.5732002560981,38.4927991661243,4.02320013381541,2.61079990305007,0.277199991978705,0.821200013160706,0,0,0.984000042080879,20.2595993876457,5.9579998254776,10.1666456494331,16.610109289618,919.6727196301,21.5816309373687,500.778310214377
"50kmE400N325",8.14000002574176,46.6172008309513,13.3880000561476,3.24120000004768,0.111599999945611,1.81840006262064,0,0,0.251600006595254,26.4319986104965,0,10.032098635887,16.7849422875126,888.90293809024,16.2604197271774,525.386484784883
"50kmE405N325",9.43879979022313,76.8279977142811,8.77640019170941,1.46400002995506,0,1.43120000138879,0.436800019815564,0,0.461600022390485,1.16320000961423,0,9.78355014687305,16.8632605958866,883.102664708351,15.2062106588335,548.614099874111
"50kmE410N325",7.84759998496155,73.93919788301,13.8295997865498,0.826000026427209,0,0.0119999996968545,3.07199992239475,0,0,0.473600020632148,0,9.6949685534591,16.9410901467501,846.641970649896,15.0736058700209,561.115471698109
"50kmE295N330",0.111274153459817,12.9539079964161,0.876450206851588,4.734249971807,0.695574312703685,0,0.763846095651388,0.120583944953978,0,0.0234961364185438,79.7206165050738,11.2280000000003,15.0909892473122,1549.88843010753,24.4437419354839,281.109892473119
"50kmE300N330",0.480389065342024,37.1013416908682,1.29024852067232,0.400465942220762,0.129237415967509,0,0.12073494726792,0.26017531636171,0,0.0106280771433376,60.2067826781422,11.0140283140282,15.0844058344058,1394.12119262119,24.5021021021021,296.367739167734
"50kmE305N330",0.975892430869862,21.6378017095849,0.418609235202894,0,0.0481219496577978,0,0,0.0517440334078856,0,0,76.8678286345676,11.2611111111114,15.3521622778839,1145.67017769214,21.5983515307215,296.435645472057
"50kmE325N330",0.356674278555147,13.8568230322562,0.476300745503977,1.09538140532095,0,0,0,0.0385891791665927,0,0,84.176230430603,10.9337751855787,14.9296818663837,1095.14339342524,30.3406786850477,291.805153764582
"50kmE330N330",0.588612003048183,40.7378252362833,2.71544712595641,2.99323289655149,0.0256982370046899,0,0.0717919028829783,0.0501727481605485,0,0.0350801332388073,52.7821395022329,10.381146847228,14.9661447312739,1342.61563690224,29.3456834532376,343.577676682185
"50kmE335N330",0.716000008105766,45.3412003931589,12.6095997635275,22.5776001811027,0.0411999993957579,0,8.10839980840683,0.0403999991249293,0,0.352000002749264,10.2136000990868,8.9770498732037,14.1540574809805,1756.39957734573,26.7408706677937,391.951500422655
"50kmE340N330",1.2975999925402,71.7087990255095,6.75799995660781,20.0443997047842,0.0236000007134862,0,0.109999999403954,0,0,0.0576000020373613,0,8.666589376054,14.2288996627319,1268.94924114672,22.8555438448567,418.328478077571
"50kmE345N330",6.80120012984844,82.8587989439257,7.60559979826212,2.67279996769503,0,0,0,0,0,0.0615999975707382,0,9.66297115182143,15.4633080648559,807.780817014108,13.5008212255211,435.441461360293
"50kmE350N330",37.62160121114,59.5171997556463,2.0348000107333,0.528800021857023,0,0,0,0,0,0.297600007615983,0,9.79154751892345,15.7443019343985,749.008368376784,12.0610597140454,445.719112699749
"50kmE355N330",14.847199716678,83.0695992102847,1.57119997311384,0.0207999997655861,0,0.0195999993593432,0,0,0,0.471600005403161,0,9.70697796432317,15.7694753410284,680.171752360965,10.9896537250787,454.420230849945
"50kmE360N330",8.76800003679818,85.9052028652514,3.36760012432933,0.0223999995796475,0,0.83600003272295,0,0,0.0883999979123473,1.01239997893572,0,10.1934436531207,16.3359237536659,627.509782153331,11.4679514034353,460.679514034356
"50kmE365N330",5.13320007739821,81.180797356501,5.9967998880893,2.31480004731565,0,1.0499999858439,0,3.67319993674755,0.0647999986540526,0.135200005024672,0.451200001407415,10.2097280334725,16.2091631799163,663.763933054394,12.7434100418413,453.198117154813
"50kmE370N330",8.01559985120548,81.4108019694686,5.66279999911785,0.313199998345226,0,0.961199961602688,0,0.0760000024456531,0,0.321200001053512,3.23919989168644,10.0523192645218,15.8748223986627,687.229043042203,13.4412035102382,438.569765984119
"50kmE375N330",2.25101579271722,16.7499835952185,0.720671788440086,0.251975048740861,0.113851117203012,0.640340289101005,0,0.0820652698166668,0.0739743292797357,0.266423169523478,78.8496988359839,10.3177029000617,15.8761840183595,673.01775505946,19.57738368454,408.646192363863
"50kmE395N330",3.61920004361309,28.8972005510005,0.840399996377528,1.48639997205464,0.651999982073903,0.0791999977082014,0,17.7292005508207,0,10.4291997849941,36.2672001123428,10.3357380457377,16.4589812889806,864.026091476093,26.0352806652807,462.954137214138
"50kmE400N330",4.22159990266664,55.7424010010436,1.37759996578097,0.0523999973665923,0,2.72519998252392,0,5.19319996237755,0,29.7915995121002,0.896000023931265,10.0492731048805,16.493219106957,873.24629283489,19.5687019730011,497.778566978194
"50kmE405N330",8.20479987596628,74.5588015764951,9.5784000121057,4.4299999717623,0.0203999996301718,1.25399995595217,0.808000005781651,0,0,1.1455999687314,0,9.52431478405389,16.435942691029,902.301931063123,16.1996054817278,536.514991694349
"50kmE410N330",9.09439974784619,79.2259993031621,7.61440005153418,1.6724000335671,0,0.428800005465746,1.08040003105998,0,0.191600003745407,0.692000007256866,0,9.51105809128678,16.5648132780083,836.954273858921,16.5557676348546,549.511742738579
"50kmE290N335",0.0626430002739653,3.75458158086986,0.22880244650878,0.363418273627758,0.220805473509244,0,3.2330010086298,0.0844125541334506,0,0,92.0523370223237,11.3923381064333,14.9049690104721,1972.96597563582,25.8810002137209,251.012075229751
"50kmE295N335",0.526800000807271,20.1399999263231,5.2560000680387,13.2688000798225,7.64400007756193,0,31.784400343895,0.146800003130921,0,1.86679996550083,19.3664002465084,9.85004263483266,14.1585909187806,2301.50063952249,24.7329140908122,322.421232146663
"50kmE300N335",0.787599985778798,65.7724011922255,9.79439998045564,7.60280007962137,0.855599995702505,0,14.5263999700546,0,0.354800000786781,0.306000001728535,0,9.36510316953837,13.9673580089342,1776.80512656881,25.1473941714529,342.604509678791
"50kmE305N335",5.22120005916804,84.2324001714587,5.56679996661842,2.99360004428308,0,0.0224000003072433,0.702399993315339,0.559600016276817,0.0387999985832721,0,0.662799994461239,9.8876430690972,14.534548537516,1245.94190334888,19.5038151759219,345.727702416279
"50kmE310N335",1.23720001720358,61.0507981851697,8.85680010542273,5.63720013014972,0.015999999595806,0.0464000011561438,5.63720017671585,0.595599977532401,0.146800000220537,0.022000000171829,16.7539993126411,9.99731501057061,14.6217758985202,1232.42475687104,18.9631923890063,343.825898520083
"50kmE315N335",2.11640001361956,63.3088019210845,4.34559993445873,1.26800002763048,0.195199996232986,0.253199995495379,0.039999998989515,0.292000011540949,0.94999996945262,0.0255999999353662,27.2052000276744,10.4144997889402,14.8383073026593,1081.50405234276,18.8188265090756,328.601435204726
"50kmE320N335",1.48301537701627,34.0206056367606,1.48172921035439,0.0780308793764561,0.27825296856463,0.13805462513119,0,0.213084326242097,0.208796910010278,0,62.0984316337854,10.6829755892249,14.8174031986531,1037.77489478114,22.7291245791246,304.144633838385
"50kmE330N335",0.00561399556318065,1.55648030340672,0.000701749468134949,0.474382634274662,0,0,0,0.0414032168919221,0,0,97.9214191436768,10.8147108130754,14.9273889354568,1099.96596814753,30.8127619446774,303.261902766139
"50kmE335N335",0.815199984208447,13.8423994649202,9.15680024772883,22.9083999991416,1.35360003187089,0.011600000289036,2.38320007920265,0.84239998832345,0,0.137600000016391,48.5487997997552,9.74585947302399,14.6491635299037,1684.51974069427,26.8161438728565,372.917774989545
"50kmE340N335",1.69160003242723,59.5747979357839,8.93559986725449,22.7796008810401,0.264800010927502,0,6.3511997461319,0,0,0.402399990707636,0,8.61175365344464,14.0560960334029,1562.51498956159,24.8376200417537,409.930146137791
"50kmE345N335",7.04880022021827,88.739202322904,3.36679990869015,0.445200002286583,0.015999999595806,0,0.261200009845197,0,0,0.122800003737211,0,9.698321867834,15.3857515113612,778.859391286222,13.7119866583281,428.278903481341
"50kmE350N335",15.1035995462735,78.5827993182465,4.41439994610846,1.26319997943938,0.00999999974737875,0.0395999988541007,0,0,0,0.586399994790554,0,9.36284556225317,15.1835273331949,877.343753897319,13.0761172313449,437.121721055914
"50kmE355N335",21.4399995224085,73.7460032571107,3.80360009148718,0.374799990095198,0,0,0,0,0.0500000023748726,0.585599988698959,0,9.74902266583479,15.7398107714704,712.613391557496,10.5465585360779,449.571075067586
"50kmE360N335",6.93999984941912,90.1427976263221,2.27200004737824,0.184799998532981,0,0.0539999979082495,0,0.0403999991249293,0.0352000002749264,0.330800004303455,0,10.0060389475867,16.0552206339346,646.549098819141,11.026186036876,454.716573441058
"50kmE365N335",2.11560006646323,40.6856010318734,0.288399995770305,0.177600004826673,0,0.295999995432794,0,10.4456000030041,0,0,45.9912002086639,10.0360426589357,15.6514081590393,663.784779457445,12.9253468627045,418.424290743426
"50kmE370N335",0.533436315890867,7.65137514099479,0.485656113596633,0.215338097768836,0.0281444925349206,0.378968869335949,0,2.9518990777433,0,0,87.7551794052124,10.1075538079477,15.3694743377476,649.940355960265,18.7657905629139,387.255256622522
"50kmE395N335",0.187138217734173,0.177622705814429,0.162820820696652,0.914016831666231,1.2052970007062,0.0803531322162598,0,12.3997565562604,0,0.0211455611861311,84.8518490791321,10.3073220896743,16.2183669271906,839.347470176884,29.0379679144385,439.880481283421
"50kmE400N335",2.62999998230953,19.0087999348179,0.342000001546694,1.91399995237589,0.868400000035763,0.208400003612041,0,29.9987998791039,0,0.13399999588728,44.895601272583,10.0801234567902,16.3294444444437,877.393353909462,24.5036419753086,472.429835390948
"50kmE405N335",3.67719992791536,40.241600445006,0.617999990936368,0.993199972299408,1.42080001533031,1.33440000936389,0,18.533599935472,0.106399995274842,1.21200000867248,31.8628013134003,9.79239934264628,16.324609695974,889.556737880033,21.385188989318,501.217707477403
"50kmE410N335",5.52719994593645,53.482800333586,0.647600006777794,0.860799982910976,0.43759997934103,0.653599994257092,0.132000003941357,24.4995997287333,0.516799977049232,0.528800021857023,12.7131998538971,9.55752157829829,16.4083436087129,861.283436087135,19.838306617345,530.851520756259
"50kmE430N335",31.7128006834537,48.9360002160539,16.0016003996134,0.509200000669807,0,0.0436000002082437,0.0644000014290214,0,0.273999990895391,0.634399987757206,1.82399991899729,9.10574677320232,16.8853820938333,814.308809670149,15.3674247080516,599.419668100799
"50kmE290N340",0.0193675776245072,2.63021159917116,0.0439313356764615,0.504029402509332,0.0420418160501868,0.11951212072745,0.731716537848115,0.022674236970488,0,0,95.8865165710449,11.2917054591622,14.845048666948,1689.53220482437,26.3139652983496,253.707405840035
"50kmE295N340",0.818399991840124,28.6092003982048,1.01360001135617,3.74640002846718,2.0780000515515,0.280799996107817,11.3255999982357,2.8300000121817,0.0112000001536217,0.261999992653728,49.0247992740478,10.3793794850148,14.5578092021948,1715.0112283664,25.9394681300126,313.161967074715
"50kmE300N340",1.02200002875179,71.2715983623638,10.6572002288885,6.2660000359756,0.0380000012228265,0.0464000011561438,7.37000033259392,0.325200008228421,0.0172000000020489,0,2.98640010878443,9.60560462670874,14.1610410094637,1505.41026288118,23.131840168244,341.702839116718
"50kmE305N340",2.59440004010685,84.972399007529,5.26240009348839,3.37639998178929,0.115200004074723,0.299199996516109,1.90239995718002,0.624399993102997,0.154399999883026,0.0595999998040497,0.639199977740645,9.67293154136926,14.4312263754725,1168.30844183117,18.887736245275,355.488114237717
"50kmE310N340",1.14959998754784,81.3016009924468,8.8764000684023,3.45720012555831,0.0456000008853152,0.0284000008832663,5.14120012521744,0,0,0,0,9.39931937172783,14.3114240837697,1200.05319371728,17.8865340314139,366.694743455497
"50kmE315N340",1.90480002929689,88.5972019394102,5.92959993518889,2.23200004547835,0.0636000011581928,0,1.26080000773072,0,0,0.0119999996968545,0,9.59094899665526,14.6274665551837,1008.31465301003,16.0115593645486,373.473327759197
"50kmE320N340",1.81159996354836,66.4904008153826,10.871200170368,6.76440009847284,0.161999999545515,0.0844000023789704,3.13280001282692,0,0,0.0744000019039959,10.6087997555733,9.57379662429684,14.4687122317147,1228.07799541571,18.9514690560533,363.669201917068
"50kmE325N340",0.838415203907062,5.47309466637671,0.388140993891284,0.113527404027991,0.0935834017582238,0.380470207892358,0,0.11889694724232,0,0.0191769257071428,92.5746940280078,10.5805387975874,14.5085396297066,1086.13130850843,29.8335344289579,287.235011441647
"50kmE330N340",0.0561957422178238,7.64585076831282,0.148563459515584,0.383681268431246,0,0,0,0,0,0,91.7657077312469,10.6524688796685,14.5782987551867,965.977717842322,30.8633195020748,290.015435684646
"50kmE335N340",3.01280002458953,31.2403991352767,5.04200011491775,26.2111995834857,2.69000003463588,0.126399996224791,1.79239995777607,2.3439999204129,0,0.581200001761317,26.9595997408033,9.63800745650384,14.4543703396853,1487.5591963546,26.8601077050539,365.077961888983
"50kmE340N340",4.6732000191696,50.6748001673259,7.00759999454022,15.4767996631563,0.112399997306056,0,1.69959999620914,2.26639990869444,0.044000000343658,0.395999988541007,17.6492001861334,9.2984710743802,14.5736983471074,1146.30305785124,22.6322933884298,398.614297520661
"50kmE345N340",28.5019997041672,61.7007997818291,1.96000002324582,0.580000004265457,0.0155999994603917,0.193999998737127,0.081200001295656,3.97840002551674,0.0268000003416091,0.231599994003773,2.72959992289543,10.014699814318,15.5331029502787,867.24889622447,17.193047245719,418.457850216632
"50kmE350N340",24.0252005620277,50.2200010756496,4.23119999468327,10.227600147482,0.0348000001395121,0,10.7036001980305,0,0,0.557600008323789,0,8.67351607584507,14.2889736191261,1254.92893652102,16.78192497939,424.476504534214
"50kmE355N340",22.9624005150981,64.6155994618312,7.11840000003576,3.80360002163798,0.0276000006124377,0.211200001649559,0.846800021827221,0,0,0.414399988949299,0,9.53287769784154,15.4050462487152,797.226474820145,11.672990750257,440.798252826304
"50kmE360N340",7.0179999791435,85.5148029280827,2.86000007763504,0.383600004715845,0.0228000004426576,0.0668000022415072,0.686400011181831,0.450799998361618,0.42200000025332,0.15999999595806,2.41480004042387,9.86885901908464,15.814436691976,666.78214652165,10.694561871537,448.453950338605
"50kmE365N340",3.39436783688143,29.6510026557371,0.266858172835782,0.186120823491365,0.0118981348350644,0,0,4.44522816687822,0,0.0365442712791264,62.0079826563597,9.88546666666614,15.2492410256409,668.961476923078,13.3107076923076,397.800041025641
"50kmE420N340",2.18480002949945,15.1208001261693,1.11000004690141,0.269600003230153,0.164000003132969,0,0.104799994733185,31.3320009037853,0,0.023999999393709,49.6899988502264,9.4946519180031,16.4819870103511,895.344367769436,24.2754820377512,543.181002638524
"50kmE430N340",9.45360038895159,73.2915987246088,14.1060003079474,0.611600000411272,0,0.031999999191612,0.510000018402934,0,0,1.99519991874695,0,8.8405507010768,16.5098252387726,871.876732371469,16.0811826864457,590.10455192035
"50kmE295N345",0,2.52699833363295,0,0.257402379065752,0,0,0.0709506566636264,0,0,0,97.1446514129639,11.1357889237202,14.8439393939389,1531.22578892372,28.9553187042843,267.429216300938
"50kmE300N345",0.482041743816808,38.1570922210813,3.83548004319891,3.34220957010985,0.140762608498335,0.114695460069925,5.01812659204006,0.771186570636928,0,0.147981196641922,47.990424092859,10.4887325411716,14.6760996456119,1391.67679799875,23.917365019804,312.530373149888
"50kmE305N345",1.76919999285019,56.5584015210334,13.7855997309089,8.83039967156946,5.48639986664057,1.09120002016425,5.73199987411499,1.39999999664724,0.0739999988581985,2.87040006369352,2.40240003913641,9.78444906444921,14.4739916839916,1320.92588357588,19.6294594594594,352.763388773391
"50kmE310N345",1.12639999424573,77.839202620089,5.75200007297098,2.4564000137616,0.106399995274842,0.953999999910593,8.35359990596771,0,0.210799998603761,3.20120006799698,0,9.77512958739382,14.6796081277214,1083.69205888451,16.8392701637983,367.41467965996
"50kmE315N345",2.17319997027516,73.6628012731671,8.88639995828271,4.29719996172935,0,0.0628000008873641,10.9027996659279,0,0,0.0148000006447546,0,9.74240951396074,14.78462254395,974.858552223371,14.747714581179,375.0480868666
"50kmE320N345",13.6303998588119,63.1312004756183,5.595199810341,8.85040005668997,0.134800001978874,0.159600004553795,7.5652003288269,0,0,0.92799998819828,0.00519999994139653,9.48147574819401,14.5624871001032,1119.63607843137,15.8793188854489,376.342703818373
"50kmE325N345",9.30264306225582,8.51385638816283,0.619160919450223,0.5645445024129,0.131289423734416,0,0,1.66369953658431,0,0,79.2048033326865,10.4689172498971,14.5935776039518,984.181000411693,23.7009263071223,303.837319884728
"50kmE330N345",0,0.0293200428131968,0,0.221233046613634,0,0,0,0,0,0,99.7494459152222,10.532850688027,14.353963852947,939.001889505031,29.8360649003902,280.634360238246
"50kmE335N345",0.906363592366688,12.9308933013817,0.0793663421063684,1.06350895366631,0.0365085172234103,0,0.0497362401802093,0.195770291611552,0,0.184129911940545,84.5537249668268,10.449938411004,14.6921474029972,906.12623691234,26.8120919729008,314.23752822829
"50kmE345N345",16.8640000381856,46.4231998194009,1.47440001601353,1.66360002476722,0,0.0216000000364147,2.5628000497818,5.28999986127019,0,0.208400003612041,25.4919990664348,9.97404572361685,15.1316493161867,1079.85119412125,21.7750153092468,390.410920596044
"50kmE350N345",20.759999557049,50.8875990752131,3.38479997590185,12.2663997113705,0,0,12.2460000216961,0,0,0.455200020223856,0,8.50513447432759,14.0335167074165,1373.68345558272,20.0630399348003,417.805073349635
"50kmE355N345",22.7136002868065,71.9680003807298,2.90760006755591,0.901599985081702,0,0.33239999320358,0.836400035768747,0,0,0.340400007553399,0,9.48957273652065,15.2460528992881,802.0406103764,12.0667751780264,432.042014242118
"50kmE360N345",8.26760010095313,87.2800022247247,1.6664000460878,0.470399996265769,0,0.112000002991408,0,0.289999999222346,0.235600001178682,0.0747999991290271,1.60319991409779,9.57073938655242,15.3132338005285,689.221044078813,10.9371521430024,432.317753402403
"50kmE365N345",1.82865165988915,17.9549546897761,0.177223811624571,0.134115316905081,0,0,0,0.429488345980644,0,0.0643966428469867,79.4111728668213,9.7455992699249,14.6555364023532,680.50628675725,16.4249442303792,356.618434394644
"50kmE300N350",0.110000000131549,5.90280005708337,2.13719996336295,2.35280003398657,4.58639999851584,0.007999999797903,19.318799674511,0,0,1.4919999986887,64.0920025194646,10.4599710982657,14.5694673823291,1719.54966969446,24.9893682906689,305.842526837326
"50kmE305N350",2.26119994549663,62.789598753443,2.41959998384118,1.50359999388456,1.97920000646263,0.859200023114681,11.0947996377945,0.565599993569776,0.0464000011561438,6.62799999117851,9.85279998276382,9.91071208067511,14.596820333402,1316.26480757358,20.0605062770117,352.509672772173
"50kmE310N350",1.23159997601761,71.1640022986103,3.92480003647506,2.06359999720007,0,1.47080002352595,15.7427996397018,0,0.19120000069961,4.21120002865791,0,9.80825462012326,14.7029774127306,1079.56459958932,16.9436344969199,366.529568788497
"50kmE315N350",1.66360002986039,80.6908027036115,4.95800012722611,2.33879996230826,0,0.500399991869926,7.34359994530678,0,0.0415999995311722,2.46319994330406,0,9.73962341383521,14.7481989357346,1021.7350798199,14.8636717151043,373.345395006143
"50kmE320N350",2.52959998542793,93.196000950411,1.75200002267957,0.766800018027425,0,0.0607999972999096,1.36799998581409,0.011600000289036,0.0039999998989515,0.311199994757771,0,9.82955056179727,14.9173135852912,984.391154239019,14.0792645556691,377.025556690504
"50kmE325N350",2.05031247314764,20.0781946681673,0.155563099542633,0,0.0252388505032286,0,0,1.99524597846902,0.0660799036268145,0,75.6293654441833,10.3451895637989,14.7221157765999,976.032715042807,18.103403995108,324.539869547496
"50kmE335N350",0.997626900789329,6.77595260785892,0.654705800116062,1.16466949693859,0,0,0,0.148108252324164,0,0,90.2589380741119,10.2673868938923,14.2788496652468,958.434124568878,26.9352404138772,294.009210793264
"50kmE345N350",4.5324000850087,34.6407984849065,6.44160024821758,8.75280005857349,0.330400001257658,0.067999999737367,2.17480007559061,14.8079996928573,0,0.689599988982081,27.5615985505283,9.63945028294267,14.7521422797093,1390.85369846402,24.2284357316088,388.637308003236
"50kmE350N350",0.656800006254343,30.6088013225235,1.71880002599209,41.5635991841554,2.29999995790422,0,22.9507997632027,0,0,0.201199995353818,0,7.6336693548387,13.0827217741935,1572.20151209678,25.0817943548387,411.102197580645
"50kmE355N350",5.37880007759668,75.2367981825955,5.095199868083,5.48479990102351,0,0.0303999986499548,8.64840000867844,0,0,0.125600001774728,0,8.93252818035436,14.5520732689214,858.287399355878,14.6923913043478,421.266062801929
"50kmE360N350",2.89199989638291,51.0567985475063,9.94279989972711,7.65040013939142,0,0,9.78839993476868,0.167999998666346,0,0.0211999999010004,18.4804007411003,9.06355591311346,14.3069991954947,735.800442477874,14.6975663716814,387.850623491556
"50kmE365N350",0.421104778070003,0.948370457626879,0,0,0,0,0,0.103506841696799,0,0,98.5270202159882,9.8395106297627,14.6929602888095,666.308924989974,16.2803650220618,347.8793622142
"50kmE300N355",0.178399996366352,8.9539997279644,2.22400000784546,6.51920000091195,3.45040005631745,0.195199996232986,30.7307988405228,0.957599960383959,0,1.45239997655153,45.3379992221017,9.98175219791461,14.0302903291758,1802.47912492333,24.675690042936,300.627663054592
"50kmE305N355",1.28160002059303,65.438398954575,4.67759990133345,2.73959990590811,0.202399998670444,1.03799998760223,18.9400002360344,0.036000000545755,0,5.33160008490086,0.314799998886883,9.60744854289786,14.2283778275926,1506.01438760953,23.466904422254,349.376971673119
"50kmE310N355",0.728800000797491,71.1859984228795,6.83479998260737,4.20279982499778,0.187599996570498,0.945600029081106,13.5964006185532,0,0.0372000009519979,2.28080004453659,0,9.46984143118527,14.3317035982922,1280.8046757471,18.375584468388,364.835921935351
"50kmE315N355",1.19959999792627,74.7812029556372,5.80599997192621,3.68160002399236,0.0228000004426576,0.334400008432567,8.66400003433228,0,0.138399994466454,5.37200011312962,0,9.45563551591344,14.4266267991084,1275.52400162173,17.670018244476,371.930042570439
"50kmE320N355",1.62359995592851,91.8412012484623,2.7215999783948,2.17080002184958,0,0.0407999992603436,0.846800021827221,0,0,0.755200022831559,0,9.42800242620287,14.4214718964819,1081.22046097857,14.8596239385363,372.46241407197
"50kmE325N355",3.93639997346326,69.2419992294162,2.43159998208284,10.9331999905407,0.0788000004831702,0,0.718400022014976,1.46080002887175,0.0119999996968545,0.315200001932681,10.871600243263,9.55451703972595,14.2808126638433,1124.73323250655,15.1198628755798,353.204073401896
"50kmE330N355",1.11387332872255,21.8064134009183,0.359223155828658,0.170158329274272,0.0643624924123287,0,0,1.12594131933293,0,0.118668342474848,75.2413593447273,10.1781520209128,14.2044540518806,961.58322943897,18.9055499698371,296.77908707018
"50kmE335N355",0.470399998448556,8.29440020024776,0.799200020264835,4.11639994708821,0.0739999988581985,0,0,0.0452000007499009,0,0.014000000373926,86.1863970756531,10.0384538152615,14.0582730923703,998.189096385545,24.5580923694778,294.936867469878
"50kmE340N355",0.625590354320593,2.0300667732954,0,0.046428972564172,0,0.0224139861529693,0,0.262563838623464,0,0,97.0129370689392,10.0590344551286,14.6523237179492,1167.43741987179,26.2399639423076,342.525360576925
"50kmE345N355",2.04799997300143,42.2436011373065,6.31480012089014,35.7211988419294,5.69280008785427,0,1.68120004236698,0.609599985182285,0,1.77400000393391,3.91479986719787,8.40088,13.5980000000001,1669.36243999999,25.0783599999998,394.430800000002
"50kmE350N355",1.12320001935586,39.3735996214673,2.26879995316267,34.0991987846792,5.06560017529409,0,17.756000161171,0,0,0.313599989749491,0,7.48728542914169,12.941117764471,1528.74658682635,23.1389620758483,410.080798403195
"50kmE355N355",18.3331998763606,63.5843998286873,5.0688000395894,6.64439992979169,0.0311999996483792,0.0515999970957637,1.49440001696348,0.0767999983509071,0.15760000096634,0.267599988728762,4.28999997675419,8.95655378486055,14.4704382470119,831.834501992032,13.5599203187251,412.575557768926
"50kmE360N355",4.49596990365535,1.75275762449018,0.247913104249164,0.241924868896604,0,0.0359294353984296,0,0.480256756418385,0.0610800401773304,0.0221564841922373,92.6620125770569,9.75455358918287,14.6186617617824,679.501193080134,17.4456750845099,353.723762179364
"50kmE445N355",2.26040003690287,21.7004007383367,4.24999995157123,0.265199993737042,0,0.197200011461973,0.022000000171829,0.379199994495138,0,0.0103999998827931,70.9151973154803,8.68377236091998,16.3269805386275,632.012816984471,20.9699233339885,581.382759976412
"50kmE450N355",2.60702673549531,21.2583801112487,0.0423609144490911,0,0.0308554823277518,0,0,0,0,0,76.0613749385811,8.61516433772908,16.2093583940174,665.325585514663,21.8253690218461,573.343731548901
"50kmE455N355",0.906923032016494,7.14418115094304,0.734558218391612,0,0.0951404275838286,0,0,0,0,0,91.1191999912262,8.6044881889768,16.2041929133869,663.807952755907,22.2678149606303,568.180334645678
"50kmE300N360",0.211790617322549,7.70253241062164,1.06295663281344,1.94695224054158,1.15784207591787,0,19.5411875844002,1.27754975110292,0,0.500450422987342,66.5987383108586,10.4427922471231,14.2018069856652,1625.35772259236,24.3389259034928,274.402624671913
"50kmE305N360",0.409999988914933,25.0660002326186,6.2876000534743,5.76480012387037,0.675599987152964,0.321200001053512,27.9184013605118,0.689199980115518,0,1.67999994009733,31.1871986719779,9.86749999999992,14.0024798387096,1548.38235887097,24.6222379032257,308.478245967742
"50kmE310N360",0.875200004520593,29.568000137806,4.33680000714958,6.04479983448982,0.655200012261047,0.110400002449751,10.5736002326012,1.87839994905516,0,0.820800010114908,45.1368001755327,9.75780370072412,14.194489139179,1467.45997586485,21.5377715205149,334.267196299275
"50kmE315N360",1.38040004603681,50.386400782736,9.13559985347092,13.4320000186563,0.310799991711974,0.0783999974373728,14.3276005983353,0.707599991437746,0.176000001374632,6.68480023741722,3.38039992493577,9.20609951845918,14.0529494382022,1502.55206661316,20.2474719101124,365.516372391653
"50kmE320N360",2.48399999909452,69.5311990333721,4.08239992102608,18.5264002531767,0,0,5.28279989957809,0,0,0.0931999995373189,0,9.07953181272504,14.002180872349,1244.91802721089,16.5079831932773,368.988855542222
"50kmE325N360",7.93920007126872,69.2880025599151,1.53400001581758,4.32839987333864,0,0.0155999994603917,1.19200004264712,0,0.0631999981123954,15.6396001577377,0,9.62840047865931,14.5248105305143,1107.80592341444,15.1553849222178,367.59429597128
"50kmE330N360",7.06079988885904,22.967599472031,1.15479996893555,3.77440005540848,0,0,0,1.20679996907711,0,0.0763999996706843,63.7592019047588,9.7253634734114,13.7462756423021,1107.08675562637,18.9809201354312,297.542302330212
"50kmE335N360",1.26159996434581,23.9359991857782,9.79960011318326,11.5735998377204,0.340800006233621,0,9.07640010118484,0.499199981277343,0,0.307200010865927,43.2056003366597,9.63631578947341,13.8101787487589,1296.36840119166,24.5727706057597,310.749136047664
"50kmE340N360",0.900000003457535,32.6691998168827,16.1687993444503,23.8676004111766,0.336799990327563,0,2.25639995187521,1.68119999580085,0.0284000008832663,0.79560000449419,21.2960002943873,9.13256735340695,14.0715729001585,1570.10683438986,26.5411251980984,374.283557844692
"50kmE345N360",4.02720013080398,53.4224003669806,10.2471999358386,12.3804001137614,0.023999999393709,0,1.54560003429651,4.78479992598295,0,0.0783999974373728,13.4899999946356,9.11276448487261,14.4914079493771,1362.45900731659,23.4314613407159,404.977377892032
"50kmE350N360",1.14119998761453,32.1763993852074,19.3624004721641,37.0508000254631,0,0,9.74519997835159,0,0.00319999999192078,0.520800007507205,0,8.08835373075409,13.5466837741809,1323.06594946704,18.5812870114487,409.183300434271
"50kmE355N360",10.2139998562052,53.5859982250258,5.3856000304222,10.4315998964012,0.0380000012228265,0.0411999993957579,1.31440004333854,0.434800013317727,0.179999996908009,0.176400004420429,18.1980002962519,9.03105926363455,14.2715199842488,828.658003544005,13.3202008269344,390.535321913762
"50kmE445N360",24.6379995234747,25.3835995681584,4.1579999262467,2.61599998921156,0.0820000015664846,0.356399989686906,0.44680000282824,0.24600001052022,0,0.877999980002642,41.1951989342925,8.37004666537048,16.2916682869922,663.155998444488,22.1499125024306,600.814505152635
"50kmE450N360",10.4979999414354,66.0712009761482,8.19720001891255,0.410400005057454,0,0.0251999997999519,0.0712000008206815,0,0,2.55360007286072,12.1731996536255,7.92651294026072,16.0460692741779,734.806460400859,20.4407472270871,614.549951352407
"50kmE455N360",2.18600006846827,55.4743986343965,19.7639998048544,0.503599997318816,0.0915999989956617,0,0.409599998965859,0,0,0.425999984145164,21.1448006317369,7.82544269313092,15.6705487448921,736.020217941233,19.5791593695272,591.939949406499
"50kmE310N365",0.105492272996344,3.95128661766648,0.588442149455659,3.0784158501774,0.725092487846268,0.0115729919343721,10.4152478277683,0.582210550783202,0,0.115284812636673,80.426953418646,10.2348527070061,14.1153264331212,1674.32876194267,26.051731687898,285.474183917197
"50kmE315N365",1.11240004189312,24.4864010775927,8.02240015473217,9.47760008275509,4.04480001889169,0.047999998787418,45.1076000928879,1.04719996452332,0,1.22680002823472,5.42680006474256,9.21155983330027,13.6192399285573,1810.82843818218,22.759734074221,331.714427465767
"50kmE320N365",3.55079995279084,55.2468013018369,3.81640000268817,13.8203995302319,0.0636000011581927,0.0167999998666346,11.1616000533104,1.23960000055376,0.35880000796169,0.139200000558048,10.5859998613596,9.30729847494555,13.8876114081996,1265.69092889681,19.104654387007,344.708338284807
"50kmE325N365",2.46719997594483,50.5040013231337,5.22360018221661,14.2811997793615,0.0268000003416091,0,4.16879989206791,0.339199998416007,0.195199996232986,0.0339999998686835,22.7600005280692,9.32043615551611,13.4997533057036,1298.88507992895,20.2105387803433,310.030669034932
"50kmE330N365",0.271200003044214,6.77680019289255,2.09719996200874,5.65040004439652,0.0184000004082918,0,4.87960018217564,0.105600000824779,0,0,80.2007973194122,9.62577786530075,13.4011421819615,1281.91061441512,23.8132729421032,278.110456872788
"50kmE335N365",0.793600001634331,12.1023998362944,7.71040003746748,8.71599987149238,0,0,0.899199955165386,0.130000000353903,0,0.0423999998020008,69.6060001850128,9.51898584905618,13.6553459119498,1398.83655660377,25.667963836478,308.630051100629
"50kmE340N365",4.8844000979443,27.9580001486465,17.3871997743845,32.1084007620811,0.807600002735853,0.0691999972332269,14.7067993879318,0.148800003807992,0,0.677999993786216,1.25160003080964,8.13984711877696,13.1221089768718,1618.10687965504,26.7239905919248,376.551234809878
"50kmE345N365",2.76640000520274,20.1996000716462,16.9268000056036,51.9592009484768,0.870000012218952,0,6.80840015411377,0,0.022000000171829,0.447600008919835,0,7.4512517113241,12.7736847252102,1551.65132016429,24.050909446509,400.021474672405
"50kmE350N365",2.10479998568189,50.7475986378267,10.6128002516925,34.1419994831085,0.0576000020373613,0.011600000289036,2.28959992527962,0,0,0.0339999998686835,0,8.1216796875,13.57265625,1113.03900390625,16.35236328125,407.530605468743
"50kmE355N365",1.49800002109259,44.5923992432654,2.96079991385341,12.9196000751108,0.232800003141165,0,1.39600001275539,1.48800001479686,0.0255999999353662,0,34.8868011380546,8.98467082197113,13.8782820412936,817.981281651735,15.8436112193221,361.151947798986
"50kmE445N365",8.72559982526582,30.1728003250901,6.29200004041195,0.301999997464008,0.0331999995978549,0.109999999403954,0.209599989466369,0,0,2.22919993102551,51.9255995750427,8.39321106203198,16.248502016516,706.918475129634,24.1692145189169,599.299231803339
"50kmE450N365",3.64560004964005,35.5016001551121,57.218000292778,1.08599998056889,0,0.0292000011540949,1.33440000936389,0,0,1.18519999086857,0,7.29692189303581,15.4081377452867,890.671008080032,20.431839168911,617.257368218541
"50kmE455N365",4.41400006384356,35.4439997521695,47.4587991833687,1.10400002449751,0.0251999997999519,0.466000009328127,0.573199987411499,0,0.0460000010207295,6.09479993581772,4.37399991205893,7.47680392534164,15.6579084086971,745.009717144507,19.0541081393111,617.75603232634
"50kmE460N365",3.21099612192483,10.4986384976655,28.4794894978404,0.499973719706759,0.0266976247075945,0,0,0,0,0.654091825708747,56.6301108643529,7.92396495282134,15.7238108992876,640.617388792608,20.8641632967457,586.572039283654
"50kmE465N365",2.01317430401105,6.97184528689832,17.582462541759,0.583009989350103,0.0806421732704621,0,0.0201605434995145,0.0748820195440203,0,0.0822879315819591,72.591537720291,8.02477355945295,15.77507226826,594.42491809597,21.775968394681,577.230930815184
"50kmE470N365",0,0.670957984402776,0.212040892802179,0,0.187807649399474,0,0,0,0,0,98.9291906356812,8.16922037823226,15.9060594365102,512.48205326129,25.123060594365,564.671690466996
"50kmE315N370",0.41308289510198,4.47603454813361,0.370901898713783,1.49863758706487,0.839741295203566,0,3.35169248282909,0.823741592466831,0,0.0998768489807844,88.1262908689677,10.2795030445884,13.9759084659213,1477.0344725987,25.1492241209979,266.934492241208
"50kmE320N370",0.24240902857855,11.0102952341549,0.389689407893456,3.84184499271214,1.13574904389679,0,3.99492010474205,0.574152034823783,0,0.0811249308753759,78.7298181792721,10.0933999216608,13.9375440658051,1324.84218566393,23.7709361535449,279.813023893461
"50kmE325N370",0,0.680284884947469,0.427580857649446,0.574796163709833,0.0379759294446558,0,0.899232551455498,0.0140651594847441,0,4.06652692927079e-26,97.366064786911,9.91916617848021,13.5283050185507,1329.13985549697,27.4323569615309,262.141007615702
"50kmE330N370",0.53719999268651,5.67039990855846,5.51839991385349,4.75399997085333,0.168400001712143,0,14.3355995416641,0.28120000497438,0,0.140399998053908,68.5944020748138,9.57901150321715,13.3115909534021,1452.6553129265,27.5078767790994,275.046909728995
"50kmE335N370",1.95120003991178,8.34599989466369,14.3184001091867,13.047200255096,0.356799989822321,0,13.2532000541687,0.448800018057227,0,0.178000004962087,48.1003998735105,9.16886645962759,13.3731560559004,1777.05599767081,27.563373447205,313.558113354036
"50kmE340N370",23.8683998613852,41.7767994396854,7.72839989513158,13.1187997758388,0.0172000000020489,0,8.85640010237694,0.0752000021748245,0.121200003195554,0.915999989956617,3.52160008624196,8.88055447847998,13.9646762310973,1629.47516479256,25.5964133385033,382.546180690193
"50kmE345N370",16.6216002369765,46.6684002574766,9.51839983463287,12.7003999426961,0.172000000020489,0.0676000025123358,8.28720033168793,0.350799993611872,0.134399998933077,0.549999997019768,4.92920000106096,8.66850705859607,13.9649100754206,1083.98826145814,19.6898085476697,396.164571649592
"50kmE350N370",7.98320021858672,34.5388000831008,3.76639999449253,13.2040002150461,0.0372000002244022,0,0.619200011715293,0.765200016758171,0,0.182799994945526,38.9032014179975,8.87477312222435,13.7890615949024,824.499015253911,15.6558408959258,367.183297933963
"50kmE355N370",0.374269433086738,10.4250503703952,1.05034974403679,1.00783270900138,0.122760375961661,0,0.0862316752318293,0.186236470472068,0,0,86.747270822525,9.27781201848929,13.6652927580895,700.32935285054,18.7262134052388,319.358705701076
"50kmE445N370",3.0968095496064,11.849117022939,4.96847901958972,0.274285115301609,0.0626937428023666,0,0.0992650864645839,0,0,0,79.6493530273438,8.30152954588655,16.2096427892841,849.204313129393,24.0298878966369,604.740832224965
"50kmE450N370",2.12559997744392,22.6411996874958,63.6788027361035,2.97679994255304,0.097200000891462,0.0612000003457069,5.33399991691113,0.0188000005437061,0.21959999576211,1.70639995485544,1.1404000222683,7.02035347776496,15.3270239452681,1053.02586469023,20.5060623337134,631.823432155074
"50kmE455N370",1.53079996816814,10.3599996771663,67.9436011239887,9.51879993081093,0,0.375599996186793,4.55959998071194,0,0.157199997920543,5.55440001189709,0,6.86323445521962,15.2972142992966,822.678570070355,19.7425175888952,638.321582049813
"50kmE460N370",0.786000020161737,8.88199983164668,70.8679994568228,7.08160027861595,0,0.275200000032783,0.736000016331673,0,0.0136000002385117,11.3576002418995,0,6.98295259851524,15.471302113078,721.831867504284,20.9857414810586,640.059147154
"50kmE465N370",1.29560000423226,12.5548000563867,76.9331969320775,3.93280014395714,0,0.226800004020333,0.221999990753829,0.0144000005093403,0,1.64960008114576,3.170799970394,7.32918888042635,15.8086633663369,654.851713632901,21.5312833206397,634.020258948975
"50kmE470N370",1.83626228754292,17.8155486326432,3.13946786336601,0.4293289326597,6.19323005666956,0.0140172691317275,0,0.117745064198971,0,0,70.4544007778168,7.90501334349982,15.9174418604653,525.929851315289,23.5484940907358,592.403011818523
"50kmE325N375",0,0.128724209207576,0,0.201318674953654,0,0,0.154169695451856,0,0,0.00673556933179498,99.5090544223785,9.94067207415956,13.49044032445,1318.96517960603,27.9667825415219,257.260023174969
"50kmE330N375",0.0132000001030974,0.991199992131441,0.592400018649642,3.86840004357509,1.37519995332695,0.0255999999353662,14.6855995059013,0.424000015482306,0,0.173200003337115,77.8511982382043,9.52156069364164,13.2045472061655,1596.83552986512,28.3096917148361,270.455568400772
"50kmE335N375",0.446399991778889,5.93280004977714,28.1075993552804,26.9507996737957,0.323200011189329,0,13.8099998235703,0.367600010940806,0.014000000373926,2.30240002274513,21.7452000550111,8.69831827791669,13.1489813569095,2473.91408802614,30.8766865270037,337.40036517394
"50kmE340N375",0.966399992466904,10.2128003025427,19.1847996786237,48.0748001486064,3.07279992848635,0,11.8615999817848,0.0307999987853691,0.814399961382151,4.73480001091957,1.04679997311905,7.56921012269939,12.8302722392638,2610.08065567485,31.1679639570552,398.175095858895
"50kmE345N375",4.3559999918216,40.3155994077679,12.1223997324705,36.3680001348257,0.337999989278615,0.0415999995311722,4.63560000061989,0,0.256799999624491,1.5659999102354,0,8.01219885277246,13.4549521988527,1406.36695984704,23.2316826003824,408.092676864241
"50kmE350N375",6.78160006573307,62.3372000525705,5.96440015360713,5.38759990595281,0.0144000005093403,0,0.0268000003416091,2.67040005419403,0.0791999977082014,0.225999997928739,16.512400098145,8.97460362941722,14.2003533906398,870.254250238777,15.9173256924546,390.230105062084
"50kmE355N375",0.580355639976915,7.23959896713495,0.350237870588899,0.10797314462252,0,0,0,0.0404899270506576,0,0,91.681342019001,9.12917380544476,13.435322672758,717.452693698838,19.4047972587093,312.525147534746
"50kmE440N375",0.132570660207421,0.212852481490699,0.180634119897149,0.0295775156700984,0.0507043150719255,0,0,0,0,0,99.3936598300934,8.66806572769958,16.0067136150233,751.235136150238,23.2298028169015,566.471023474181
"50kmE445N375",3.00560007453896,29.7764008166268,41.4119990542531,2.48600004561012,0.0112000001536217,0,0.170400005299598,0.0568000017665327,0.0967999978456646,1.75720006227493,21.2275994592347,7.59146021021016,15.732789039039,1016.54635885886,21.6902777777778,619.652083333332
"50kmE450N375",1.03360002540285,8.32559978589415,71.067599253729,5.51320016384125,0,0.186399999074638,2.51199994236231,0,0.0315999990561977,11.3300003111362,0,6.73129104897736,15.2206886845563,1057.47318446238,20.6708200412832,642.66003002439
"50kmE455N375",2.2016000613803,11.5856000455096,66.7600024491549,6.39199987053871,0,0.192800001241267,2.58719995617867,0,0,10.2807998657227,0,6.5552799699363,15.1603532506578,814.180082675683,21.8311912814732,651.166873355883
"50kmE460N375",2.36999993940117,8.25319993309677,70.559998229146,6.78839981555939,0,0.164399994537234,1.48639995604753,0,0,10.3776000440121,0,6.41820830983277,15.1174562887764,736.549652190261,23.4888512878361,655.948843767626
"50kmE465N375",1.04560003819643,6.21639982564375,85.1572021842003,4.14439998567104,0,0.0967999978456646,0.701199984177947,0,0,2.6383999735117,0,6.89207948766246,15.6341589753249,635.386569975513,25.026464494255,652.784102467517
"50kmE470N375",1.8771999690216,22.2987992703565,23.5120007768273,1.13360003451816,0.188400002662092,0.1304000033997,0.212000007741153,0.0523999973665923,0,0.00120000004244503,50.5940007744357,7.74496890898781,16.0713868475596,547.947390239306,23.4081025061241,616.241303938195
"50kmE480N375",0.045224413042888,4.92118811234831,1.75051566911861,0.113612553104758,0.111406478390563,0.0667335814796388,0,0,0,0.0364001374691725,92.9549217224121,8.01986404833874,15.9792673716003,553.149811178246,22.8126321752266,578.65762839878
"50kmE325N380",0.117160168883856,1.43846645951271,0,1.77421714179218,0.48708257090766,0,0.392161123454571,0.135059643071145,0,0.0694282469339669,95.5864250659943,9.89860633829651,13.3667430316902,1292.97911416571,27.8942153493696,250.728770523098
"50kmE330N380",0.109199996222742,2.91799996048212,5.27920001186431,19.5964003447443,1.66839997982606,0.0188000005437061,6.62880018353462,0.24720000801608,0,0.389200006611645,63.1447984313126,9.37539077392331,13.0734083110942,1910.13194815097,29.6043080442242,272.70968356843
"50kmE335N380",0.530400006391574,3.891999903135,16.0399998538196,29.1728002950549,4.87200006609782,0,23.0240002274513,0.685199996223673,0,0.957200024276972,20.8264004904776,8.47741598632977,13.127881146763,2701.53933928233,30.4828365293335,355.491266375547
"50kmE340N380",0.411199990776367,1.33679998398293,11.344800144434,41.7348004877567,9.50999995402526,0,31.7056000232697,0.0444000004790723,0.0188000005437061,3.08159999549389,0.812000030418858,6.56169446550416,11.8778241091736,2623.28460955269,34.1267247915085,403.685500379076
"50kmE345N380",0.547200009896186,6.23919997597113,13.3280001580715,48.4743991866707,4.15039991057711,0,25.3176003694534,0,0.0151999993249774,1.92799996584654,0,6.16333207261724,11.6897692889561,1545.78309379728,28.5398638426626,415.190847201207
"50kmE350N380",0.429600007919361,17.9867993414518,11.6308003664017,63.2283973507583,0.939199991262285,0.0356000004103407,5.41040003299713,0,0,0.339199998416007,0,6.67417955488493,12.2353262919653,1238.01887966805,20.3491889852886,415.206110901542
"50kmE355N380",4.80412940378301,34.4099871756043,13.3167941123247,10.3897406719625,0.0632227573078126,0,0.697050942108035,0.18806770676747,0.0468168553197756,0.0476171408081427,36.0365719301626,8.56633728590247,13.2765386787127,916.359721437984,19.7097308488612,347.702540937326
"50kmE440N380",9.67719970358303,5.34440007759259,9.89199988543987,0.177200004691258,1.43240002144012,0.0323999993270263,0,0,0.120399997103959,0.383200007490814,72.9407978244126,8.28476729093279,15.9501668829963,822.583719636566,21.3738549972184,586.417800852957
"50kmE445N380",3.47639993633493,14.4600001862273,70.9152007475495,3.58639987534843,0.0991999986581504,0.0184000004082918,0.773600023239851,0,0.011600000289036,6.37679994106293,0.282400008291006,7.02766648117237,15.388137636802,1066.68545724355,20.5324244110554,633.307178631056
"50kmE450N380",1.88040000866749,9.62240011431277,75.8195995818824,4.34480011463165,0,0.0364000006811693,3.88999991118908,0,0,4.4064000248909,0,6.3489612316825,14.9390001854944,995.434446299391,20.8257651641626,650.36149137451
"50kmE455N380",1.44519999157637,10.0084001664072,76.1980005074292,2.18279995024204,0,0.177199998870492,6.20400011539459,0,0,3.78439985215664,0,6.0928624466308,14.8107573788748,850.08574345647,22.2944496008909,657.473436049747
"50kmE460N380",1.89519995910815,15.7864001579583,72.6024004630744,2.13159993290901,0,0.0436000002082437,0.661600008606911,0,0.0148000006447546,6.86440020799637,0,6.16587065601196,14.9988199219475,720.686693923061,24.693551384501,663.246980115213
"50kmE465N380",1.3263999746414,9.54679979477078,81.8824028596282,2.71039996296167,0,0.296800001524389,0.0931999995373189,0,0,4.14399988949299,0,6.79674236783319,15.7430007446014,633.541716306775,27.844843633656,668.63274385703
"50kmE470N380",1.14679999533109,4.24399997573346,34.3328014016151,0.753200007602572,0.261199998203665,0.0544000009540468,0.153200002387166,0,0,0.857200007885695,58.1971986917779,7.60252280767112,16.2425525972814,574.77443679017,23.4283932228636,639.344237572147
"50kmE480N380",0.733600015519186,26.0272008134052,25.5359994946047,1.15639995783567,0.0763999982154928,0.0236000007134862,0.106399995274842,0,0,0,46.340399980545,7.82545301699905,16.1114235008402,569.79796375864,24.7561927890903,612.274687091351
"50kmE485N380",0,1.42198405228555,0.923878638423048,0,0.501393200829625,0,0,0,0,0,97.1527457237244,7.92895720426067,16.0451971594111,613.465053261073,29.4094374883199,586.849729022617
"50kmE325N385",0.0400033604819328,0.382832158356905,0,2.69582644104958,0.560447096358984,0,0.174014619551599,0.0984082696959376,0,0,96.0484683513641,9.76117824773361,13.180702416919,1367.71686178247,28.6552492447134,246.292145015103
"50kmE330N385",0,0.440400000661612,0.0900000028195791,3.61479993443936,1.17040003387956,0,2.45840009301901,0.0415999995311722,0,0,92.1844005584717,9.47736168611222,13.0699849454277,2149.13089951073,30.961422657132,263.961987203619
"50kmE335N385",0.0820000030216761,2.06159995286725,4.46120006963611,29.1575990617275,6.93359996075742,0,22.9315996170044,0.419600018358324,0.107999995816499,1.88880003988743,31.9560009345878,8.36863960916951,12.8536076662907,2898.59498308906,31.4166478767381,342.670067643744
"50kmE340N385",0.638399990566541,2.05439999699593,13.901200145483,36.0748004168273,8.80999995861202,0.0255999999353662,33.9428007602692,0,0.0372000009519979,4.51559983193874,0,6.77739700374531,12.0316853932585,2295.42082397004,33.5823970037453,398.181217228466
"50kmE345N385",0.928800014662556,8.00200034864247,17.38559929654,34.142000041902,4.75960001349449,0.284400000236928,32.0627987384796,0,0.000799999997980194,2.43400000035763,0,6.64471126892169,12.0360399925247,1315.54735563446,23.7470940011213,403.410801719306
"50kmE350N385",0.824400012788828,19.328399351798,17.7407996729016,44.3271989002824,3.41279990971088,0,14.2539992928505,0,0,0.112399994395673,0,6.91373974645788,12.3267524235645,1144.24028709918,17.1681580909769,404.125503355704
"50kmE355N385",2.43639999680454,78.0531992495526,11.8847996927798,5.77239999547601,0.0467999998363666,0,0.801599957048893,0.0736000016331673,0,0,0.931200012564659,8.44972103403385,13.44758229496,977.433289938626,18.3087781290682,372.489027338664
"50kmE360N385",1.16488572602975,21.6861392720603,1.51974170003086,1.28416921943426,0.151225528679788,0.0309438357362524,0.432215537875891,0.272505405882839,0,0.113793462514877,73.3443827979499,9.02069413511545,13.1944691907938,839.971752041576,24.8613400148478,302.120768374162
"50kmE410N385",0.643338756344747,2.98963308741804,8.78927565645426,2.83186309970915,1.1369027197361,0,0.108733307570219,0.0469045655336231,0,0.304346671327949,83.1490039825439,8.54701301081171,14.5266904892801,1474.13023639362,31.3470588235294,442.207898112514
"50kmE415N385",1.28631652332842,2.20153871923685,27.3794267326593,0.995050626806915,0.777572114020586,0,0.193314265925437,0,0.0785339158028364,1.01274233311415,66.0755038261414,8.3844322344324,15.0428021978026,1420.46485347985,30.7333150183151,499.39695970696
"50kmE420N385",2.56100827245974,0.760927842929959,5.45119345188142,0.138106726080877,0.136095471680164,0,0,0,0.0388844200642779,0.0978814670816064,90.8159017562866,8.66648653599534,15.3040392013187,1234.56209928558,32.4479758197475,499.219985345299
"50kmE440N385",5.37560009215667,17.3712000250817,34.8279986530543,0.469999993219972,4.98679986922071,0.014000000373926,0.0920000020414591,0,0.578399980440736,0.719599984586239,35.5643988586963,7.87286289584491,15.7074775764235,903.59712612118,21.7217279882846,597.695863078899
"50kmE445N385",3.56439999668509,20.9372000768781,63.9984007924795,2.67480004840763,0,0.081200001295656,1.61639992147684,0,0,7.12760016322136,0,6.8195197947214,15.3043621700881,971.802401026396,19.7137829912023,641.553995601178
"50kmE450N385",1.36600001642364,28.7411992438137,60.213200841099,3.42280007898808,0,0.111599999945611,3.32919992506504,0,0,2.81600002199411,0,6.09890109890116,14.7094871794872,893.802802197803,20.7833516483517,649.840036630036
"50kmE455N385",3.44599999370985,16.0592000858742,54.2395992204547,2.10319999605417,0,0.0167999998666346,1.8503999337554,0,0,22.2847998142242,0,6.25965314736648,15.0564599008989,718.306092861076,25.1589098917233,658.518003303365
"50kmE460N385",1.2848000464146,12.5380001962185,73.547201603651,2.19039991497993,0,0.083999999333173,0.386400008574128,0,0,9.96920019388199,0,6.14412520653572,14.9990361666973,653.60005507619,26.7351018909493,663.543822287495
"50kmE465N385",0.901600007637171,13.5748000757303,73.8943973556161,3.108000010252,0.0155999994603917,0.111599999945611,0.0403999991249293,0,0,8.35359990596771,0,6.6456465833946,15.6650257163848,637.017248346806,28.0466017634093,673.023567229976
"50kmE470N385",1.05228542379336,5.50885875709355,26.3717017369344,0.427891965955496,0.0649657915346324,0.0521330453921109,0.0485238328110427,0.0525340670719743,0,1.57441794872284,64.8466885089874,7.43870908422233,16.0756895917613,615.878006620081,24.2713497609413,636.885399043763
"50kmE480N385",1.76195927051595,21.0654242662713,29.9785375362262,0.589055049931631,1.08440586773213,0.0364405219443142,0.426874682307243,0,0,0.392836844548583,44.664466381073,7.70269174041308,16.1122971976401,572.176880530972,25.7337020648968,620.072197640121
"50kmE485N385",0.432722026016563,1.41836668481119,4.55846339464188,0,0.902076624333859,0.0663965009152889,0.0898642290849239,0,0,0.257572624832392,92.2745406627655,7.83770083102411,16.0084302862427,592.242493074792,28.3701015697138,589.264247460757
"50kmE325N390",0.223764727707021,3.83928795345128,0,6.62991218268871,0.523916695965454,0.0244937284151092,6.4036563038826,1.68757624924183,0,0.903361849486828,79.7640324919484,9.61379761015723,12.9989544436153,1336.85666542195,28.534634055265,242.567046303211
"50kmE330N390",0.0544000009540468,2.6780000065628,3.09959992300719,4.67840000055731,0.413599994499236,0,16.2660002708435,0.114800001028925,0,0.151600001845509,72.5435972213745,9.39455611390274,13.0250790991995,1896.80011166946,30.4837334822262,267.207202680067
"50kmE335N390",0.230000006558839,3.04599998053163,2.73959995247424,17.7580000832677,2.43320006411523,0,33.0395996570587,0.52680001463159,0,0.543599994853139,39.683198928833,8.60762523191087,12.7294248608534,2283.82309833024,32.283432282004,310.346530612244
"50kmE340N390",0.205200002528727,1.07720003579743,4.04279986396432,23.2376001775265,13.9191993512214,0.0432000000728294,53.7455976009369,0.0436000002082437,0,3.68559993803501,0,6.79530642473616,11.8960099981484,2368.46017404184,32.3428624328829,386.456582114423
"50kmE345N390",3.15759994846303,28.366399591323,19.2612005397678,16.2760000675917,2.51759998500347,0,11.2304002046585,3.92279992811382,0,0.602399976924062,14.665599539876,8.35308174940023,13.6797656394168,1124.19922494926,20.3298948145414,398.299188042074
"50kmE350N390",1.747043603973,17.0271807583049,12.4486645217985,3.25287389568984,0.0618495512753725,0,0.78466460108757,1.12607415067032,0,0.031337104155682,63.5203097423073,8.97206044968677,13.5758016955399,819.10451529672,18.5895318835238,338.984776999631
"50kmE355N390",0.703690823866054,17.1162947954144,3.65999124478549,1.57973738387227,0,0,0.251685036346316,0.129552162252367,0,0,76.5590518683893,8.9705882352943,13.1044117647061,840.839062500002,23.9882904411765,298.57220588235
"50kmE405N390",0.551804294809699,10.4055209551007,1.56272513559088,4.60989512503147,7.94473327987362,0,0.135910022072494,0,0,1.29426680505276,73.4951436519623,8.33504165157548,14.1494567185803,1757.7377399493,32.1726548352049,430.105758783048
"50kmE410N390",0.678000002517365,5.90640004957095,40.5687991529703,20.0712006830144,13.0112001439557,0,1.00119998678565,0,0.0487999990582466,5.38959987461567,13.3248001337051,6.59820911722143,13.7119030390739,2471.77735166426,35.0692293777132,536.370929811867
"50kmE415N390",0.430399998731445,5.86760006844998,72.197600081563,10.992400161922,2.58840005844831,0,4.32359986007214,0,0.210399995557964,3.38959991931915,0,5.94987332609482,13.8733260948245,2039.99274339486,31.1792254795512,591.155555555555
"50kmE420N390",2.46040000347421,4.28840012755245,69.6000004187227,2.77280007721856,0.492399977520108,0,2.10159998387098,0,0.165999995078892,3.62280011177063,14.4955992698669,7.2675076867428,15.4380086814974,1479.3988786399,28.4890576957856,606.404865255922
"50kmE425N390",1.01704443513881,1.55981946736574,11.4907866343856,0.347212061751634,0.036302104126662,0,0,0,0,0.426842458546162,85.1219952106476,8.49904263005819,15.9598446531791,1118.88473627168,29.3796604046244,559.090805635842
"50kmE435N390",0.714477489236743,2.11713259341195,2.47711092233658,0,4.19098027050495,0,0.0224643998080865,0,0,0,90.477833597106,8.43891300416012,15.758374027853,851.312805208899,26.5349430276723,559.419063121718
"50kmE440N390",2.43319995352067,21.1616002954542,59.2743970453739,2.07479998352937,1.46640003658831,0.0276000006124377,1.27400001510978,0,0.0552000012248755,2.61959992349148,9.61320019559934,7.25070498915405,15.6779103398409,975.509598698481,20.9583333333335,634.91082791034
"50kmE445N390",2.74039992509642,45.3668012749404,26.141999475658,1.07279997318983,0,0.679600005969405,1.21600003913045,0,0.222799996845424,22.5595995783806,0,7.1530571635311,15.9748914616495,794.494392185239,20.9721418234443,660.962771345879
"50kmE450N390",3.57359990448458,52.834400635038,34.5187995582819,1.49280000478029,0,0.963999982923269,1.09479995444417,0,0,5.52159994840622,0,6.68795726186172,15.48516841724,711.418507787035,24.5893879029336,659.741325606659
"50kmE455N390",1.62279998185113,24.6260001411429,31.9352004677057,1.9896000623703,0,0.510000018402934,1.15839997306466,0,0,38.1579995155334,0,6.80519739224936,15.8522274538212,639.470300615717,29.5891705903657,671.272600507062
"50kmE460N390",3.59279998083367,43.4523990377784,41.4668006822467,1.25919999554753,0,0.531599996611476,0.0823999987915158,0,0.0984000042080879,9.51640009880066,0,6.58214932946716,15.6459586806814,596.263537513592,28.5077020659661,676.293512142085
"50kmE465N390",2.46359993107035,29.6788000268862,55.320399440825,2.0576000213623,0,0.197599991224706,0.253199995495379,0,0.0372000009519979,9.78360027074814,0.208000000566244,6.72927094668126,15.8486035545881,613.095738121147,27.4783641639463,681.08748639826
"50kmE470N390",0.291999994078652,8.50999993272126,28.4035991644486,2.12360005825758,0.0335999997332692,0.0356000004103407,0.0288000010186806,0.0432000000728294,0,0.950799975544214,59.5787984784693,7.23803853844724,15.8256589710965,594.893473913833,25.1030721686966,633.875804399203
"50kmE480N390",0,0.105358465225436,0.752325309440494,0,0.17614618409425,0,0.0304551824228838,0,0,0.148983451072127,98.7867295742035,7.65546846518446,15.8622858184455,544.762850893181,25.3848158950057,592.895497630322
"50kmE485N390",0.0844559108372778,0.852491427212953,2.01527681201696,0,1.73624553717673,0,0.0508601893670857,0,0,0.192242185585201,95.0684309005737,7.70607664233578,15.9073905109474,570.119288321167,26.9540328467153,587.033886861323
"50kmE325N395",0,2.47669008094817,0.246214587241411,2.13801516219974,0.10336857085349,0,4.43030409514904,1.78635437041521,0,0.511129014194012,88.3079251405433,9.57352941176528,12.9332380601139,1395.2324174811,30.129393324728,238.626111008668
"50kmE330N395",0.0472000014269724,1.25879996048752,0.178800005232915,7.61960007948802,4.23159985803068,0,17.4615994095802,0.447600008919835,0,0.815599970519543,67.9392029669543,9.23392495861637,12.8999724112561,1640.47459996322,30.2011771197352,267.962718410888
"50kmE335N395",0,1.07519999146461,0.0427999999374151,1.60280003328807,0.155599997378886,0,10.5608001351357,0.0452000007499009,0,0.178000004962087,86.3395988941193,9.24002201027125,12.9843543653704,1651.95973954512,33.1670946441673,272.941324284663
"50kmE340N395",0.0832000027003233,1.61559995030984,2.21840002923273,10.4791996534914,4.45600005332381,0,43.9195990562439,0.106000003870577,0,2.47559994459152,34.6463995985687,8.2444779667215,12.6130462607423,2143.12929237521,29.7814957030534,327.079722069848
"50kmE345N395",0.29159999685362,4.45880007464439,11.3171997014433,29.9955997616053,2.36399992572842,0.0568000017665327,47.5656002759933,0.116400001570582,0.0468000012915581,2.93199997395277,0.855199969373644,7.62073749543634,12.7041438481197,1608.93966776196,26.0047462577583,383.685414384809
"50kmE350N395",0.40824880998116,4.11513179424218,3.64199827890843,14.340293314308,0.0673026166623458,0,37.2892767190933,0.167249015066773,0,0.577512849122286,39.3929868936539,8.38748180494872,12.9890465793303,1007.38975618632,20.69461426492,341.608642649201
"50kmE355N395",0.529699189064558,5.28190571349115,0.827235914766788,2.04001243546372,0,0.084651296492666,2.23362073302269,0.121529086027294,0,0.112309644464403,88.7690365314484,8.92253086419792,12.7842774146693,831.754302832245,26.2751997095134,277.341848220771
"50kmE405N395",5.20520011996268,26.9255997613072,9.42399986088276,11.2859998946078,5.37839985918254,0,0.648800004273653,0,0,3.29679995775223,37.8351986408234,7.70332618025751,13.7724070100146,2019.47905937053,32.5191165951361,455.827736051497
"50kmE410N395",0.359599995681492,2.5332000805065,12.8891996107996,37.9015999438707,38.545198738575,0,0.440800003707409,0,0.0344000000040978,5.45400008559227,1.84199996292591,3.89476598785282,11.4893533404788,3303.12431225437,35.4785637727762,561.740532332974
"50kmE415N395",0.24479999410687,0.844800012419001,27.4071998894215,44.2396012600511,17.9667994379997,0,1.6907999292016,0,0.149599998258054,7.45640024542809,0,3.40604572245046,11.6887390605465,2066.12034291837,30.2425790319699,610.536577960351
"50kmE420N395",0.393999990046723,0.96600001124898,71.8311998993158,8.5267998278141,10.0939997486421,0,1.6448000445962,0,0.112000002991408,6.43120035529137,0,5.1163274415283,13.7319139439385,1519.35965006249,27.6266738082484,643.195268702019
"50kmE425N395",1.07719999068649,2.35120006909711,67.5251999869943,2.64880005270243,0.603599986061454,0,0.608400022611022,0,0,3.81800010800362,21.3676005601883,7.26956405217057,15.6271306056817,1183.30389494372,27.8360371627657,625.561390030374
"50kmE430N395",3.20123045239598,4.8011225182563,9.01108528487384,0.55017382837832,0.102223362773657,0,0.0154299414134584,0.0588266470003873,0.0520760484505445,0.516903027892113,81.6909313201904,8.24075990010727,15.9500713521234,969.884677131646,27.9027648947556,583.888601498395
"50kmE435N395",1.170860248385,5.69675038568676,16.8156990781427,1.16917074192315,2.0308427978307,0.0194298598216847,0.0206970245926641,0,0,0.250476249493659,72.826075553894,8.05388869068837,16.0088476632187,887.65340706386,26.7838565822332,603.741330717088
"50kmE440N395",0.564799999119714,11.7227996815927,74.3452003225684,3.06160002946854,0.156799994874746,0.0820000015664846,3.20600010454655,0,0,6.34360015392303,0.517199997557327,6.6507678571429,15.3661428571427,983.511107142859,23.0503571428572,655.768017857144
"50kmE445N395",0.885200014454312,8.43439973832574,31.9492006674409,0.946000032126904,0,0.1304000033997,0.1304000033997,0,0,57.5244009494781,0,7.04073214285693,16.1437499999999,802.84964285714,21.9089285714285,679.024428571432
"50kmE450N395",0.697600012063049,8.72919979738072,14.8007997311652,1.15639996874961,0,0.141200004145503,0.209999992512167,0,0,74.2648005485535,0,7.13071492403923,16.2102680965152,697.083521000893,25.1047363717605,673.138302055403
"50kmE455N395",0.998399999116373,13.2159998174756,58.1363985314965,3.22480015456676,0,0.148400000762194,1.84000004082918,0,0.0472000014269724,22.3887994885445,0,6.52636331128186,15.6311192562132,722.900733059183,25.2091006615411,678.065814410872
"50kmE460N395",1.06240000823163,14.4119996577502,67.3439983278513,2.82039996236563,0,0.121999997645617,1.03359995409846,0,0.015999999595806,13.1896004080772,0,6.44629297994288,15.7148818051578,688.389129656162,24.9342585959885,691.779620343841
"50kmE465N395",3.61200000625104,19.8240000754595,59.6396003849805,2.51679997891188,0,0.212799990549684,0.385199999436736,0.144799996633083,0.171600002795458,10.2935999631882,3.19959993939847,6.65437354364565,15.9552876859651,637.571984226563,26.5083527513891,694.864939953396
"50kmE470N395",2.20439996046479,23.3383999671787,33.3843992091715,3.82320001372136,0,0.147200003266335,0.245600007474422,0.105199997778982,0.0207999997655861,4.40559983253479,32.3251995811006,6.8949605451939,15.7873565279766,598.538091822095,26.1378766140601,658.648583213774
"50kmE475N395",0.323546683648601,0.487727388099302,5.51618203462567,0.0327398447552696,0.0659611541777849,0,0,0,0,0,93.5738416010281,7.20070979335089,15.6403683737642,525.944833782571,24.5504222821203,617.249775381845
"50kmE485N395",0,0,2.94109638780355,0,0.385791971348226,0,0,0,0,0,96.6731131076813,7.51297297297324,15.7339459459469,567.143909909911,26.976126126126,587.971819819807
"50kmE330N400",0.0232696220336947,1.56588512472808,0.0633896619547158,3.21762713720091,1.5626755222911,0,15.6303659081459,0.0160480150952935,0,1.12937912344933,76.7913578718435,9.3450855478704,12.9809428467417,1592.91829268293,32.4124863487441,262.859956315983
"50kmE335N400",0.403600004938198,4.24800007604063,0.0872000033268705,1.67439999058843,0.228400004561991,0,26.6891986131668,0.298799993470311,0,0.72400001809001,65.6463980674744,9.25295289855082,13.0660869565216,1490.67182971015,30.8538949275363,276.934112318839
"50kmE340N400",0.0421093543991446,0.264687372327898,0.25543257361278,1.21145378798246,1.13648986443877,0,7.76107832789421,0.0499759393278509,0,0.207770336419344,89.0710040577687,9.02546965317995,12.732821531792,1802.38471820809,32.8210802023122,265.692449421968
"50kmE345N400",0.0405227023293264,1.63936394965276,1.28629487444414,6.84151621535421,6.61362584214658,0,36.6365343332291,0.699718746909639,0,1.41628850251436,44.8261320590973,8.32516669670207,12.3661290322581,1608.91391241665,29.400792935664,294.412344566588
"50kmE350N400",0.531824328936637,10.6174350716174,4.16339006915223,5.25379199534654,0.0235105268075131,0.0628298555966467,20.0342118740082,0.233483850024641,0,0.743824429810047,58.3356976509094,8.69839173405195,12.7192902066486,1097.36050314466,25.6977358490566,291.391608265949
"50kmE355N400",0.221865484490991,10.3568785823882,0.803902186453342,6.51889340952039,0.0547460294910706,0.0275788246653974,4.88104075193405,0.377871072851121,0,0.0967317027971148,76.6604900360107,8.70519096288306,12.3789940828395,983.453110991576,27.6973821050744,263.399802761342
"50kmE400N400",0.529901224945207,2.20286110707093,0.170920073287562,1.07939215376973,0.986830815963913,0,0.131250952836126,0,0,0.0719921255949885,94.8268532752991,8.55639462992451,13.8863893305071,1311.79099099099,31.3574633456987,384.034569863981
"50kmE405N400",1.7964000471693,14.5952004007995,17.4879999831319,6.9327998557128,5.99959988758201,0,0.500799994915724,0,0,1.62439998239279,51.062798500061,7.81178028965033,14.2096785588134,2015.12223595902,31.7402331331686,486.869657364888
"50kmE410N400",0.100400000519585,2.62080005486496,21.5876002795994,14.1104004520457,48.327199742198,0,1.01199997588992,0,0,8.64159986376762,3.59999984502792,3.50231881502382,11.1525921354258,3226.86044789278,34.1979897725269,559.573831775701
"50kmE415N400",0.228800002514618,0.808400017558596,27.64159925282,30.809600604698,29.6248005703092,0,3.64199988543987,0,0.0112000001536217,7.23360031843185,0,1.67770723104058,10.2051322751323,1954.5485361552,28.0956261022929,616.89238095238
"50kmE420N400",0.343199992494192,2.11880006827414,67.9499987512827,12.8636002540588,6.05360002955422,0,1.30279995501041,0,0.0376000010874122,9.33040007948875,0,3.79683700440529,12.8345991189427,1294.14556828194,26.2819735682819,680.161726872246
"50kmE425N400",1.75519997283118,7.79120000079274,72.9371980298311,9.30279977619648,1.33880004286766,0,0.618800008669496,0,0.185999996028841,5.61840012669563,0.45159999281168,5.30900052789022,14.6857205701214,1148.82713355622,27.0880168924866,713.196867851486
"50kmE430N400",5.37959992725518,22.155599531834,50.5403993651271,9.52359968796372,0.00720000025467016,0,0.478800013661385,0.0775999971665442,0.426799990236759,2.1951999515295,9.21519994735718,6.46350970017633,15.5262433862433,1113.80093474427,26.7300176366842,687.348112874779
"50kmE435N400",6.07400006847457,23.1624003965408,36.0616005025804,1.84799996204675,0.0655999989248812,0,0.301199988462031,0.374400010332465,1.07840001583099,2.70319990813732,28.3311992883682,7.12671836446944,16.2462460345438,930.157525555166,24.8850546351778,689.243056045117
"50kmE440N400",0.968800011469284,10.6059997342527,70.0615991372615,3.87799989694031,0,0,1.62719991058111,0,0.014000000373926,12.8235995769501,0.0207999997655861,6.32592886071493,15.4022275048424,913.855819686563,23.5114808945237,682.517168515586
"50kmE445N400",0.823200015292968,12.080000131391,70.8343969192356,2.85000000149012,0,0.380000006407499,0.48119998537004,0,0.0123999998322688,12.5387996435165,0,6.38662493387401,15.6263886439781,836.355316522659,22.350167518956,693.880356198197
"50kmE450N400",2.92839999310672,11.204800219275,23.1071996502578,0.6976000033319,0.011600000289036,0.956800021231174,0.997999962419271,0,0.193200004287064,59.9023997783661,0,6.75375860243524,16.2898447150166,765.685900829363,24.2437974236812,710.096276689603
"50kmE455N400",2.41279997426318,11.5595998242497,66.176800057292,4.12199981510639,0.0112000001536217,0.687600020319223,4.21920008957386,0,0.205200002528727,10.5599999427795,0.0456000008853152,6.13566890222365,15.6037945640663,796.429474055771,24.5549241087184,707.058471584896
"50kmE460N400",4.52319992473349,35.8504006173461,44.2540001124143,1.96080002933741,0.0228000004426576,0.706000020727515,0.690799998119473,0,0.130000000353903,11.8620000779629,0,6.35645218313594,15.887758529256,706.499540392433,25.691567968888,714.95563019268
"50kmE465N400",3.22079994220986,26.6676004510373,52.440800704062,2.69520003348589,0,0.440400000661612,0.244800001382828,0,0.208400003612041,14.0819996595383,0,6.47639306562903,16.0246683177074,635.198779409164,28.0020343180613,713.705607641961
"50kmE470N400",2.20439996919595,23.5811996739358,58.1788002047688,1.50920003507054,0,0.413599982857704,0.433599995449185,0,0.0203999996301718,13.6588007211685,0,6.47099486634825,15.9313949371573,616.703522747388,27.7486811825106,704.473623650198
"50kmE475N400",14.4072001792665,15.1580000761896,41.1227993201464,0.161599996499717,0.368000003800262,0.133600004483014,0.128800002858043,0.0407999992603436,0,6.02359995245934,22.4556004308397,6.66789007092198,15.7098404255321,603.169574468085,25.9312765957444,669.722092198583
"50kmE480N400",1.4242824188841,0.437684242933756,7.62691940180957,0,0.0804832605354022,0.00994736910797656,0,0,0,0.0945000094361603,90.3261817758903,7.01525062211188,15.3482047635967,553.120938499821,25.9984536082473,604.226253110561
"50kmE355N405",0.372068808064796,15.4987286776304,0,7.6171975582838,0.0480605573102366,0.0752948690205812,1.65408421307802,0.282355770468712,0,1.1438412591815,73.3083665370941,8.6446008143037,12.1181713577629,1111.87578332448,31.3461497610198,246.76321472827
"50kmE360N405",0,3.4729485400021,0,0.312856747768819,0.0983946374617517,0.0640042824670672,0.0277033454040065,0.566485631861724,0,0.0630489899776876,95.3945577144623,8.68559561682609,12.094379639449,999.103835277485,31.5806468716858,243.331495227985
"50kmE400N405",0.11563963489607,0.88615152053535,0.267730886116624,0.474499579286203,4.65449504554272,0,0,0,0,0.0672469614073634,93.5342371463776,8.39795046223595,13.66011686726,1454.92128030699,32.1838304552591,377.468201639632
"50kmE405N405",1.26400001390721,11.008399957791,27.7372001670301,12.3904001258779,14.1444001346827,0,1.57680008560419,0,0,2.01319996267557,29.8655986785889,6.85656565656566,13.4841344479275,2700.31652734239,30.8951584813651,503.737460815047
"50kmE410N405",0.289199994585942,1.52080004336313,20.9996006451547,26.7500012530946,41.8340012431144,0,0.480000022798777,0,0,4.7775998711586,3.34880016744137,2.77154917319409,10.9057006092254,3588.58614447345,34.4193733681462,587.322889469102
"50kmE415N405",0.490400003036484,0.431999981810804,13.6240001767874,32.4667998240329,43.0947992019355,0,2.05320008099079,0,0.0119999996968545,7.82679989933968,0,0.407289491997243,9.32374739039669,2015.616144746,27.789335421016,639.108194154488
"50kmE420N405",0.613600018550642,1.82160002877936,37.7328000962735,32.664798758924,12.3360002413392,0,6.93759992718697,0,0,7.89360031485558,0,1.39678260869568,10.6090608695652,1394.40601739131,26.0091130434783,674.533547826088
"50kmE425N405",1.27519995221519,3.2391999149695,69.7868027724325,16.0992003977299,2.03719992859987,0,2.5976000353694,0,0.293199997395277,4.67160008847713,0,3.66323811182722,13.5381379550601,1086.62774777914,29.5045636648667,743.294547988155
"50kmE430N405",6.15920016789459,16.0448000417091,63.2812025607563,6.80279980879277,0,0,0.352000002749264,0.0503999995999038,0.436000013723969,3.88519987463951,2.98839993774891,5.22859868192853,15.2262747138397,1030.33048907388,25.7595039889006,767.980558446064
"50kmE435N405",13.076799645205,23.6356002511457,45.5704014282673,3.72840017080307,0,0.0207999997655861,0.371999992057681,0,0.541200023144484,4.77639995515347,8.27839970588684,6.07964316797213,15.8366144473455,989.753437771978,24.7285987815493,743.0134899913
"50kmE440N405",0.63199998694472,11.7575999582186,73.4784005355323,3.80720011889935,0,0.0108000000182074,4.09599989652634,0,0,6.21800012886524,0,5.73748261474275,15.2543463143255,907.132545201669,25.6989047287897,719.247844228095
"50kmE445N405",1.30040004150942,10.2096003218321,71.0611984017305,3.18440012633801,0,0,0.484000006690621,0,0.0119999996968545,13.748399913311,0,5.80444425117411,15.4129152896155,833.063524091149,25.5724473821536,725.187406505483
"50kmE450N405",0.983600004110486,11.5351996384561,70.9907998796553,5.41439987719059,0,0.172800000291318,2.24559996277094,0,0.455600023269653,8.20199996232986,0,5.62442103430267,15.38472052934,842.350287306289,25.1282779035348,737.723750652966
"50kmE455N405",0.996399999712594,2.35760000068695,76.8975991057232,4.70760017633438,0,0.111599999945611,1.95799991488457,0,0.0612000003457069,12.9099994897842,0,5.30058352203449,14.9431893398363,902.018585612262,23.3143354816234,724.845985020033
"50kmE460N405",1.84960000333376,14.243200130295,68.8719999277964,6.12040013074875,0.00960000033956021,0.193599995691329,1.90319996327162,0,0.0696000002790242,6.73879981040955,0,5.75814440181377,15.4671259155912,797.645413324033,24.7589815137774,728.490756888733
"50kmE465N405",5.58079990005353,33.6431991774588,43.7155989930034,4.18200008571148,0.822400022298098,0.526000000536442,1.33840003982186,0,0.107600004412234,10.0840002298355,0,6.1887890420519,15.9412755191066,670.130622927933,28.285674402373,729.668574419802
"50kmE470N405",2.46280005958397,42.328000611451,32.0504012517631,1.3903999933973,0,0.514000002294779,0,0,0,21.2543994188309,0,6.28209725380438,16.0412191708939,598.01448312052,29.4022564281971,727.837064894178
"50kmE475N405",18.227999973169,25.554399844259,41.5195988491177,0.429200008511543,0,0.218000006861985,0.165600003674626,0,0.00319999999192078,8.17039981484413,5.71159987011925,6.34894994749737,15.830346517326,599.835859292964,28.29805740287,705.889341967096
"50kmE480N405",3.60240007867105,3.6703999619931,21.2455997709185,0.3175999969244,0.221200007945299,0.0119999996968545,0.0123999998322688,0,0,0.603199983015656,70.3151983907447,6.60132340052591,15.1408851884311,560.219737072743,26.3027519719544,627.625398773009
"50kmE485N405",0,0,0,0,0.110557267908007,0,0,0,0,0,99.8894453048706,6.86241657885508,15.1853354408158,484.726817702847,27.041412012645,600.163259571483
"50kmE400N410",0.155951664783061,0.815929603413678,0.308345485245809,1.43677142623346,7.74895955837565,0,0.135790614876896,0,0,0.19864565692842,89.1996085643768,8.23153819683366,13.4533551273227,1664.30813833448,33.4830695113558,374.673692360629
"50kmE405N410",3.94599994906457,6.38720000861212,33.385600335896,7.94240002869628,8.89920014888048,0,0.723600015044212,0,0,1.69879999011755,37.0171993970871,6.68172366385974,13.7693847740162,2831.56050867847,30.3027324282523,536.770510396976
"50kmE410N410",0.387600000249222,2.44199999724515,17.2776003368199,9.04079985630233,53.5952009260654,0,0.621599983423948,0,0,3.3975999802351,13.2376000285149,2.3174166952937,10.8996908278942,3402.90273102027,32.6669529371349,619.686688423221
"50kmE415N410",0.0928000023122877,0.0763999967603013,1.62719999352703,32.0416003465652,56.6312012204435,0.0828000018373132,2.52480003982782,0,0.0232000005780719,6.89999982714653,0,-0.377634740816998,8.53789907312042,1929.72756608308,26.6072948849983,631.726158599386
"50kmE420N410",0.189199998567346,0.500400009332225,12.1947998180986,34.8012004047632,42.6580009661848,0,2.42919996380806,0,0,7.2272002696991,0,0.0429343165838079,9.46058137540731,1167.72524438347,28.354364602984,678.924335448467
"50kmE425N410",0.755199976265431,3.07040004990995,58.4556024521589,25.7252003997564,3.20160016417503,0,5.49519993364811,0,0.159200001507998,3.13760004937649,0,2.2717860815907,12.2930065135413,1074.84413781282,33.9429550908468,742.190332533424
"50kmE430N410",1.29800002032425,11.0748000442982,65.3779988642782,8.93639968708157,0.0452000007499009,0,2.37840004265308,0,0.42519997805357,10.4639999568462,0,4.46713010641949,14.8152248541023,958.222966014421,29.0490559560589,793.969412976312
"50kmE435N410",3.61799997772323,22.9904000327224,53.8471974432468,13.1180003285408,0,0,1.85400005429983,0,0.591999990865588,3.98040004074574,0,4.76266083376224,14.6523674729801,1028.57622233659,25.5498370217876,757.259135357694
"50kmE440N410",0.939199996355455,13.6936000315472,68.0320009356364,6.49039980489761,0,0,5.31519986689091,0,1.02519998326898,4.50440011918545,0,5.04025394646531,15.0540837336993,900.278757721343,28.4555422100207,763.585466712422
"50kmE445N410",0.468799989903345,3.68960006162524,80.4775996948592,6.52360022068024,0,0.00960000033956021,2.84240003675222,0,0.0127999999676831,5.97559995949268,0,4.83156539649847,14.9032097493993,934.880003432887,26.6612255406799,764.26343975283
"50kmE450N410",0.568800011387793,2.73519998881966,72.6159985875711,11.3664001226425,0,0.139200000558048,4.28959988057613,0,0.570000009611249,7.71479979157448,0,4.69235657849536,14.6722260391618,923.399295774646,26.3651494331848,754.074922706977
"50kmE455N410",0.708400015719235,0.663200010603759,75.2252025064081,12.0279997587204,0,0.118400005158037,4.02319990098476,0,0,7.23360031843185,0,4.59968185726571,14.4316509028374,894.16749785039,25.4657265692177,739.013533963878
"50kmE460N410",1.9791999613517,4.12880007061176,76.6067979391664,7.11600035429001,0,0.0663999991957098,0.413999985903502,0,0,9.68879982829094,0,5.15320137693629,15.032082616179,788.977469879519,26.3588123924269,741.845232358001
"50kmE465N410",2.17399995890446,21.379199787043,59.1195978689939,3.97880002856254,3.95039990544319,0.751199992373586,1.21200000867248,0,0.503200013190508,6.93159997463226,0,5.76669822688928,15.7046565673954,690.892442761233,28.6067481494233,744.854277844729
"50kmE470N410",2.43599990499206,27.4479987099767,60.2839982137084,5.56919999653474,0,0.648400001227856,0.942800007760525,0,0.14280000468716,2.5288000702858,0,5.95294929285947,15.7933942738871,654.638064849949,29.0920317350809,736.077474991367
"50kmE475N410",2.34160000254633,21.4811992831528,61.524002160877,8.79639983177185,0,0.679600005969405,0.490000005811453,0,0.0352000002749264,2.94039994478226,1.71160008758307,6.10987910190006,15.7411398963735,663.262020725387,28.7901208981001,718.813575129521
"50kmE480N410",2.6979999303876,8.9231998892501,24.3759998120368,0.662800017744303,0.0384000013582408,0.152799999341369,0.014000000373926,0,0,1.53440004214644,61.6003989358433,6.32678200692006,15.0972664359854,599.439930795847,27.1053114186847,650.311366782009
"50kmE485N410",0.244173959072214,0.534257473191247,5.08783768455033,0.51597491838038,0.0706926279235631,0,0,0,0,0.0125946637126617,93.5344696044922,6.47902219140119,14.955409153952,531.272503467408,28.788210818308,617.407160194168
"50kmE490N410",0.0289212795905769,0.558403186732903,3.13551174476742,0.140601920429617,1.24672968231607,0,0,0,0,0,94.8898315429688,6.56110917941611,15.1327712100141,564.613317107093,29.1177503477053,626.764812239219
"50kmE495N410",0,0.189636001596227,0.925571331754327,0.0696716189850122,0.327595043927431,0,0,0,0,0,98.48752617836,6.49419534237086,15.2712374000707,614.467448731316,29.7528154327424,647.115415363233
"50kmE500N410",0.741648169059772,0,2.3757129907608,0.0177374749910086,0.164071633480489,0,0,0,0,0,96.7008292675018,6.28051675977643,15.3455132681555,651.348009776539,30.9687849162012,675.339350558663
"50kmE505N410",0.0287430513708387,0.0185124736162834,0.322993949521333,0,0,0,0,0.0151022817590274,0,0,99.6146500110626,6.01349650349664,15.4137062937053,669.057674825174,32.0915209790211,702.936206293704
"50kmE365N415",0.251999999454711,4.50160000764299,0,5.96200004220009,0,0,10.9296001493931,0,0,0.225999997928739,78.1288011814468,8.362296067319,11.7254937317532,1255.0630602782,33.2980937660996,237.306989524306
"50kmE370N415",0.270439891028218,2.14229915291071,0,3.18523105233908,0,0,6.50319904088974,0,0,0.0790099846199155,87.8198206424713,8.39519444920307,11.9413654274457,1190.37817371938,32.4446976186398,248.46152132945
"50kmE400N415",0.713622068724362,3.21300178475211,0.730161333922297,2.9328066855669,5.70265278220177,0,1.18110040202737,0,0,0.0544823938980699,85.472172498703,8.11915507295555,13.235205293519,1726.09131319987,31.2224804886326,363.87992874109
"50kmE405N415",3.23119995446177,9.17599996319041,32.5851997360587,12.9332002834417,21.5712001547217,0,1.00079998373985,0,0,1.77679993212223,17.7256003022194,5.94598236989319,12.9966689269367,3777.02590269537,29.9669096457027,525.36607899644
"50kmE410N415",0.541599994176068,4.77079989505,28.7500007078051,15.0011998688569,42.6016002893448,0,1.5887999907136,0,0,2.84960009157658,3.89639995992184,3.10583799356042,11.6939247585154,3262.50145738011,32.7627690221997,612.405948144382
"50kmE415N415",0.104000000283122,0.647999996726868,7.1035998640582,18.2799994945526,65.6643982976675,0,0.260000000707805,0,0,6.13400004804134,1.80600006133318,-0.043298358436258,8.90955322389578,2042.06476561179,27.5776442714504,636.47972584193
"50kmE420N415",1.0615999912261,3.70399999665097,27.3499993607402,31.4564004540443,22.8860001312569,0,6.6200003027916,0,0,6.92199990153313,0,0.27895583008972,9.76428329666603,1235.05451006939,25.8155694702996,684.761939414455
"50kmE425N415",1.19600001853541,4.11519995250274,55.2152011543513,20.6819996237755,1.2168000364909,0,14.8460000753403,0,0.1304000033997,2.59840004146099,0,1.57351447435247,11.8170898933469,912.820467242255,36.9268664296598,768.218943626207
"50kmE430N415",0.289200009137858,6.56240016105585,60.8916022349149,20.6555992364884,0.306800007820129,0,5.7643998414278,0,0.0568000017665327,5.47319985926151,0,3.35089633012007,13.7098173515981,969.274412311855,32.1758836462033,793.08066971081
"50kmE435N415",2.53959997353377,28.1623995819246,36.2472004489974,16.4747992581396,0,0,2.97320000827312,0,0,13.6028006672859,0,4.36871404399327,14.5083756345177,850.392081218276,29.4812859560068,788.641675126904
"50kmE440N415",0.714800012065101,12.1535998710897,59.9124001571908,16.370799462311,0.101600005291402,0,8.32559987902641,0,0.903599988669157,1.51760000735521,0,4.2564128595601,14.5899830795262,886.314077834178,29.8220812182741,794.497021996612
"50kmE445N415",0.198800006182864,0.70920002181083,79.4564020587132,8.14919993281364,0,0.0791999977082014,7.86679983139038,0,0.410800008103251,3.12959998846054,0,3.73825321597834,13.9215978334462,940.119515910631,28.9408429248478,771.736594448207
"50kmE450N415",0.641199985693674,1.18480001110584,70.4555970907677,7.21839964389801,0.000799999997980194,0.122800003737211,15.5184000730515,0,0.517199980095029,4.34079989790916,0,3.96777062510589,14.0021937997629,924.815348128071,28.7544299508724,754.983499915297
"50kmE455N415",1.72399998409673,3.68279998656362,75.6512006279081,8.07320028543472,0,0.139999995008111,3.22039984166622,0,0.80359997227788,6.70479983091354,0,4.51652527994568,14.517424499491,756.631506616899,32.4234475738038,752.142806243631
"50kmE460N415",4.38480009179329,13.9299998947535,68.548400932923,4.20759990811348,0,0.0315999990561977,0.161200005095452,0,0.664399983361363,8.07199999690056,0,4.86146929080418,14.9802002035969,738.203664743808,30.3016796742449,762.18079402782
"50kmE465N415",2.02560005418491,9.46279985364527,69.501602742821,8.38279966264963,0,0.175599998328835,1.27720003947616,0,0.126000004820526,9.04840007424355,0,5.32685767726577,15.394346199626,726.777231763307,29.7594966842371,754.172045570472
"50kmE470N415",4.11679996759631,9.47759974515066,55.8332005515694,9.58320011559409,0,0.863199960440397,1.58840008080006,0,0.592399993911386,5.44600002467632,12.4992000317434,5.92475331745476,15.8657026199387,666.730095270501,28.8410003402518,741.527951684238
"50kmE475N415",0.55240000365302,6.59159990027548,33.1716005690396,4.84599992632866,0.0664000013784972,0.52479999139905,1.51760000735521,0,0,0.687999976798892,52.0415976177901,6.12315950920277,15.2023176550783,598.028118609407,27.7323108384458,673.253425357875
"50kmE480N415",0.0410188047681004,0.0303368229651824,1.61041536193807,0.269613182172179,0.307213747873902,0,0,0,0,0,97.7414011955261,6.24429839535658,14.8534653465345,576.103362922498,28.0968248548995,630.909747354039
"50kmE485N415",1.08839999884367,6.73559990245849,23.7696007214253,3.29880006611347,2.65919994562864,0,0.0132000001030974,0.0576000020373613,0,0.553999980911613,61.8236005306244,6.21987004103969,14.9951436388504,597.334746922025,30.2501709986318,652.456344049249
"50kmE490N415",0.0864000016008504,0.89960001714644,9.2231998220086,0.0655999989248812,2.91080009192228,0,0,0,0,0,86.8143975734711,5.97629775569667,14.9356604420073,600.289343841013,30.4777454171662,670.085163611449
"50kmE495N415",0.744399976974819,4.35199998319149,22.1344005316496,0.328000006265938,0.254000001586974,0,0.0188000005437061,0,0,0.195599999278784,71.9727993011475,5.85977159539763,15.2467370771079,662.120195775375,30.3884252103727,711.045337454917
"50kmE500N415",0.891999984742142,14.7996000421699,41.5592006989755,2.81879995018244,0.0224000003072433,0,0.0427999999374151,0.130799994803965,0,0.651999982073903,39.0823990106583,5.68401618178683,15.428240661043,744.530745395077,31.1831984851091,737.927543467035
"50kmE505N415",2.00639999166014,14.342400431633,48.1368000619114,2.0856000483036,0,0.0199999994947575,0.137600000016391,0.191600003745407,0,4.32120002806187,28.7584006786346,5.51605694564287,15.4360742018987,749.912407247629,30.7479896462467,748.712338222605
"50kmE510N415",1.41799997072667,4.71639993484132,12.3039999743924,0.642800005152822,0,0.0119999996968545,0.0503999995999038,0.0880000006873161,0,0.454800017178059,80.3135991096497,5.33825056238095,15.2749351098811,663.04242948607,32.9559612389683,736.402232220103
"50kmE365N420",0,1.94752309471369,0,1.63712883368135,0.163527752738446,0,6.32204487919807,0,0,0.115395057946444,89.8143827915192,8.38224987303148,11.7301422041646,1318.6302014559,32.7334518368036,232.994193329957
"50kmE370N420",0.170008162967861,3.04934643208981,0,4.67582438141108,0.0864041445311159,0,8.78082141280174,0,0,0.115205533802509,83.1223905086517,8.31325840797636,11.7677961804964,1224.84476930877,32.70077742099,240.683843163755
"50kmE400N420",0.0151853237184696,0.455559726106003,0.124857109040022,0.811993051320314,11.3594664959237,0,0.263634091243148,0,0,0.0927992048673332,86.876505613327,8.01328033472844,13.0125104602511,1779.66006694561,31.2101589958159,352.991464435143
"50kmE405N420",0.12960000167368,3.71760001871735,28.0703996308148,16.3008004426956,27.7915988117457,0,0.801199954003096,0,0,3.20120006799698,19.9875995516777,5.43564505347593,12.3080381016043,4026.4806316845,32.1302473262035,507.893382352941
"50kmE410N420",0.179600004958047,1.83200002938974,17.6359999924898,18.7552005052567,44.7468001861125,0,0.96239997074008,0,0,3.07000000029802,12.8179997205734,2.6891478696742,11.4579197994987,2903.20648287386,31.1371929824563,626.491979949876
"50kmE415N420",0.366399998165434,2.8300000463787,30.7388003915548,10.7808003434912,40.9783988725394,0,0.559999980032444,0,0,1.21919997036457,12.5264003872871,2.38939899833055,11.8723205342237,1559.1220033389,28.4667111853089,686.521402337229
"50kmE425N420",1.06799999484792,6.6836001817137,31.2711991369725,26.3891998678445,12.8092003054917,0,15.1679992675781,0,0.0176000001374632,6.5931998193264,0,0.941223093609235,11.1583597530452,1060.77655598198,32.7753879526113,762.904688803608
"50kmE430N420",1.73280001545209,10.9840002842248,48.8891992717981,16.9376000761986,1.69879999011755,0,17.009599506855,0,0.215599988587201,2.53240000456572,0,1.8960370432171,12.3518187885867,1068.12918404806,32.3942265976973,795.901051226429
"50kmE435N420",1.69760002027033,6.0963999829255,45.9299990907311,15.3143998235464,2.65919999219477,0,25.0647991895676,0,0.37599999923259,2.86159999668598,0,2.53839032527107,12.7323519599666,1125.93464553795,30.3532944120101,781.08093411176
"50kmE440N420",0.793999999586959,2.00079999631271,58.4156004537362,9.28120017051696,0.353600006201304,0,26.5639990568161,0,0.223199999891222,2.36760005354881,0,3.03495161828494,13.3815648982316,1004.99744744744,30.0031865198532,793.153153153155
"50kmE445N420",0.846399983856827,0.425200008612592,66.770401224494,16.4628002792596,0.179599996772595,0.0335999997332692,12.0664000511169,0,0.254400004632771,2.9611999168992,0,2.86834724540901,13.1848080133554,1025.83362270451,31.0921702838064,781.41477462437
"50kmE450N420",0.634399984846823,1.32320001430344,73.409601021558,8.160799741745,0.0415999995311722,0.123199995141476,12.5867992639542,0,0.309600005857646,3.41080017387867,0,3.44766081871344,13.6420802005012,891.581954887216,31.9927652464496,767.200200501254
"50kmE455N420",2.28480006626341,3.69439995847642,69.8423999827355,5.32159991562366,0,0.047999998787418,4.38640005886555,0,0.21480000577867,14.2076000571251,0,4.25165579528345,14.539463120923,762.886101354743,33.925037631711,775.707693594247
"50kmE460N420",0.461999991966877,1.88360000029206,76.9487996934913,9.28639993071556,0,0.0744000019039959,3.11639998108149,0,0,8.228400349617,0,4.08476150627617,14.2394560669456,755.615430962342,32.3325690376571,764.642577405855
"50kmE465N420",0.373999989824369,2.93719998007873,75.5884013138712,11.5195997059345,0,0.126399996224791,2.44559999555349,0,0.0172000000020489,6.99160024523735,0,4.76122090102161,14.8073103332774,775.889415508287,30.1778931502261,750.076436107851
"50kmE470N420",0.85137810674496,0.726214484893717,24.2215975071304,1.78811512887478,0,0.0893394171725959,0.392297329381108,0,0.0614761374890804,1.25517463311553,70.6144074807525,5.88572267920139,15.1441413463156,657.776397515529,26.5992949471216,685.662867215043
"50kmE490N420",0.680799988913349,4.08040002657799,16.6452000848949,0.819199997931719,0.393200013786554,0.0163999997312203,0.044000000343658,0.0243999995291233,0,0.316000008024275,76.9804000854492,5.76087066779368,14.8079036348274,618.966525781911,30.3869484361794,675.993237531698
"50kmE495N420",7.31279994943178,28.8540009001736,46.723201230634,2.04240009188652,0,0,1.2423999607563,0.599199999123812,0.0192000006791204,0.289999996311963,12.9168003797531,5.47064056939503,15.5679969496696,720.613573970514,29.4167598712084,757.808913743439
"50kmE500N420",4.1375998291187,48.6299996373418,41.4480002131312,2.9772000387311,0,0,0.842799991369247,0.14400000218302,0,0.0855999998748302,1.7348000779748,5.09752290464878,15.5478113335597,748.788378011536,30.5543603664744,783.442823210049
"50kmE505N420",2.16920006605505,27.720799652161,58.0972002819181,3.3780001103878,0,0.0668000022415072,0.0904000014998019,0,0.0216000000364147,8.45599994063377,0,4.9243231738465,15.553728928997,768.516022475738,28.4954026902777,797.52862250979
"50kmE510N420",20.2464002999477,22.4583996387082,47.4544007331133,2.24040001630783,0,0.0699999975040555,0.101600005291402,0.152000004891306,0,3.78360003232956,3.49319986999035,5.10355984292291,15.746073074953,747.625234761823,28.7821068806554,800.888526549428
"50kmE515N420",6.24800019140821,14.645600305812,32.3543998878448,1.69680006802082,0,0,0.0112000001536217,0.647999998182058,0,0.340000004507601,44.0560013055801,5.31123008394729,15.8087973273935,710.526606133287,28.7916052766832,793.129604248756
"50kmE520N420",0.192792173766066,0.367314764298498,6.23906224936946,0.256254919804633,0,0,0,0.0649050925858319,0,0.0831746787298471,92.7964985370636,4.89879766403297,15.0691686705593,655.543610443148,30.2207660597733,747.699124012376
"50kmE525N420",0.0318343285471201,0,0.233730976469815,0,0,0,0,0,0,0,99.7344374656677,4.74294320137667,14.9608605851971,662.321290877797,33.7601721170396,736.675800344235
"50kmE400N425",0,0.394362600491149,0.0336195429554209,0.625963881611824,3.09886820905376,0,0.153155706357211,0,0,0.0725755235180259,95.6214547157288,7.96677398051853,12.8570166749204,1660.9279346211,30.6166914314009,343.789483242527
"50kmE405N425",0.640400015981868,6.29840001929551,28.4023996442557,13.136400282383,24.1459994576872,0,2.0651999861002,0.0571999989915639,0.0108000000182074,2.95359995216131,22.2895994782448,5.61047124732248,12.1588976767176,3655.09518866368,32.4663700774428,478.113692535839
"50kmE410N425",0.134399998933077,5.21320002153515,22.2292008344084,22.9231998324394,41.0628005862236,0,2.4447999894619,0,0,5.40359988808632,0.588800013065338,2.53664140998189,10.9163976280679,3399.22996211497,31.3784714215121,595.129336188436
"50kmE415N425",0.0704000005498529,2.34119999222458,16.1551999393851,13.5027992844698,63.4159997105599,0,0.321200001053512,0,0,2.07560006529093,2.11759991943836,0.502040816326559,9.68732718894012,2450.66275510205,32.8012014483212,658.696675444372
"50kmE425N425",0.260000000707805,2.79280003160238,31.2220007181167,19.8068003170192,38.1135995849036,0,3.79440002143383,0,0.149599998258054,3.86079996824265,0,-0.50550812674435,9.78667706452142,933.56384830077,37.6213101296997,769.829059267771
"50kmE430N425",1.08679997792933,7.3399998320383,41.7223997414112,17.0479994267225,20.9871992468834,0,9.69360023736954,0,0.558800017461181,1.56319998204708,0,0.304482531311827,11.0613381674357,922.307531311798,39.8094100197759,825.307794990113
"50kmE435N425",0.405599997611716,1.37320003705099,61.9284011423588,10.4075998067856,10.172799648717,0,12.5284001231194,0,0.536799989640713,2.64720004051924,0,1.42096138044373,12.0528430566968,962.294133114216,35.9183730484798,819.354461791294
"50kmE440N425",0.288400007411837,0.908399984473363,49.0336012095213,8.96879974752665,18.5011999681592,0,21.0631996393204,0,0.0620000006165355,1.1744000017643,0,1.40303703703705,11.5394979423868,1065.04938271605,33.1482469135801,769.345037037034
"50kmE445N425",0.290399996447377,0.29080000531394,60.2311975322664,20.0839998971788,3.58360004611313,0.227600010111928,12.3772002756596,0,0,2.9152000322938,0,2.12911111111113,12.3176378600822,1038.5658436214,32.8678518518514,765.324691358023
"50kmE450N425",0.0696000002790242,0,67.9391979239881,14.3524002283812,0,0.00199999994947575,15.5024006962776,0,0,2.13440004736185,0,2.38445322793149,12.5022891963109,948.865332674574,36.1147068511198,759.394993412376
"50kmE455N425",0.0715999980457127,0.035599999682745,70.5631974822609,16.3195997476578,0.0544000009540468,0.167200004216284,9.36160013079643,0,0,3.42679992318153,0,3.13353387176529,13.2301384539311,909.817141915281,32.7057689137961,756.139245096427
"50kmE460N425",0.481200011563487,3.43720015371218,75.0272007455351,12.9403993487358,1.86264513791079e-15,0.0552000012248755,2.84160003066063,0,0.0292000011540949,5.18799982964993,0,4.0373288236265,14.3105180663257,738.465319254249,33.3310509816867,773.208859924107
"50kmE465N425",1.86239998511155,10.1815999194514,71.4191970881074,6.77639991044998,0,0.0831999990623444,0.39240000769496,0,0.206399988383055,8.60000029206276,0.478400004794821,4.80064484126986,15.0065145502646,747.971015211641,29.3609788359789,764.487086640208
"50kmE470N425",1.10196168534458,0.170685598277487,8.86888141976669,0.735446996986866,0.0585069588851184,0.01982467219932,0.0323964166454971,0,0.0270776014076546,0.151344446931034,88.833876082208,5.70158730158714,14.5569940476186,632.055109126985,24.9631613756618,647.657440476188
"50kmE490N425",2.07033056067303,4.87723723053932,21.9797853380441,1.39524107798934,0.144451460801065,0.0821225519757718,0.0518003769684583,0.0703305937349796,0,0.540324300527573,68.7883794307709,5.63126354392402,14.5892232038679,627.009801633606,29.3986997832971,662.877212868809
"50kmE495N425",2.62239996372955,25.4947997629643,56.6015985619742,3.98439988493919,0,0.387999997474253,2.75079999119043,0,0.299599999561906,7.85840004682541,0,5.1191677807487,15.401838235294,704.329846256685,28.8523897058827,772.978843582879
"50kmE500N425",1.89840001985431,48.9940010011196,43.8843989541055,3.19399982690811,0,0.097200000891462,1.08479997143149,0,0.0315999990561977,0.815599970519543,0,4.73504610226312,15.3455574182734,683.577787091366,30.9002179379714,798.247041072926
"50kmE505N425",2.86640007034293,20.4687997698783,63.831998826936,4.58439998328686,0,0.302399997599423,1.08599998056889,0,0,6.85999989509583,0,4.5489249118093,15.2936922560057,705.708718293299,30.0459600201579,808.578162271119
"50kmE510N425",4.55800000854651,29.1391996346647,57.1480007376521,4.88720014691353,0,0.11680000461638,0.351599999703467,0,0.049200002104044,3.75000014901161,0,4.70604043807919,15.6073209772538,698.265627632686,30.4056613310869,823.167009267058
"50kmE515N425",2.11080009321449,35.9371998594724,55.3080001380294,3.68320010602474,0,0.130000000353903,0.0587999995332211,0.205600005574524,0,2.52320002764463,0.0432000000728294,4.93315327481446,16.0219783929778,717.225489534101,27.2775658338963,837.55612761647
"50kmE520N425",4.46559995034477,26.5944002007018,51.0112002491951,3.54040004312992,0,0.0448000006144866,0.837999954819679,0.470799999311566,0.572799984365702,1.41719998791814,11.0448002815247,4.96255932203395,15.9328813559324,706.876915254237,26.6481525423729,831.206084745759
"50kmE525N425",1.75637136271689,8.76839458942413,32.7585340477526,1.99153572320938,0,0.131675263401121,0.156495836563408,0.132095953449607,0,0.832120329141617,53.472775220871,4.84426089918265,15.6331743869207,733.105279291552,29.4161614441417,815.814730926433
"50kmE405N430",0.337999998009764,4.58759998437017,10.0292002316564,18.6716005206108,25.04240013659,0,1.23519999906421,0,0,1.98480002582073,38.111200928688,5.94249634562288,11.8064073412376,2912.93051810947,31.0384602891017,425.252769205783
"50kmE410N430",0.643600002513267,5.94319994561374,30.0148008391262,17.6307998015545,27.5060005486012,0,2.72799991071224,0,0,3.38159985840321,12.151999771595,4.15074687449263,11.9575012177302,2687.66106510798,33.4043188829356,565.578097093683
"50kmE415N430",0.0664000006509013,1.86799995135516,13.7440001359209,14.3588006496429,62.9427991807461,0,0.375599996186793,0,0,4.53720018267632,2.10720002651215,0.352481349335092,9.12419721050924,2243.26530976322,33.3002757054817,628.63019785923
"50kmE420N430",0.146400000085123,2.30560000636615,14.9323999881744,11.2075998680666,68.569200499769,0,0.0315999990561977,0,0.104400003328919,2.70279999822378,0,-1.13633046862331,8.3863872223123,1023.76880168639,28.1049294632723,686.485633209016
"50kmE425N430",0.237600000400562,5.91199994087219,22.8679995983839,18.8879998633638,48.9088013768196,0,1.58680006861687,0,0.23439999204129,1.36439995840192,0,-0.442882619974033,9.75906290531775,783.801702334631,35.16271076524,761.879004539561
"50kmE430N430",0.205999996978789,2.21159998327494,31.5855996683241,9.32200010865927,52.1851986646653,0,3.80120016634464,0,0,0.688399979844689,0,-0.648021728555181,9.70261877736339,826.151808010377,45.6563158748175,786.423058213069
"50kmE435N430",0.0787999983003829,3.14239989966154,43.6747997999191,5.91680016368628,37.263600458391,0,9.21360030770302,0,0.343600008636713,0.366399995982647,0,0.620632090761778,10.9923176661264,792.569643435981,42.3049594813613,801.782852512156
"50kmE440N430",0.0743999982660171,0.734400009241654,43.4767996892333,9.54919988289476,19.490800704807,0.0167999998666346,16.0740002989769,0,0,10.5835996568203,0,1.15314526588847,11.1436284046692,926.585473411155,35.9745136186771,759.442558365762
"50kmE445N430",0.562400017224718,0.110399999539368,59.4520011916756,24.6820006519556,1.37600000016391,0.0224000003072433,12.3939998447895,0,0.0224000003072433,1.37839997187257,0,1.56193642555954,11.5941615309764,974.842377554329,36.5249270191373,751.641631527729
"50kmE450N430",0.172399996517924,0.535200000740587,64.3695986364036,13.8191996142268,0.372799998149276,0.227600010111928,16.2527993321419,0,0.182000000495464,4.06839996576309,0,2.37666342096722,12.5975332684192,842.599399545603,39.0284323271671,768.579049010055
"50kmE455N430",0.275600000895792,0.367200002074242,68.7180001288653,16.9796002941439,0.165200000628829,0.095999997574836,8.03959965705872,0,0.552000012248755,4.80679981410503,0,3.17181404421327,13.4351592977893,775.44738296489,35.8653933680103,772.071180104029
"50kmE460N430",0.692400006664684,4.13279986241832,72.763201885391,13.2228001952171,0,0.0315999990561977,3.3500000834465,0,0.735600013285875,5.07160015404224,0,3.74463152757443,14.1969822677729,737.07579306979,34.5076948104766,788.823328452899
"50kmE465N430",1.20039996836567,7.89319972318481,74.4011996779591,5.79360015690327,0,0.0127999999676831,0.247199996374547,0,0.06520000169985,10.1403996348381,0.24600001052022,4.34622272875291,14.5566427873657,764.008498860304,28.2166395310974,766.81128296972
"50kmE470N430",0.553776862216183,1.90112385898829,18.0728208273649,1.56020224094391,0.0596171244978905,0,0.0622667779680341,0,0,0.826690811663866,76.9635021686554,5.45109262883247,14.2583985649058,622.596983039793,24.9665688193079,643.43900848011
"50kmE490N430",2.74541099352064,6.3713421637658,22.021428134758,0.771858636289835,0.0164395867614076,0.214516557753086,0.0224540694034658,0.558945955708623,0.104652007576078,1.66079923510551,65.5121505260468,5.35910734834794,14.5910981423631,665.563603485122,29.3017425612362,688.073204011179
"50kmE495N430",2.55719991619117,18.3288000524044,67.265998570656,5.2836000919342,0,0.667200004681945,0.484000006690621,0,0.523599982261658,4.8895999789238,0,4.75403757415955,15.3106460118653,740.130998681609,28.6000329597891,794.098104812125
"50kmE500N430",5.21000011940486,22.2732000052929,56.6544001572766,4.01359982788563,0,0.0660000019706786,0.115999998524785,0,0.172800000291318,11.4940002560616,0,4.52508673385102,15.3002395506363,724.302081612422,30.3237402940688,811.817346770198
"50kmE505N430",6.34759993699845,19.3135999143124,46.7311987420544,3.90440002083778,0,0.0547999981790781,0.0448000006144866,0,0.0663999991957098,23.5372006893158,0,4.49463782529436,15.3560832090167,693.715000828776,32.237609812697,818.521249792808
"50kmE510N430",0.817600003210827,12.7319999039173,61.8979991413653,4.86680008471012,0,0.0815999985206872,0.0944000028539449,0,0,19.5096001029015,0,4.42317275747508,15.4816445182724,711.746843853821,32.9142358803986,833.245830564786
"50kmE515N430",4.68840002140496,10.1204000413418,62.1447991579771,4.49360013008118,0,0.0136000002385117,0.0387999985832721,0,0.0715999980457127,18.4287995100021,0,4.42570451892625,15.6239869934971,693.844939136236,30.2541604135401,843.941404035351
"50kmE520N430",3.00319999514613,9.98440012335777,66.1683976417408,4.56640012562275,0,0.122400000691414,1.11440001055598,0,0.255200010724366,14.7855997085571,0,4.49262541806042,15.9477926421398,709.295468227423,28.2533946488293,863.942257525086
"50kmE525N430",2.62408475828124,10.3352710604668,70.0798897072673,4.54204045236111,0,0.0293216260615736,0.506099313497543,0,0,11.8832916021347,0,4.52036726479966,16.0348733858795,730.368321314772,27.6819889317456,866.893962770416
"50kmE530N430",1.28651687409729,23.8595508038998,62.8595510497689,6.62359520792961,0,0.213483138941228,1.56741570681334,0,0.110486894845963,3.47940064966679,0,4.57867250673858,15.9475909703502,723.407681940698,27.1981637466306,862.830946765501
"50kmE410N435",1.95080002449686,5.54840003023855,15.8811996225268,12.5576004385948,13.6392001062632,0,1.01039996370673,0.107200001366436,0,1.13479997962713,48.1703996658325,6.07498800959235,12.3188409272582,2244.87448441248,31.0446362909671,461.450407673862
"50kmE415N435",0.49759999383241,5.12240019161254,30.1723994314671,19.9948000488803,22.810799907893,0,3.75999994575977,0,0,1.07039995491505,16.5716007351875,3.81868606138106,11.8277014066496,2161.797778133,29.852861253197,594.498225703325
"50kmE420N435",0.416399997629923,2.36920005409047,14.7260002791881,10.8712002635002,66.0099992528557,0,0.758800003677607,0,0.101600005291402,4.15039993822575,0.59639997780323,0.641009262216554,9.50552539124884,1835.821159374,26.4619450654743,643.526349409136
"50kmE425N435",0.153199998749187,2.19440007349477,13.4703999385237,11.9592001588899,68.1192015297711,0,1.07559999451041,0,0,3.02799995988607,0,-1.2125259792166,8.24891286970421,1327.47270983213,26.3902797761791,696.085355715426
"50kmE430N435",0.314800006890436,3.14560004044325,17.6355997100473,19.2407993134111,45.5875991843641,0,11.956399679184,0,0,2.11919993162155,0,-0.0960444302381069,9.51607000159823,880.252788876459,38.4550902988652,734.236551062813
"50kmE435N435",0.422800003434532,6.64160000160336,40.2228014543652,17.2216004692018,24.0136004227679,0,9.87439975142479,0,0.174800003878772,1.42839998006821,0,0.650271348762997,10.2890103750998,887.331731843574,36.9267358339983,735.948539505188
"50kmE440N435",0.130000000353903,1.74999998416751,30.4984003305436,24.9295998015441,24.4160002097487,0,8.29640030860901,0,0,9.97959971427917,0,0.812649832187967,10.4009349528528,993.243679079435,32.291050023973,719.324260827874
"50kmE445N435",0.195199996232987,0.380000006407499,59.0872004628182,25.7071995176375,0.418800004990771,0.15640000347048,9.60600003600121,0,0.120000005699694,4.32920008897781,0,1.30669757033249,11.1966432225064,895.613267263427,36.1401694373402,737.737707800517
"50kmE450N435",0.798799983749631,0.509199994849041,64.3648028373718,16.3263996713795,1.44239999644924,0,14.7911995649338,0,0.049200002104044,1.71799995005131,0,1.90849992003839,12.1914521029905,852.03377578762,38.8144090836398,776.355573324802
"50kmE455N435",0.105999999505002,0.991200003772973,69.0984024549835,13.8795994207613,0.0144000005093403,0.205600005574524,8.36760029196739,0,0.137199996970594,7.19999969005585,0,3.00331412103746,13.4071245597182,740.975760486713,36.5085494716618,787.320541146334
"50kmE460N435",0.580399994942127,2.57520007435232,69.7855988168157,19.0423995256424,0,0.0503999995999038,3.41080017387867,0,0.211600004695356,4.34359982609749,0,3.21273252084671,13.7110808210391,741.64504490058,34.9226266837717,796.046199486847
"50kmE465N435",1.3172000326449,6.05199983692728,74.914399208501,12.3199999332428,0,0,0.508800009265542,0,0.398000003769994,4.48120012879372,0.0083999999333173,3.72567437379577,14.1810533076429,792.976701991007,29.1086544637122,786.225722543351
"50kmE470N435",2.37772411383048,1.91097194328904,17.4547217320651,1.57446675002575,0.00986096056294627,0,0.0990204745903611,0,0.12079676380381,0.987328682094812,75.4651105147787,5.13475884244357,14.4944855305462,654.489983922831,26.5507073954983,691.627379421221
"50kmE490N435",0.789999995322433,7.62919991102534,51.6483999526826,4.74519990384579,0,0.227600010111928,3.50439995527267,0.0780000002123415,0,0.880800001323223,30.4964005947113,4.76577496757459,15.0703145265883,716.494439040208,28.511900129702,770.013051232162
"50kmE495N435",0.96720001383801,17.0327998697758,65.0511974934489,9.49679985642433,0,0.275200000032783,5.43560013175011,0,0,1.74119994044304,0,4.07430149447701,14.8502923976606,785.613369070824,29.0339181286544,809.589246263808
"50kmE500N435",1.03079996479209,8.40080007910728,70.5088034388609,5.12599982321262,0,0.0364000006811693,0.63999998383224,0,0,14.2572000622749,0,4.03173969701905,14.9552451539339,779.733018406907,29.2790356735624,822.800065157186
"50kmE505N435",0.970799984497718,10.7416000217199,69.4092019228264,5.39360009133816,0,0.104000000283122,0.313200009986758,0,0,13.0676001310349,0,4.06463096015679,15.0509634225998,729.58331156107,32.7576910515999,829.676469627703
"50kmE510N435",0.912800017977133,4.43119993433356,60.2295998716727,5.23240007460117,0,0.0188000005437061,0.0503999995999038,0,0.0380000012228265,29.0868014097214,0,4.13610564304464,15.3322342519684,729.006069553805,32.112221128609,844.230282152233
"50kmE515N435",0.527200017677388,6.27600010484457,66.0319982096553,5.49720004200935,0,0.0891999981831759,0.11399999493733,0,0,21.4643999934196,0,4.07309840643993,15.4276408739938,698.423361261706,31.5301626416957,854.737933300471
"50kmE520N435",1.44159995397786,3.4196000546217,70.6763995811344,4.9736000597477,0,0.0144000005093403,0.0592000025790185,0,0.011600000289036,19.403600692749,0,4.19919168591204,15.826426921808,677.83480699439,30.0575057736722,875.368195315082
"50kmE525N435",0.464800003828714,2.3312000092119,50.2956016454846,3.02440002560616,0,0.031999999191612,0.29279999434948,0,0,43.5591995716095,0,4.25165535507339,16.1950753186558,727.121122330739,30.1785134911437,885.311024664786
"50kmE530N435",3.17648006603122,6.99031762778759,57.0649025030434,10.3658698499203,0,0,0.152965739835054,0,0.250603444874287,21.9988614320755,0,4.23241940844126,16.017846460618,705.561332668659,27.3983217015619,891.406530408768
"50kmE415N440",0.800720273400657,9.81952748261393,15.1580627541989,7.53661468625069,4.74269690457732,0,5.26170469820499,0.0976390554569662,0,0.574229704216123,56.0088038444519,6.57542906628882,12.5462525586523,1765.80407809793,29.8981262793266,443.438387655486
"50kmE420N440",0.684400025056675,7.54239992238582,36.0576005652546,13.5004005860538,7.96480029821395,0,5.56319989264011,0.0315999990561977,0,1.37599995359778,27.2796005010605,5.32925448254169,12.8050487574709,1955.48112614029,26.4953287197232,565.290405787981
"50kmE425N440",0.157199994282565,4.48879990872229,22.5744001567363,30.2048001438379,27.3123996448703,0,12.1279999613762,0.0407999992603436,0.044000000343658,2.43960004299879,0.609999988228083,2.34798488664988,10.9638696473552,2090.6252361461,22.014215994962,643.306218513855
"50kmE430N440",0.316799991560401,9.59319984540344,39.1499988734722,14.0987999737263,9.19079977320508,0,26.4304012060165,0,0.101999996695668,1.11800003796816,0,2.92974783293932,11.595657998424,1228.47572892041,22.2750354609929,657.035366430259
"50kmE435N440",0.015999999595806,3.52920014847769,21.3196000084281,28.5603987053037,24.4760003770352,0,19.9376001954079,0,0,2.1611999720335,0,1.81776729559749,10.7065408805031,1316.53407232704,24.2995283018868,663.960251572327
"50kmE440N440",0.158000004012138,0.449600000865757,12.5955996569246,47.7715997258201,20.9339995199116,0,12.2447997331619,0,0,5.84639981389046,0,0.371656953851018,9.55722948495827,1319.45109466058,28.2681367144432,671.047818554107
"50kmE445N440",0.202799995895475,0.142800000321585,34.8443999886513,47.3832000046969,5.54679986089468,0.0592000025790185,8.69399979710579,0,0,3.12680006027222,0,0.510402895813688,10.0052250550834,1003.05300598048,32.3124645892351,699.451683978601
"50kmE450N440",0.37599999923259,3.27880004188045,57.1736011654138,18.9899998251349,0.509200012311339,0.00319999999192078,13.7288004159927,0,0.0531999976374209,5.88719993829727,0,2.07831705011032,12.0154900724867,852.172439331866,38.5310746927203,744.800330917116
"50kmE455N440",0.331999998888932,3.09639993065503,71.3652014732361,9.2799998819828,0,0.0544000009540468,1.71680003404617,0,0.0323999993270263,14.1228005290031,0,3.09441116191079,13.222174050134,731.215576225759,37.361012139366,761.886221031061
"50kmE460N440",0.115199998253957,0.70440000272356,76.091999351047,13.1612002849579,0,0.0584000023081899,3.2660000026226,0,0.0831999990623444,6.51960000395775,0,2.9034501815885,13.4325517132481,755.697947260383,35.9271119532609,797.393478604141
"50kmE465N440",0.105600000824779,2.31000001804206,75.5407990538516,11.1135996878147,0,0,3.7287998944521,0,0.955200009047985,6.24600015580654,0,3.10553975027659,13.7866208313577,764.881602655289,30.5253516674569,807.313813813815
"50kmE470N440",1.52720001424313,5.58600017102435,57.2987996041775,2.81879995018244,0.089999999909196,0,0.0907999987248331,0,0.847600027918816,2.21759993582964,29.5231994241476,4.26812856238131,14.2018207726411,767.678483217224,26.221358454718,740.858312222933
"50kmE485N440",0.287959794513881,2.11868602782488,11.3613225519657,0.984298903495073,0,0,0,0,0,0.0878422812093049,85.1598918437958,4.99954581673318,14.0931235059756,621.046533864542,31.6307250996021,668.79993625498
"50kmE490N440",1.82519997397321,22.7019999176263,58.8276013731956,9.02960002422333,0,0.0668000022415072,3.59079986810684,0.0771999999415129,0,0.304799992591143,3.57600003480911,4.21451612903219,14.8562280421587,715.780740977328,29.8242893644202,796.297764292558
"50kmE495N440",1.06360002537258,23.3323995023966,57.8272022190504,8.54640007019043,0,0.125600001774728,7.10000023245811,0,0,2.00479999184608,0,3.8220781300033,14.7467499199483,711.384149855907,33.180451488953,819.873487031701
"50kmE500N440",0.394800008507446,9.31360023096203,71.5476009529084,6.62640035152435,0,0.137600000016391,3.3220000565052,0,0,8.65800008177757,0,3.71357360732055,14.8476882324608,703.242880077059,33.5450955209502,836.7421576497
"50kmE505N440",0.928799982648343,3.51999988779426,75.5411967635155,6.05319999158382,0,0.0195999993593432,0.363199994899333,0,0,13.5739997029305,0,3.6961488881727,14.997292942314,725.490654205604,33.0192233322591,851.627215597817
"50kmE510N440",3.89680002626846,5.01720011234283,66.766002587974,6.41999989748001,0,0,0.118799996562302,0,0.0460000010207295,17.7351996302605,0,3.74501210653756,15.2073365617432,729.85125100888,31.0840839386606,863.237610976599
"50kmE515N440",0.506000009045237,3.37080005556345,71.446001669392,7.66879990696907,0,0.162400002591312,0.728000001981854,0,0,16.1180004477501,0,3.76334522458246,15.3550916166688,723.355083509,29.856218582779,872.017350413507
"50kmE520N440",0.557599999592639,5.57000003755093,71.2776000611484,5.33920004963875,0,0.0660000019706786,2.12479997426271,0,0,15.064799785614,0,3.79705691056906,15.5189756097562,696.091577235772,29.265707317073,883.070910569115
"50kmE525N440",0.31640000815969,5.18120005726815,61.9475985877216,8.12880024313927,0,0.259599997662008,0.165999995078892,0,0,24.0004003047943,0,3.87846178968007,15.8129163945134,697.578772044415,29.6589157413457,896.219970607442
"50kmE530N440",1.3724672360695,5.8404054492712,54.029567539692,8.12370628118515,0,0.167647958733141,0.182487606070936,0,0,30.2837193012238,0,3.92763395051618,15.9015320334267,687.279682123543,29.1877928887434,902.21089628052
"50kmE535N440",0.276422768365592,15.9930311143398,59.4192799180746,3.03600467741489,0,0.206736358813941,0.195121951401234,0,0,20.8734035491943,0,3.91284727930305,15.1703353608417,721.69031727766,31.1347197106691,855.032812756867
"50kmE420N445",0.0507999997353181,2.59440005756914,9.49999960139393,3.41799999005161,10.0855999626219,0,6.76840022206306,0.0907999987248331,0,0.505999987944961,66.9860005378723,6.85424082959307,12.3590233709952,1573.96410772326,30.0792601764433,400.968936697105
"50kmE425N445",0.188400002662093,4.47760003153234,29.5351998880506,16.7532006744295,14.6592007033178,0,12.058000266552,0,0,2.37039998173714,19.9579998850822,5.37869767441861,12.4068992248061,1782.7383875969,25.10992248062,532.807984496125
"50kmE430N445",3.4931999485707,16.6236000135541,34.1056009754539,7.63360001146794,3.03000006824732,0,9.73000004887581,0.117599999066442,0.297200004570186,2.93559990823269,22.0336005091667,5.33454728995186,13.3296086348811,1261.23752135425,22.5933995962106,609.705093958691
"50kmE435N445",0.949199985188898,10.5456002987921,32.4399990029633,19.658400118351,6.76999986171722,0,17.1491995453835,0.196400005370378,0.106000003870577,3.90119999647141,8.28400030732155,4.19039653035937,12.6126394052045,1405.22208798018,20.7043215613383,632.845523543988
"50kmE440N445",0.317999999970198,1.05799996235874,21.2988004088402,31.8831988610327,13.0779998842627,0,26.9151985645294,0,0,5.44879995286465,0,1.89471645491168,10.7885962193988,1432.65387356677,24.3483576076851,650.533250697241
"50kmE445N445",0.676000004750676,1.34439999819733,58.4419995546341,20.5643997061998,1.8611999694258,0.0268000003416091,6.48960024118423,0,0.263600004836917,10.3320002555847,0,2.05319429368894,11.3330206233524,972.771576988681,28.6458830826484,689.892200341142
"50kmE450N445",0.645600009011105,5.89800014276989,59.9307995289565,11.9584000320173,0.304000005417038,0.0296000012895092,3.36720012128353,0,0.245600007474422,17.6208004355431,0,3.05330488750964,12.956578743212,783.937346780447,33.6377967416602,743.75475562452
"50kmE455N445",1.36240004285355,4.70999982208013,67.740399773902,12.0828002691269,0,0.0880000006873161,7.81999975442886,0,0.377200008369982,5.81919997930527,0,3.07273644975927,13.3281177201427,712.96227675105,36.6148780866596,773.742988041618
"50kmE460N445",0.166400004673051,2.47119995765388,75.7371980696917,12.6504004001617,0,0.0119999996968545,5.06800003349781,0,0.680800015106797,3.21400016546249,0,2.82361629353234,13.3930348258705,756.192910447763,36.5988961442786,797.373942786077
"50kmE465N445",0.73799999881885,4.2460000840947,74.8427998274565,12.8784000873566,0.0108000000182074,0.0180000002728775,3.20320017635822,0,0.849200040102005,3.21360006928444,0,3.12410811652905,14.0722776133354,723.026826608505,34.1835799968843,828.815173703065
"50kmE470N445",0.692399985564407,7.4516000400763,74.3135971948504,8.71559977531433,0.266800005920231,0,0.604399992153049,0,1.37040000408888,4.80000004172325,1.78520008921623,3.44881435257408,14.1310764430577,808.672199687987,29.581887675507,801.339890795632
"50kmE475N445",1.77144205226796,2.61960284697125,18.6778828734532,0.616248697042465,1.39409347029869,0.0301354797556996,0.0148493665619753,0,0,0.978747941553593,73.8969964731951,4.57157475394449,14.0347836275588,665.846836431806,31.1560849867206,706.13482268395
"50kmE485N445",0.31834653855185,0.552662531845272,10.6730925152078,0.628613214939833,0,0,0.225024134851992,0.00565590307815,0,0,87.596607208252,4.61212525506186,14.0204912886513,583.056380474025,29.6836446397739,698.532145660028
"50kmE490N445",4.27600006805733,26.4135994017124,58.0131990252994,4.9040000885725,0,0.0167999998666346,2.56719999015331,0.217600003816187,0.0615999975707382,0.393200013786554,3.13679985702038,4.22720264317178,15.009156702329,638.476321585903,31.8913782252989,809.492070484596
"50kmE495N445",3.44039992778562,31.5591998398304,52.8575984700183,7.23880007863045,0,0.0411999993957579,3.12040001153946,0,0.0587999995332211,1.68360006064177,0,3.99025871588574,15.0596387442816,633.095346269127,35.4220539517275,834.352784350842
"50kmE500N445",1.23840001906501,13.6535998433828,70.644798129797,5.9859998524189,0,0.118799996562302,3.20760011672974,0,0,5.15079982578754,0,3.47076277892073,14.7048662763096,687.499351163159,34.501614179459,847.082418104138
"50kmE505N445",0.433999989036238,4.3163999915123,79.3751997174695,6.30320012569427,0,0.015999999595806,3.0664000660181,0,0,6.48880004882812,0,3.17800698191043,14.5589019358932,734.587305617264,33.0135195176136,856.705109489057
"50kmE510N445",2.0575999704306,8.92600007355214,68.1107986718416,5.97320012748241,0,0,0.162800005637109,0,0.0119999996968545,14.7576004266739,0,3.46004617099185,15.0032399299475,714.229342461389,32.6676484636201,867.730202197102
"50kmE515N445",0.672399997711182,5.50440009683371,65.4411986470222,9.4760000705719,0,0.0448000006144866,0.436000013723969,0,0.0108000000182074,18.4144005179405,0,3.55881366757138,15.2743812869231,729.041992655276,31.5912501995848,883.333019319816
"50kmE520N445",1.91839996332419,5.16999997198582,64.780798740685,6.64400011301041,0,0.337600009515882,0.311599997803569,0,0,20.8376005291939,0,3.58065447545713,15.4436156560795,697.490583894771,29.4978344562079,892.722617901828
"50kmE525N445",0.286000002961372,2.92400000616908,61.242401972413,3.70040014386177,0,0.191999995149672,0.0176000001374632,0,0.023999999393709,31.6136002540588,0,3.5747746297488,15.6449774629748,705.223921442369,28.7247585318743,905.897778493243
"50kmE530N445",0.296799992656815,3.37160006165505,57.3024015873671,3.29959988594055,0,0.141999998595566,0.79720001667738,0,0,34.7903996706009,0,3.61616602067167,15.769266795866,694.630684754522,29.4020187338502,912.807719638233
"50kmE535N445",0.990326702594757,11.1289113759995,65.4167499393224,4.45340387523174,0,0.0306602683849633,0.416213134303689,0,0,17.5637349486351,0,3.51577409931835,15.5205615060047,736.916293411231,28.7119441739694,908.753229470949
"50kmE420N450",0,0.195405469276011,0,0.301134795881808,2.44727381505072,0,0.368115142919123,0.0985330785624683,0,0.00442845266661607,96.5851068496704,7.26510440481623,12.1501676573694,1072.09632677946,30.0925316262765,342.388721231522
"50kmE425N450",0.0844000023789704,2.27999997441657,0.101600000925828,1.85240004211664,6.55959993600845,0,1.79200004786253,0.510400021448731,0,0.193599995691329,86.625999212265,6.93661573720408,12.2532085561501,1151.63633307868,27.1269977081739,383.528800611152
"50kmE430N450",0.4520000089542,9.82479979284108,25.3172004595399,6.43119988963008,21.6015994548798,0,6.35439977049828,0.377200008369982,0,3.4060001373291,26.2356013059616,5.67257138540563,12.655877020698,1865.74947877322,26.6821725336154,529.105877020701
"50kmE435N450",1.08519998320844,18.5443997383118,24.0455992985517,11.7743998765945,7.98880010843277,0,8.37799981236458,0.600800011307001,0.0623999978415668,2.94439997524023,24.575999379158,5.16535992663929,13.7336466452696,1456.95413418921,24.0868103316521,647.410239951089
"50kmE440N450",0.0928000023122877,4.96999998576939,26.7503999173641,25.4252003556758,10.1651997538283,0,27.4863988161087,0,0.0151999993249774,5.09480014443398,0,3.10323883554335,11.9927069044354,1562.76837372352,19.834766041762,658.206645328456
"50kmE445N450",0,0.156400000560097,36.6896003484726,35.0124005228282,4.87719997763634,0,7.47319981455803,0,0.022000000171829,15.769200026989,0,1.75364718449566,10.9070425759194,1372.66285670685,20.6849687166182,679.793392339383
"50kmE450N450",0.058000000717584,0.934799993410707,63.8719994574785,13.062399905175,0.401199993211776,0,13.0843997001648,0,0,8.58720019459724,0,2.17476321417658,12.0434463794685,1004.04147571036,25.0503208065994,736.114237702416
"50kmE455N450",0.397600002179388,3.31559998448938,62.8123985603451,9.33479976374656,0,0,15.9275993704796,0,0.243599992245436,7.96839967370033,0,2.77198440605409,13.1703638587371,785.952988839627,33.8015288182234,780.930530499917
"50kmE460N450",0.199599996994948,1.2475999770686,65.8759978832677,17.2463998198509,0.0184000004082918,0,5.45720010995865,0,0.606800010427833,9.34799984097481,0,2.90891354246364,13.6617674062739,750.659173680185,35.337444529457,809.733817903598
"50kmE465N450",0.168800006213133,1.33360000327229,67.908797878772,15.0268003344536,0,0.036000000545755,9.21960026025772,0,0.578799983486533,5.72759993374348,0,2.68251035117315,13.709730102745,775.904661861676,33.590998313142,830.26563410519
"50kmE470N450",0.206799995066831,2.90840002126061,77.248400170356,12.5223994255066,0.0108000000182074,0.0647999986540526,3.43599990010262,0,0.0395999988541007,3.56279984116554,0,2.72164133271918,13.7619606939966,797.177491171501,32.2038077690776,826.188423153696
"50kmE475N450",0.462400003016228,4.05359994911123,68.9999979920685,9.65680032968521,0,0.0327999994624406,1.36240003630519,0,0.0555999984499067,3.47759984433651,11.8987999565433,3.36638739431202,14.2258647194465,806.317524980786,32.5427671022286,810.422167563412
"50kmE480N450",0.684000007458963,0.738800002727657,16.3972005146206,2.40880008786917,0.0496000007842667,0.0180000002728775,0.360799999907613,0,0.0411999993957579,0.36599999293685,78.9355984066788,4.17973139857964,13.8751312133379,663.702794072243,29.101420191417,724.866795307194
"50kmE485N450",0.186800002120435,0.213999999687076,8.28999992809258,0.626000016927719,0.239999999757856,0,0,0,0,0.0495999993290752,90.3935979906237,4.04763560500701,13.6364472260857,566.763390511511,28.1572090866939,708.299103693402
"50kmE490N450",1.14719999546651,11.2287998199463,35.0155992578948,3.19080017507076,0,0.0216000000364147,0.216399994678795,0.276799988932908,0.0327999994624406,0.253599998541176,48.6164003610611,4.11981863277001,14.5686637730583,602.963866067277,30.7076267245394,788.0088358394
"50kmE495N450",1.31279999040998,25.8759990334511,60.5792009504512,7.24399983882904,0,0.133600004483014,2.82240007072687,0,0,2.03200001269579,0,3.86114219114219,15.0107303807303,654.003387723388,33.4935975135976,841.979580419583
"50kmE500N450",1.18519995739916,15.1780001819134,61.1683977302164,8.18480029702187,0,0.320799998007715,6.23920001089573,0,0.0211999999010004,7.70239979028702,0,3.34775596072923,14.7392940626462,710.875658407354,31.9367928938755,859.699501324594
"50kmE505N450",0.295200000255136,4.77040000259876,73.8331978209318,7.35440030694008,0,0.0899999984540045,2.48279999941587,0,0,11.1740000545979,0,3.08838936669276,14.6163799843627,689.388365910868,32.6256763096169,865.512822517586
"50kmE510N450",0.338799995370209,3.85440001264215,67.2444013878703,5.45840002596378,0,0.0823999987915158,0.270799989812076,0,0,22.7507993578911,0,3.26727600815943,14.9984387258751,707.759799152678,31.9545426016006,879.586238820016
"50kmE515N450",0.26400000861031,5.07079996168613,61.1435988917947,6.32480010390282,0,0.0188000005437061,0.431599980220199,0,0.0108000000182074,26.7356008291245,0,3.32364194615028,15.1425680995121,712.505196032123,31.0493465595966,891.526547000485
"50kmE520N450",2.44400007650256,6.12200014293194,56.0212006326765,4.46120016276836,0,0.0883999979123473,0.0720000010915101,0,0,30.7911992073059,0,3.29924146649817,15.2213653603034,713.733975979774,28.7871839443744,899.299209860942
"50kmE525N450",0.641600001836195,5.9647997841239,64.2944010905922,4.76079992949963,0,0.371200009249151,0.06520000169985,0,0,23.9020004868507,0,3.15464858004122,15.247049024274,749.828906869741,26.9016658733934,909.601792797084
"50kmE530N450",3.06079991423757,9.20079983770847,51.7640013247728,2.76319999247789,0,0.541200023144484,0.20479999948293,0,0.45159999281168,32.013601064682,0,3.16868429436127,15.3754698948709,728.225039821598,28.0930391844538,918.128321121369
"50kmE535N450",0.208150301477872,3.46061140298844,78.8056135177612,9.97229143977165,0,0.0126151702716015,0.806920323520899,0,0,6.73379749059677,0,2.82019199999996,14.981168,808.817711999998,27.8812479999992,925.711392000004
"50kmE430N455",0,1.37713919393718,5.07282987236976,3.45472359185806,12.7064741798677,0,2.00589895248413,0.0146825754200108,0,0.457750866189599,74.9105036258698,6.40679988070384,12.2502982403819,1466.61595586043,24.6494780793321,430.607813898002
"50kmE435N455",0.378000003547641,6.11880016513169,35.9924012795091,10.6120001524687,23.0396006780211,0,13.0983993411064,0.0956000003498048,0.0307999987853691,3.35640013217926,7.27799969608896,4.66176470588235,12.6000450180072,1798.74902460984,26.8081332533014,603.195168067228
"50kmE440N455",0.143199996091425,7.4499998241663,38.9195999130607,23.5708005726338,7.74519984843209,0,14.7320002317429,0,0.464399997144938,6.96040019392967,0.0144000005093403,3.65539973001349,12.5779736013199,1688.71436928153,22.1373931303436,670.916844157794
"50kmE445N455",0.0123999998322688,0.229599996237084,19.1780006513,36.1284011509269,22.9252001270652,0,16.0587996244431,0,0,5.46760000288486,0,1.58047461700212,10.8088164613998,1532.21728747372,21.9978071492939,680.565905677378
"50kmE450N455",0,0.50640000263229,40.2124006301165,26.172000169754,5.45919998548924,0,20.5880001187325,0,0,7.06200003623962,0,1.14042537201264,10.819307079513,1195.57489854201,26.8129866225763,718.27402675485
"50kmE455N455",0,0.594400012050755,68.9900007098913,14.9684000760317,0,0,5.78680001199245,0,0,9.66039970517159,0,2.07738757707927,12.4158294480373,932.654053241089,32.0033388479474,774.710482779363
"50kmE460N455",0.184399996942375,1.91919999197125,60.9531999565661,15.9436002373695,0,0.0155999994603917,9.87079963088036,0,0.215999991632998,10.8971998095512,0,2.33233875828814,13.2768384569016,804.598221820373,34.9542947558768,826.234132007232
"50kmE465N455",0.183600003219908,1.09120001434348,64.0408021397889,15.9804001450539,0,0.0468000012915581,10.9332002699375,0,0.952399987727404,6.77160024642944,0,2.05899622641511,13.1098037735848,820.102792452828,34.90279245283,828.632332075465
"50kmE470N455",0.0515999970957637,0.387200000113808,67.8295987658203,19.0776005387306,0,0.0372000009519979,7.36759975552559,0,1.11840004101396,4.13080006837845,0,2.04480362537764,13.1688670694865,808.673036253773,35.4541540785499,829.979365558912
"50kmE475N455",0.271599995903671,3.95679990178905,75.6991989910602,14.4211992621422,0,0.028000000747852,1.91760007292032,0,0.65080001950264,3.05480007082224,0,2.59310814904575,13.881126931233,784.491214783399,34.7958951832779,844.028112693128
"50kmE480N455",2.6115999542526,8.8115997146815,68.8247995567508,5.87400011718273,0,0.338799995370209,4.39359992742538,0,0.78159999102354,1.86400003731251,6.50000017922138,3.23672942605524,13.9605526875191,811.961524445794,28.8067415730336,804.206665654418
"50kmE485N455",0.060843484243378,0.89717449445743,7.40582630969584,0.145704124588519,0.0661806319840252,0,0.0507029006257653,0,0,0.184665306005627,91.1889050126774,3.55702875399366,13.3484025559096,620.316643846037,27.9129164764949,722.71792180131
"50kmE490N455",1.03696329751983,1.92147875204682,10.1938944193535,0.393823720514774,0,0.0164093231433071,0.0312306452542543,0.0778119487222284,0.0190559876500629,0.0328186462866142,86.276513338089,3.64523882191339,13.5794826796884,557.658705936213,30.633618190142,738.723897451548
"50kmE495N455",3.30319990607677,16.3575999904424,61.1711999983527,5.27560003101826,0,0.171999994199723,1.4019999653101,0.0875999976415187,0.014000000373926,0.828799977898598,11.3880001008511,3.73713477130194,14.7452730610371,621.555866605478,33.4478048034267,831.680847483548
"50kmE500N455",0.533599988557398,11.3072004169226,63.8476010004524,11.0040001571178,0,0.331200007349253,10.5311997234821,0,0,2.44520008563995,0,3.16923844618453,14.6304084139415,697.951466298172,32.2878397052048,865.716198372482
"50kmE505N455",0.559999997494743,9.70919989049434,72.3204023903235,5.85799999535084,0,0.052000000141561,2.95080002397299,0,0,8.54960009455681,0,2.93384413984299,14.5912598182659,696.704851378407,31.6140150931775,879.345818573851
"50kmE510N455",0.341999997908715,8.48799981176853,69.0936004742981,5.41639998555183,0,0.187599996570498,0.982800032943487,0,0,15.4896005988121,0,2.88292645241043,14.7368974042025,728.354249072929,30.8393386897405,894.224907292956
"50kmE515N455",0.767199983965839,14.4683998078108,64.0724011696875,6.29120022058487,0,0.599600002169609,0.397199997678399,0,0,13.4039998054504,0,2.93817688130334,14.9181613653999,747.576477889838,29.4862373933281,909.955888285492
"50kmE520N455",2.1616000434733,12.4520000070333,64.1731990501285,6.28720000386238,0,0.0432000000728294,0.413999985903502,0,0.015999999595806,14.452800154686,0,2.82360635316106,14.8765960759887,751.949906571159,27.4229523512925,915.6931174089
"50kmE525N455",0.433199992403388,3.64600000903011,77.7479978278279,6.2304001301527,0,0.0148000006447546,0.76600001193583,0,0,11.1616000533104,0,2.66820881525477,14.8764926539543,834.483338543296,26.5907939981247,917.602954048136
"50kmE530N455",0.357600007555448,3.76120004802942,68.0307999253273,4.62520010769367,0,0.0232000005780719,0.874400045722723,0,0.276400009170175,22.0512002706528,0,2.6544769085768,14.8937794533461,810.458796732642,27.9586710650332,921.478730757161
"50kmE535N455",0.239967892412097,1.24077047221363,68.0116356350481,7.81621187925339,0,0.0156500798766501,9.01565030217171,0,0.636035297065973,13.0240768194199,0,2.44291686385856,14.749747594258,807.140258715886,28.3611926171319,935.345275280005
"50kmE435N460",0.119199999608099,4.90519986487925,14.1563998535276,2.71839995402842,17.1232004940975,0,2.22360007464886,0.183600001037121,0,1.29159996286035,57.2788000106812,5.93613569321535,12.3391002949854,1443.14373156342,24.9861209439532,480.883525073749
"50kmE440N460",0.0383999999030493,2.99080002587289,32.3172004893422,16.1472000181675,31.0788003727794,0,9.59319993853569,0,0.241199997253716,4.44439984858036,3.14880013465881,3.6213885199941,12.3537627268703,2206.10728936107,24.4045447838277,658.308942009739
"50kmE445N460",0.058000000717584,0.913200003560633,28.6416001617909,26.0115993820364,20.5824005417526,0,13.2095992565155,0,0.174800003878772,10.4088000953197,0,1.8950864489434,11.191687601596,1723.5900990099,24.5103886508052,692.14833752032
"50kmE450N460",0.063999998383224,0.50120000669267,43.1103996932506,35.1147998124361,3.64559995941818,0,6.61719962954521,0,0,10.9467998147011,0,1.00090909090911,10.8512564671102,1417.30864745011,22.9187287509239,733.727671840353
"50kmE455N460",0.0467999998363666,0.315200001932681,61.768801510334,17.0087995822541,0.56439999025315,0,13.0188003182411,0,0,7.27720037102699,0,1.13059215396005,11.6854256106587,1112.04916358253,28.6834344929681,787.975840118436
"50kmE460N460",0.181599995994475,1.39880001661368,56.8759988993406,12.6791998744011,0,0.036000000545755,21.6931998729706,0,0.519599998369813,6.61559998989105,0,1.64089696071164,12.4851964418088,900.329355077836,35.1178947368423,819.453239436621
"50kmE465N460",0.087599999824306,0.74079999467358,59.0371988713741,14.9847993627191,0,0,20.9399998188019,0,0.335999997332692,3.87360006570816,0,1.51727029835239,12.5402181980111,866.005610805994,37.3590173667807,823.911978625502
"50kmE470N460",0.463599999056896,0.960399978794157,64.8711972869933,14.7275999188423,0,0.0307999987853691,14.8460000753403,0,1.02279996499419,3.07759996503592,0,1.95220303661805,13.1786692467996,830.002887764214,38.8299940458472,837.697811848761
"50kmE475N460",0.126799999270588,0.583199999528006,71.6575981699861,14.7404000163078,0,0.0284000008832663,5.46680018305779,0,1.12880002707243,6.26799985766411,0,2.26554396423249,13.7571833084949,738.066199701937,37.9854992548436,859.873859910583
"50kmE480N460",0.237600006221328,6.13279980170773,76.7944010789507,7.35799968242645,0.0132000001030974,0,3.77160012722015,0,0.0339999998686835,5.65840005874634,0,2.58757095906781,13.8507768150583,837.473050492979,30.8781296683595,841.534911861364
"50kmE485N460",0.0986548227956519,4.30863287183456,32.2719824500382,1.24144181609154,0.0165130390087143,0.0605478067882359,0.320522324182093,0,0,1.38328457251191,60.2984220720827,3.34304868913839,13.4002471910107,706.15472659176,28.7338726591763,752.968569288395
"50kmE495N460",1.09339618211379,8.17200838937423,21.9750288873911,2.7927353978157,0,0.0257220090134069,0.09698462090455,0,0.0556607381440699,0.0219269582885318,65.7665371894836,3.49966088922386,14.133496608892,570.147219291637,32.3562622456671,800.695207234367
"50kmE500N460",1.62999999884051,20.881600305438,66.0416000057012,9.02040004730225,0,0.052000000141561,1.93160008639097,0,0.205600005574524,0.237199990078807,0,3.19586795588466,14.8326106662637,671.215636803142,31.4789847408972,878.555038525464
"50kmE505N460",1.06039997481275,17.9656004343997,68.8768009655177,6.34320005774498,0,0.269200000911951,3.97239997982979,0,0.00880000006873161,1.50359999388456,0,2.79461795027292,14.5421922377199,693.585551849605,30.8696027895694,889.814357186175
"50kmE510N460",0.279200001386926,10.6220003217459,72.4451991729438,7.62680023908615,0,0.477600004523993,4.79080006480217,0,0,3.75839993357658,0,2.59984779299843,14.5118873668188,748.224033485542,30.9828919330287,902.762054794517
"50kmE515N460",0.623999988602009,11.1339999508346,71.5739983832464,8.57840031385422,0,0.0763999996706843,2.00440008193254,0,0,6.00880011916161,0,2.46211426825542,14.5005652306752,786.301588756493,27.3935074854873,914.884356859162
"50kmE520N460",0.139199996192474,3.24600003659725,79.9671995453537,8.44720005989075,0,0.00960000033956021,2.32319999486208,0,0,5.86760006844997,0,2.23479361669482,14.3382461255178,785.16111707841,27.004787478901,919.998066595063
"50kmE525N460",0.409199998830446,5.68879991769791,70.8619992248714,4.74079996347427,0,0.0112000001536217,0.224000005982816,0,0,18.0639997124672,0,2.41281004467723,14.8361500539212,817.181235556925,29.1060853489446,927.073409336001
"50kmE530N460",0.53245874150889,2.05228766426444,75.7350941654294,9.3111127614975,0,0,1.58700365573168,0,0.459850719198585,10.3221915662289,0,2.27485307763685,14.6448035879987,798.244618001852,29.3233374574702,934.593009588617
"50kmE535N460",0,0.257927482016385,79.732461279491,11.2337529659271,0,0,4.62752245366573,0,0.0455166125902906,4.10281680524349,0,1.96762969866417,14.322771046909,803.554753028892,28.9481671326498,936.642280211246
"50kmE435N465",0,0.33839926472865,0.296552028157749,0.356103852391243,3.64915918908082,0,0.0667946238536388,0.0909372582100332,0,0.0265568989561871,95.1754987239838,6.37194025522053,12.1134570765664,1175.25759860788,25.6079176334108,420.749361948954
"50kmE440N465",0.0836000006529502,4.23439997248351,26.5651999041438,6.50040006730705,21.9688000157475,0,1.13479997962713,0.0731999985873699,0.0151999993249774,1.89919993281364,37.525200843811,4.5606805978813,12.6918952256568,2265.44839645915,23.4448556087651,612.423117109273
"50kmE445N465",0.014000000373926,0.129600000218488,17.1672002412379,15.3115996625275,52.641600719653,0,7.10320025682449,0,0.081200001295656,6.54280036687851,1.0088000446558,1.17016281436257,10.6752798371856,2454.45502253234,25.3520279110339,695.210495711588
"50kmE450N465",0.0431999993452337,0.0232000005780719,17.597200255841,45.1927992588026,27.8564004227519,0.0315999990561977,5.2352000027895,0,0,4.02039997279644,0,-0.460947949985434,9.36834835708054,1537.30811282349,23.4178104100028,717.77939808084
"50kmE455N465",0.196799999685027,0.132000000303378,50.3111995756626,30.4187999106944,3.30879993998679,0,8.57039988040924,0,0,7.06200003623962,0,0.031348281887046,10.4113278974957,1195.32090856144,29.844175888177,770.590128130458
"50kmE460N465",0.0403999991249293,0.222800002120493,65.081998333335,12.8772005438805,0,0,10.0212000310421,0,0.0292000011540949,11.727199703455,0,1.25380577427821,12.0922426363371,913.293788276465,37.1762029746282,816.678696412949
"50kmE465N465",0.330799999937881,0.634800002444536,57.3848005384207,17.5684005022049,0,0,16.0715997219086,0,1.09360003843904,6.91599994897842,0,1.68743245216881,12.9702132320723,862.514049948886,40.0913684825472,847.201825617063
"50kmE470N465",0.209200002427678,0.601599983929191,61.4564020885154,14.7835999727249,0,0.0432000000728294,15.1800006628036,0,1.24880000948906,6.47720023989677,0,1.97085100160846,13.5234756543355,810.693887995323,39.1170638982304,865.959204562068
"50kmE475N465",0.385600002482533,0.739599985536187,73.007998301182,9.46160033345222,0,0.258000008761883,7.54640027880669,0,0.436000013723969,8.16479995846748,0,1.96430247909635,13.6445577233385,763.393325509755,36.982470294851,874.016180137886
"50kmE480N465",1.93559997715056,7.75439975550398,77.713197725825,7.33480006456375,0,0.0272000004770234,1.74880009144545,0,0.336800003424287,2.49879993498325,0.650400016456842,2.52111764705879,13.8997647058823,780.941117647058,32.300411764706,852.26
"50kmE485N465",1.01281551760621,0.770568157895469,13.442079978995,0.736855808645487,0.018782599363476,0,0.0582742155529559,0.0303411216009408,0.0515317427925766,0.427183695137501,83.4515650785761,3.11601827291464,13.260433244916,616.920350722075,30.244547597996,761.598452696737
"50kmE495N465",0.040392717346549,0.796313560567796,2.50517273088917,0.0667716318275779,0,0,0,0,0,0,96.5913474559784,3.01280758968278,13.2236584642754,539.700133412394,31.0257189445597,755.733101096943
"50kmE500N465",2.08279995567864,12.1988000930287,61.4696012809872,10.0323997437954,0,0.0736000016331673,2.02760007232428,0.0475999986520037,0.187999999616295,0.632400019094348,11.2471997737885,2.95516292218421,14.4162103853595,675.701458116351,32.0954322273471,865.693661657497
"50kmE505N465",0.246800007880666,10.4563997127116,66.050800215453,11.8936002254486,0,0.291600008495152,8.70200023055077,0,0.0311999989207834,2.32759993523359,0,2.61586093703355,14.47551477171,707.776589077887,33.6135034318116,897.953446732325
"50kmE510N465",0.22720000197296,6.53039999306202,55.5452004540711,11.4036001265049,0,0.208800006657839,5.65119981765747,0,0,20.4336002469063,0,2.36560251798572,14.5181654676262,743.60146882494,33.2073441247,913.750554556372
"50kmE515N465",2.03439996694215,2.58480003103614,63.2379992312054,10.3799998760223,0,0,1.23920002952218,0,0.1475999946706,20.3759998083115,0,2.10841986455979,14.2570278404816,794.064620015048,30.7348231753198,915.191030850262
"50kmE520N465",0.487599984626286,2.30999994091689,75.4448018444236,8.70120003819466,0,0,0.887199956923723,0,0.205600005574524,11.9635999202728,0,1.95548255550519,14.0961561697626,821.702975381361,28.4037456577556,919.135357196801
"50kmE525N465",0.265611155191436,0.467924342956394,80.9909727424383,8.63015949726105,0,0.0296458922093734,1.5219559893012,0,0.0216334883589298,8.0720953643322,0,1.84957524271852,14.1425060679612,831.113334344662,26.8598300970876,933.097481796116
"50kmE440N470",0.297200007480569,4.51880008913576,8.96160015836358,5.17080016434193,21.0200000554323,0,0.681999977678061,0.137600000016391,0,0.317199993878603,58.8948011398315,4.74085461549434,12.2254315879582,2040.72238550435,25.3482522471111,562.907618775859
"50kmE445N470",0.100400000519585,1.29560003988445,30.5048003792763,8.48400006070733,52.529599913396,0,4.09840010106564,0,0.277599995024502,2.68639996647835,0.0232000005780719,1.29270000000001,10.9637285714285,2503.40778571428,28.3479428571428,714.879771428572
"50kmE455N470",0.0888000002305489,0.286799995228648,51.0403989814222,30.9083997271955,1.12640000879764,0.014000000373926,5.86120001971722,0,0,10.673999786377,0,0.0628685943315531,10.5126109361581,1152.04865445176,28.7680647008303,777.609690810192
"50kmE460N470",0.0364000006811693,0.207999996200669,73.5043972730637,10.0755997002125,0.0300000014249235,0,7.14199990034103,0,0,9.00359973311424,0,0.74127006880736,11.7660693807339,965.16486525229,37.1783830275228,824.966026376144
"50kmE465N470",0.204800001301919,0.994000006176065,54.4159987010062,20.4168001655489,0,0.0303999986499548,14.5523995161057,0,1.51720000430942,7.8684002161026,0,1.33259620907526,12.7257466973004,839.339718552556,39.1922745548538,855.614158529581
"50kmE470N470",0.45639999298146,0.466800002322997,55.9807981131599,14.5691999699921,0.0276000006124377,0.07999999797903,21.1012005805969,0,0.336400000378489,6.98160007596016,0,1.22199597064326,12.7152467981005,858.542797524825,38.1905454022157,858.554108504823
"50kmE475N470",0.111599998490419,1.11719996784814,68.4335984231439,8.43639969825745,0,0.106799998320639,15.998800098896,0,0.324400002136827,5.4712001234293,0,1.4247116493656,13.1044982698962,809.371092848905,35.5923010380619,871.124826989617
"50kmE480N470",0.329600006807595,2.92280007852242,75.7940031588078,12.1235996484756,0.0144000005093403,0.0620000006165355,6.21920004487038,0,0.334400008432567,1.65919996798038,0.540800020098686,2.04363886077779,13.7303672112189,805.544397860344,33.3810611536797,872.192728061301
"50kmE485N470",1.51366658537881,1.68991815880872,22.8030055877753,2.41831729654223,0.171815068461001,0.0330723851220682,0.601756060495973,0,0.00564650472369976,0.771554512903094,69.991248624865,2.7333454123785,13.3689302797504,632.073242498911,31.6858095376142,797.630468183795
"50kmE500N470",3.25319996845792,9.74599989131093,25.5803998559714,3.7211999297142,0,0,1.41399996355176,0.745999999344349,0.161599996499717,0.338399992324412,55.0391972064972,2.50258154161172,13.5271683486911,628.364721369021,29.332923796987,833.711613280684
"50kmE505N470",3.8124000231619,16.0287998616695,58.543199300766,12.4179996550083,0,0.0668000022415072,7.77759999036789,0,0.532400002703071,0.799200031906366,0.0216000000364147,2.46299999999998,14.505838235294,729.303500000001,31.7574852941176,910.481647058817
"50kmE510N470",0.132000001030974,2.12960001081228,65.3627988882363,14.8827999830246,0,0.0712000008206815,11.481200158596,0,0.258000008761883,5.68239986896515,0,2.04305412181085,14.2894927001917,794.454151305118,31.5497861672309,922.335953399202
"50kmE515N470",0.344000008499279,1.29759998526424,69.8884010751498,21.467599272728,0,0.028000000747852,1.26959998160601,0,0.174400000832975,5.53039982914925,0,1.68206988451292,13.9123334320404,836.098800710689,29.3622149837135,924.166582765772
"50kmE520N470",0.0103999998827931,0.630799983628094,72.9991994798183,17.7627995610237,0,0.0224000003072433,3.37040014564991,0,0.095999997574836,5.10799996554852,0,1.64012492563947,13.895776323617,826.143158834029,27.4519333729922,927.403569303969
"50kmE525N470",0.0152599372086115,0.388038385426625,69.4114590063691,14.75690305233,0,0,2.57892925292253,0,0,12.8494113683701,0,1.58231206097744,13.8955088925423,782.36012554177,29.1826931699298,929.624495591102
"50kmE530N470",0,0,68.9724914147518,22.0390900969505,0,0,5.86361140012741,0,0,3.12480852007866,0,1.5559309309309,13.9299249249251,770.517702702702,31.9563363363363,937.95528528528
"50kmE440N475",0.251199998456286,3.66120008111466,4.27999993553385,4.59720008075237,9.05680023133754,0,0.760400015860796,0.569600006565452,0,0.172800000291318,76.6507983207703,5.36112203342218,11.7397907597248,1670.27687122595,27.8359500070215,475.147015868557
"50kmE445N475",0.44160000688862,5.70039991289377,31.9188008084893,9.66879981569946,30.9940012753941,0,4.40119989216328,0.252000009641051,0.0232000005780719,2.42439992725849,14.1755998134613,2.65287719298246,11.9141263157895,2592.21817543859,28.7994105263158,689.73223859649
"50kmE450N475",0.0307999995129648,0.592800015874673,18.5624002944679,34.7228013561108,31.7024007439614,0,2.52400003373623,0,0,11.7916002869606,0.0731999985873699,-0.0459825818232613,9.6906377300183,2097.98842534063,27.1063773001826,712.023331928644
"50kmE455N475",0.103200002922677,0.0184000004082918,18.1615998837515,58.7599987091381,13.6160001915414,0,5.66640011966228,0,0.015999999595806,3.65840010344982,0,-1.11606640405177,9.32722284749571,1266.41015756894,26.7700900393922,766.873171074845
"50kmE460N475",0.190800003474579,0.0815999985206872,56.9043993018568,31.031200569123,3.25679982124711,0,4.01239991188049,0,0.0872000004164875,4.43559996783733,0,-0.339140845070396,10.6137605633803,1087.2897887324,37.351690140845,813.009140845072
"50kmE465N475",0.200799999583978,0.0971999979810789,54.108002409339,11.3840002566576,0.0268000003416091,0.0508000026457012,11.9744002819061,0,0.37360000424087,21.7843994498253,0,0.819672593847042,12.0676404177249,851.983841377364,40.4460203217612,844.962574089755
"50kmE470N475",0.0620000013441313,0.0712000013663783,61.2572023761459,17.1600005123764,0,0.104000000283122,10.2296002209187,0,0.304000009782612,10.8120001852512,0,0.922683547885145,12.5159499221955,816.242481256189,40.2169047955862,866.256570943558
"50kmE475N475",0.165999997989275,0.200399996538181,65.6144017033511,19.2320004105568,0,0.0423999998020008,9.86000001430511,0,0.339199998416007,4.54559996724129,0,1.3155328798186,13.2599489795918,773.724872448979,38.8742063492064,892.677806122451
"50kmE480N475",0.547599999117665,2.6780000058352,74.4372023036704,14.0244007110596,0,0.0167999998666346,2.80719995498657,0,0.746400002390146,4.74239997565746,0,1.99501776830135,14.1599502487562,759.599943141438,34.0297654584222,912.710206112299
"50kmE485N475",3.45000006345799,5.93360011698678,53.7612015381456,5.23560005240142,0.223599997116253,0.373200001195073,1.20639996603131,0.0704000005498528,0.614400021731853,3.2455999404192,25.8859995752573,2.35684053014109,13.9333262077811,725.50354852501,27.8790651275472,873.291677354996
"50kmE490N475",0.0862470093125012,0.12756535288645,9.6572584239766,0.763386343896854,0.0417194838519208,0,0.0693987589329481,0,0,0,89.2544264905155,2.2631454727508,13.0092619081672,603.280117293665,24.3877413817766,806.566771563434
"50kmE495N475",0.17343077051919,0.0311633397359401,1.45880570053123,0.574941060040146,0,0,0,0,0,0,97.7616608142853,2.14106553850562,12.9356589703124,583.241388211677,25.3987379893877,805.349161049771
"50kmE500N475",1.46760002244264,1.49920003022999,32.0207992568612,5.37800006568432,0,0.0203999996301718,2.06959992647171,0.156799994874746,0.518799992278218,0.292399991303682,56.5764009952545,2.10172115800073,13.5440227567328,694.503024629122,26.0083537375776,862.411435978689
"50kmE505N475",0.471999998990214,2.05399999395012,62.0291989762336,14.9079993367195,0,0.165600003674626,17.9284006357193,0,0.936799962073565,1.50600001215935,0,2.0089221210808,14.2613422915763,801.888325386508,28.1392284351972,925.67530703655
"50kmE510N475",0.32600000849925,0.511199980974198,58.0392006842885,15.7820001244545,0,0.36359999794513,19.7528004646301,0,0.271599995903671,4.95360009372234,0,1.75419570267137,14.067145760743,811.763545296165,29.2918844367016,931.330008710802
"50kmE515N475",0,0.738399988040328,62.0572000741958,29.9755990505219,0,0.0515999970957637,2.66239996999502,0,0,4.51480001211166,0,1.29065549890753,13.5930152949744,882.501398397668,27.6641369264384,929.057494537505
"50kmE520N475",0.314586429158225,0.351728219538927,61.1004695296287,21.9132050871849,0,0.12664005625993,2.76370663195848,0,0.0250595156103373,13.4046033024788,0,1.27039232908802,13.5810496267019,815.393383106424,28.2110964719663,929.994378568289
"50kmE525N475",0,0.239788764156401,61.2027163617313,22.9442834854126,0,0.0942989543545991,6.99428841471672,0,0,8.52462574839592,0,1.42078370827823,13.7727466549038,788.851389501544,31.9641523305395,931.770416115275
"50kmE440N480",0.0420132753788493,0.248878635466099,0.407728832215071,2.16508414596319,1.18477437936235,0,0.06602086359635,0.0132041721371934,0,0,95.8722949028015,5.91840220385678,11.5193663911852,1253.56522038567,28.2885399449038,405.152162534434
"50kmE445N480",0,1.5595999546349,14.4356000237167,11.345200240612,41.5052004158497,0,0.793999992311001,0.0552000012248755,0.044000000343658,1.79880000650883,28.4624010324478,2.78125258371226,11.1516535758578,3141.50498828717,27.6712140002754,616.458936199532
"50kmE450N480",0.988799988408573,1.20200002420461,25.8187994360924,18.5680004185997,47.6375989615918,0,1.13679999485612,0,0.177199998870492,3.31720001995564,1.15360002964735,-0.0401270367301621,10.0241093620547,2593.77705053852,30.2737917702291,729.002595967965
"50kmE460N480",0,0.0236000007134862,52.7188014239073,29.7271996270865,4.59239995107055,0.00319999999192078,2.06719990819693,0,0.0636000011581928,10.8039997518063,0,-0.532677928551622,10.5834533370257,1039.62443921351,35.8072417612849,824.182719468287
"50kmE465N480",0,0,61.6007984615862,16.6747999515792,0.755199996638112,0.0380000012228265,4.94199991226196,0,0.150000001303852,15.8391997218132,0,0.000388134183552667,11.5434017188798,966.686332131965,38.8467008594399,867.278209037981
"50kmE475N480",0.105199999234173,0.0579999992623925,67.2392005100846,13.8035994132224,0.014000000373926,0.0364000006811693,15.7923996448517,0,0.0232000005780719,2.9279999434948,0,0.975139353400223,12.9546404682274,843.037430323301,38.9414437012262,895.132009476033
"50kmE480N480",0.13160000089556,0.641999987419694,72.053602267988,15.6868004007265,0.0268000003416091,0.0207999997655861,6.04359991848469,0,1.12760001793504,4.26720008254051,0,1.55079597821533,14.0336056416702,763.066694595726,32.3821533305404,937.310026532606
"50kmE485N480",0.28800000436604,2.10680002928711,65.5724014155567,17.7608003519708,0.0352000002749264,0.143599999137223,7.14719966053963,0,0.345600000582635,6.24959990382195,0.350799999432638,1.67766643307634,14.1416327960756,807.510693763141,27.0964120532584,934.745634197616
"50kmE490N480",1.02919998171274,3.87360007152892,65.8427991904318,9.50880007003434,0,0.135599996428937,9.5771998167038,0,0.622399989515543,3.97799983620644,5.43240010738373,1.79269662921351,14.0260814606743,822.53591292135,24.1668539325843,915.428581460676
"50kmE495N480",3.84879993507638,7.92559976689517,58.0300010740757,9.21920004184358,0.0631999995675869,0.0232000005780719,5.45919984579086,0.0796000007539988,2.47239992022514,0.46399999409914,12.4147999857086,1.83009592326149,13.8899351107351,833.717957398789,23.9962336013544,905.268444068279
"50kmE500N480",0.138799997512251,1.8656000494957,62.9823989816941,18.7996000051498,0,0.0731999985873699,15.1171997189522,0,0.149199995212257,0.623599998652935,0.250399997457862,1.5891279728199,13.9407134767837,876.51456681767,25.7494762174402,928.23649490374
"50kmE505N480",0.131600003078347,1.00359998177737,52.1448005456477,20.2043995261192,0,0.144400005228817,24.4716003537178,0,0.0292000011540949,1.87040008604527,0,1.39585525380344,13.7767595620646,851.218143039955,27.8600028437367,931.956220673948
"50kmE510N480",0,0.724000012269244,73.1875985860825,16.3499996066093,0,0.0407999992603436,8.32120031118393,0,0.0247999996645376,1.35159995406866,0,1.16303168712534,13.5602769055095,880.723051669998,28.1322295175568,933.321238938038
"50kmE515N480",0.13440000184346,0.522399978945032,67.1007977114641,15.3323993086815,0,0.0568000017665327,8.18720012903214,0,0.166800001170486,8.49919989705086,0,0.868859271997689,13.2304815133277,902.297764402408,28.3958870736605,929.1067927773
"50kmE520N480",0,0.247320208291057,74.0933533757925,14.1621813178062,0,0.342942820861936,5.12584410607815,0,0,6.02835640311241,0,0.943619472850322,13.3022972778339,811.880599164626,29.1850496903351,931.37348408469
"50kmE445N485",0.175053626298905,1.85491099837236,8.21930172387511,6.58587887883186,9.39002446830273,0,0.655423803254962,0.0949234468862414,0,0.769249722361565,72.2552359104156,4.856048714479,11.5271718538562,2003.55273342354,29.1617456021648,490.408971583219
"50kmE450N485",0.0132000001030974,1.56000001879875,23.4908002894372,17.9519995523151,46.8820013105869,0.0119999996968545,1.61320008337498,0.0731999985873699,0.0452000007499009,4.58960011601448,3.7687998265028,0.585791757049889,10.1639913232104,2288.87422722342,31.0507456616052,700.802738611712
"50kmE455N485",0.178799999412149,1.08679997938453,20.2779998537153,20.8440004207659,50.6831997656263,0,1.05200000107288,0.0127999999676831,0.0311999989207834,5.49799986183643,0.335199991241097,-0.902741585233419,9.35918838219326,1276.8592290988,27.1060667752443,750.81012486428
"50kmE470N485",0,0.0487999990582466,70.601997897029,6.48320007021539,0.140800004010088,0.36359999794513,10.1524002850056,0,0.219199992716312,11.99000030756,0,0.28137629710543,12.3956444565811,804.647842708902,44.8537820862919,913.821163298748
"50kmE475N485",0.247600001603132,0.14999999475549,66.6323992423714,9.00920033454895,0.0604000000748783,0.550800003111362,17.340399324894,0,0.56679998524487,5.44239990413189,0,0.695445842450782,12.9811952954049,784.799343544858,41.5644009846827,925.376572757115
"50kmE480N485",0.0668000022415072,0.228400006017182,58.3052013505949,8.73439982533455,0,0.083999999333173,32.0172011852264,0,0.0384000013582408,0.525599997490644,0,0.678600851297557,12.9502471508993,821.742084305917,33.5297404915557,917.583138816423
"50kmE485N485",0.183999995351769,0.777600001310929,70.6335978815332,12.3428001708817,0,0.0584000023081899,11.9268000125885,0,1.11360000446439,2.96320002526045,0,1.20269898099697,13.8083585789038,813.572734783808,30.729977967502,945.380349765904
"50kmE490N485",0.579999979527202,3.47239996190183,64.9980006273836,17.8239999979269,0.0132000001030974,0.109599996358156,7.21599981188774,0,1.47040002048016,4.3163999915123,0,1.19803203977353,13.8492128159094,798.758389725175,29.3040464024306,948.14435851402
"50kmE495N485",0,1.56439994461834,58.4176001837478,28.2272011041641,0.262799998745322,0.0828000018373132,6.59440010786057,0,0.243599992245436,4.60719987750053,0,1.17034391901262,13.7581819442518,832.149050062403,27.2004992372764,943.794258771337
"50kmE500N485",0.878399992870982,1.3803999972879,67.5627997494302,20.4180002212524,0.0584000023081899,0.0224000003072433,6.15160018205643,0,2.19720005989075,1.33079998195171,0,1.11914405010438,13.7051565762005,861.497717466943,27.8988587334729,942.329422407792
"50kmE505N485",0,1.18080001702765,71.7559985816479,10.4263998568058,0,0.0771999999415129,8.71400013566017,0,0.428800005465746,7.41679966449738,0,0.884553583903852,13.3863280704204,829.029439709374,29.9736481766103,935.001760514192
"50kmE510N485",0.225999997928739,0.667999987490475,70.1720025390386,11.2700000405312,0,0,7.60079994797707,0,0,10.063199698925,0,0.538405390230234,12.9014458169565,892.419034250417,27.8847697922515,923.080797304887
"50kmE515N485",0.617600005352869,1.87599998898804,67.7620001137256,9.62480008602142,0,0.0339999998686835,4.45839986205101,0,0,15.6271994113922,0,0.450831923293878,12.757388606881,841.556373378455,29.6064720812183,917.446954314702
"50kmE520N485",0,1.24255705159157,66.4650559425354,10.1693660020828,0,0.0288654526229948,3.35242040455341,0,0,18.7417343258858,0,0.534653535496699,12.7380260734024,779.970724103728,29.5783760804876,916.326314297854
"50kmE440N490",0.0758810507250018,0.0176343281054869,0,0.212146318517625,0.229780632071197,0,0,0.368183385580778,0,0,99.0963757038116,5.96769312450222,11.0651977701089,1015.04762410406,32.0133660737989,359.90915848155
"50kmE450N490",0.852800009306521,3.17400007043033,16.4263998158276,5.3116001188755,18.3536000171443,0,1.53120001778007,0.258399988524616,0,2.13760007172823,51.9544005393982,3.80750033275656,11.9557899640623,1613.82459736457,28.5132570211634,608.192705976307
"50kmE455N490",0.294400002167095,1.31399998208508,19.5723996497691,10.3424000553787,51.7900004982948,0,1.37759996578097,0.0544000009540468,0,9.13320034742355,6.12160004675388,0.230609934744998,10.2570315621255,1973.29912105474,26.2944067119458,734.771527500334
"50kmE460N490",0,0,1.31879998371005,35.8999986783602,53.6559987813234,0.0180000002728775,0.312400003895164,0,0.0951999973040074,8.69959965348244,0,-2.49917245061398,7.8249599572878,1259.41125200213,26.7786038441003,753.159556860653
"50kmE465N490",0,0,21.3419999927283,29.7371989116073,40.0611996650695,0.022000000171829,2.02200002968311,0,0.023999999393709,6.79159983992577,0,-2.58217868128929,8.71715260131076,1069.30591146181,40.3441219740538,833.337194061788
"50kmE470N490",0,0,55.5263996124268,17.2396004665643,3.73639990575611,0.193200004287064,12.6803994178772,0,0.0448000006144866,10.5792000889778,0,-0.856073200160868,11.295247352192,892.657997050542,45.8849845823836,914.694007239577
"50kmE475N490",2.41120001592208,0.0288000002910849,61.8428010493517,4.86919973045588,0.127999996766448,0.662800017744303,26.3119995594025,0,0.0292000011540949,3.71600016951561,0,-0.127327065144367,11.9705641370047,789.82198791135,42.7195836131633,906.463572867696
"50kmE480N490",0.309999997261911,0.685999979032204,64.9920001160353,9.10600036077085,0.0427999999374151,0.0660000019706786,24.4256004691124,0,0,0.371599989011884,0,0.620696859415037,12.8811632295457,754.259698072517,36.2639034910368,916.042957271872
"50kmE485N490",0.117199996020645,0.621200009481982,59.4240014906973,10.3128001093864,0.0980000011622906,0.286399992182851,27.0063996315002,0,0.875999964773655,1.25799998641014,0,0.827538877620009,13.4519202163624,753.521933739013,33.5566058147393,946.224624746447
"50kmE490N490",0.259999988338677,1.00279997568578,71.0031992755831,13.0919992923737,0,0.0327999994624406,12.3071998357773,0,0.851999968290329,1.44999995827675,0,0.797034875831214,13.5090039354051,751.715700909216,33.4770253765774,952.689550821012
"50kmE495N490",0.0327999994624406,0.427600011607865,74.9987974762917,15.3540000319481,0,0,2.61480007320642,0,0.300800008699298,6.27119988203049,0,0.698222313036379,13.4426440539438,775.420310584389,30.8623348317669,950.791023021382
"50kmE500N490",1.53319997916697,0.372400006745011,70.9356008796021,16.4948001503944,0,0,4.84040006995201,0,0.778800016269088,5.04480004310608,0,0.64113266839733,13.3797991528897,774.168055745318,31.1961470146194,948.618513458113
"50kmE505N490",0.462799993692897,0.590399984503165,66.7203988879919,13.4139999747276,0.0255999999353662,0.0255999999353662,5.01120015978813,0,0.294800009578466,13.4552001953125,0,0.551443100604759,13.1823117097306,767.519378779549,31.8668911489831,940.494378779554
"50kmE510N490",0.0724000026821159,0.771199993323535,74.0371976047754,10.037200152874,0,0.0731999985873699,6.38799965381622,0,0,8.62080007791519,0,0.31541114790287,12.7869205298014,811.453504415011,31.3321467991172,929.136285871959
"50kmE515N490",0.329796777805314,1.39982420951128,71.2759681046009,11.3100364804268,0,0,7.07794651389122,0,0.0122314741020091,8.59419628977776,0,0.203508042151991,12.584816971714,781.346478092066,31.8349833610649,924.789503605101
"50kmE440N495",0.0959487122599967,0.0428821076638997,0,2.65761855989695,3.71680649695918,0,0,0.0310895266011357,0,0.311431288719177,93.1442260742188,5.71336633663302,10.6474726420016,1505.40216258467,36.8470036477331,346.22265502867
"50kmE445N495",0.0693070294801146,0.140120735159144,0.0612714327871799,2.56586670875549,4.09062141552567,0,0.0878893479239196,0.187832093797624,0,0.355575187131763,92.4415171146393,5.47744944553188,10.927534246575,1714.83633398564,36.4883757338552,387.968519243316
"50kmE450N495",0.023999999393709,2.49960008077323,9.76960030384362,3.06320004165173,7.94480010808911,0,1.75800006836653,0.788000039756298,0,0.456399982795119,73.6963987350464,4.77289628180038,11.8005805609917,1591.70477495108,29.427305936073,522.924422700588
"50kmE455N495",0,0.317999991239049,22.0571994781494,4.94479984045029,51.6503995750099,0,1.53599996119738,0.261999992653728,0,6.39400035142899,12.8376007080078,1.55501960784313,10.843568627451,2150.25579084968,27.7668758169935,686.239503267969
"50kmE465N495",0.0228000004426576,0,7.81360021792353,40.6216003000736,40.5216001905502,0.120399997103959,0.700000021606684,0,0.0847999996040016,10.1152002811432,0,-2.49937007874015,8.26703412073486,915.439173228345,34.6922572178479,792.411482939636
"50kmE470N495",0.108800001180498,0.0383999999030493,41.7268007528037,38.9627985656262,3.89960010070354,0.141599995549768,9.93959978222847,0,0.53719999268651,4.64520007371902,0,-1.39362751545442,10.4540115743785,838.75270288044,47.7503090885177,884.274431145597
"50kmE475N495",0.917200018011499,0.158399996871594,66.6468020528555,7.32480018850765,0.214400002732873,0.840399973094463,19.7395995259285,0,0.813599955290556,3.34479995071888,0,-0.242452830188654,11.6593416017944,769.771447420504,46.9599683335533,889.638290011879
"50kmE480N495",0.143599998409627,0.356800001463853,55.2844003774226,9.40200036857277,0,0.46080001629889,29.9151986837387,0,1.59520003944635,2.84199994057417,0,0.357752348194215,12.5259624288927,759.493808704855,41.0675089297525,908.374613044067
"50kmE485N495",0.556399984634482,0.588000001152977,52.4559996789321,10.4139998555183,0,0.0948000000789762,33.5023999214172,0,1.67720001190901,0.711200013756752,0,0.506498075136095,13.1019846010887,718.023284216113,36.10777910527,941.709093322695
"50kmE490N495",0.493200000346405,0.526799992076122,70.2524013293442,10.8135998249054,0.0539999979082495,0.0452000007499009,15.8779993653297,0,0.685600005090237,1.25120002776384,0,0.413420807246603,13.1459104835487,794.411962168645,33.2638337551614,950.866577860673
"50kmE495N495",0.0411999993957579,0.229200009198394,71.4308008551598,12.1664002537727,0,0,14.360399544239,0,0.436800019815564,1.33520001545548,0,0.294737194061807,13.0067874816102,746.057362578575,32.5285007355886,947.480874682363
"50kmE500N495",0.0448000006144866,0.454400002490729,67.1219974756241,14.2652004957199,0.111599999945611,0,15.370799601078,0,0.178799999412149,2.45239995419979,0,0.139787691480818,12.7737301800591,764.217414673473,33.7866165009406,940.415130341316
"50kmE505N495",0.177199998870492,0.704400020185858,65.1363983750343,15.02800071612,0.496800011023879,0.00880000006873161,15.4364004731178,0,1.49800004437566,1.51399997994304,0,0.256379821958476,12.900134879957,777.965416779067,31.1268141354199,943.870393849487
"50kmE510N495",0.176745156932156,0.627846992574632,72.3293413378997,15.3017118573189,0.115687737707049,0,10.6834411621094,0,0.0108457257738337,0.754380458965898,0,0.113064406779693,12.6905559322033,783.629369491527,31.610738983051,940.721152542368
"50kmE515N495",0,0.79622461926192,60.0798651576042,15.1161670684814,0,0,16.6650533676147,0,0,7.34269097447395,0,-0.22308530934858,12.116734805124,797.966462251297,33.2721858817115,919.996974652487
"50kmE445N500",0.225564542051871,3.17330174730159,2.22360014013248,5.87383359670639,7.11735179647803,0,2.65350453555584,0.83983251824975,0,0.496491696685553,77.3965179920197,5.26894965499584,10.4748530539232,1593.45812675696,37.479453105034,368.67209302326
"50kmE450N500",0.302400010696147,1.20439997990616,12.3960001277738,7.57839977741241,11.9188001495786,0,1.48879997432232,0.373200001195073,0,0.782800000160933,63.9551997184753,4.56410108765195,11.3072872680741,2119.37489443378,31.7096225207934,500.927460012792
"50kmE455N500",0.174799995147623,1.65479995775968,23.8627992570401,5.22399991750717,18.3368001133204,0,2.30599995702505,0.85039995610714,0,1.63199994713068,45.958399772644,3.55774259710298,12.0054672477889,2133.43987950263,28.4237918215614,628.77973336752
"50kmE465N500",0.014000000373926,0,6.34839981794357,29.27959933877,61.1375994980336,0.031999999191612,0.206399988383055,0,0,2.98200007528067,0,-3.3454820440211,6.85065645514225,1146.44413695456,31.7231175183423,742.842849787618
"50kmE470N500",0.14280000468716,0,28.6240005167201,49.6231989985972,7.52759985625744,0.0372000009519979,2.93160006403923,0,0.175199995283037,10.9384000301361,0,-1.52973932120272,9.96242740998844,758.496889921283,46.5771196283385,854.527061556334
"50kmE475N500",1.26880002062535,0.0272000004770234,59.2543996870518,20.6635998823913,0.0276000006124377,0.316400011070073,12.3308002948761,0,0.21720000077039,5.89400008320808,0,-0.517490297542034,11.4242173350582,723.152587322121,46.6519793014226,891.551565329883
"50kmE480N500",0.0944000028539449,0.281199999153614,51.5836015343666,8.56600031256675,0.362800009315833,0.152000004891306,35.3583991527557,0,0.681999977678061,2.91959997266531,0,-0.210735160410429,11.8895635796858,752.31636576179,42.7913365372127,898.343382257439
"50kmE485N500",0.183600001037121,0.21599999818136,61.9655990973115,15.9328004345297,0,0.114399997983128,19.0763995051384,0,0.692000007256866,1.81920006871223,0,0.00851465798048993,12.3911726384365,768.014918566774,37.5627882736156,920.841641693808
"50kmE490N500",0.813199995172909,0.0923999963561073,72.3668000544421,7.80320027843118,1.44279999949504,0,13.6675998568535,0,0.135200005024672,3.67880016565323,0,-0.041654676258958,12.465604970569,778.313315892741,36.0906736429038,929.545062132105
"50kmE495N500",0.288799992995336,0.410800008103252,62.014800333418,9.61840013187611,0.161200005095452,0,25.7328003644943,0,0.252799992449582,1.52040002867579,0,0.0452443510247307,12.6642932212296,697.582409353652,35.9859432475039,939.322477666852
"50kmE500N500",0.808399994275532,0.614800001494586,57.6743999030441,13.1019994616508,0.342800002545118,0,24.6168002486229,0,0.615199981257319,2.22559999674559,0,0.019806094182857,12.6156113969135,722.19420920723,34.0586202347977,936.357696873764
"50kmE450N505",0.383600010536611,5.56600012350828,17.2503998037428,7.25919976830482,13.2124001931516,0,6.97079971432686,0.399200012907386,0,1.06680002063513,47.8915989398956,4.32065244667508,11.333224592221,1839.8398494354,30.7218695106649,525.820150564618
"50kmE455N505",0.755999988177791,4.64199997950346,27.868399489671,6.54399991035461,23.8931995714666,0,5.72480000555515,0.215200008824468,0,1.62560008466244,28.7308007478714,2.89983033806715,11.5817330652256,1759.47349503582,28.9924469020987,654.934975493279
"50kmE460N505",0.433999993401812,2.34599997056648,31.8728005047888,7.86440035444684,30.6419997708872,0,3.7176001816988,0.0747999991290271,0,2.42560002952814,20.6228002905846,1.49746317512276,11.1623253178899,1714.46450963111,26.2703008938688,714.947777917662
"50kmE465N505",0.0831999983347487,0.938799983123317,14.9852003436535,24.7080001165159,49.7056005056948,0,0.905600003898144,0,0.0436000002082437,8.63000005483627,0,-1.51059573393917,8.83981446421803,1354.4988262022,26.9580966805497,758.446081029916
"50kmE475N505",0,0,5.25480008218438,77.1119976241607,2.28320001624525,0.201199995353818,13.1656005978584,0,0.403199996799231,1.57999992370605,0,-1.49779299847793,10.0703830542872,762.413001014714,48.8528792491122,852.364332825972
"50kmE480N505",0.132000003941357,0.0655999989248812,39.7403990849853,22.4579994566739,0.470399980986258,0.102399999741465,33.4984004497528,0,0.693200016394258,2.83959992229939,0,-0.520800407851125,11.392391027275,716.333074177925,45.621322967117,878.132781034931
"50kmE485N505",0.198000000091269,0.170400000934023,62.941200658679,5.43080018833279,0.379600003361702,0.0644000014290214,27.5072008371353,0,0.579599989578128,2.72879991680384,0,-0.403655419222902,11.940605828221,689.220833333332,41.2919478527606,912.634790388555
"50kmE490N505",0,0.209200009703643,60.0728008896112,3.46119999885559,0.615999980800553,0,32.7719986438751,0,0.293600000441074,2.57520005106926,0,-0.448421457905537,11.904363449692,713.751296201234,40.5872946611909,914.178144250525
"50kmE495N505",0.0980000011622906,0,62.180001148954,6.14399984478951,0,0.0715999980457127,30.7208001613617,0,0,0.785600021481514,0,-0.350798763205348,11.9554496263852,681.585763978356,39.4010564287555,912.712123164135
"50kmE500N505",0,0.0251999997999519,52.3855990148149,5.38360013160854,0.817199982702732,0.128800002858043,31.3071995973587,0,0.687200017273426,9.26520004868507,0,-0.309844760672687,11.9616041397157,733.01425614489,34.6316817593792,909.8467141009
"50kmE510N505",0,0,72.1891120076179,8.02992850076408,1.46866188006243,0,18.2828024029732,0,0,0.0294946861686185,0,-0.407086820083663,11.8659780334729,782.627432008366,31.9565245815898,911.92068514645
"50kmE460N510",0.327599990851013,4.36839997710194,31.5675987396389,9.84120034772787,14.4411997869611,0,6.2948003411293,0.212000007741153,0,2.16959994286299,30.7776004076004,2.50507156959527,11.0352171767028,1763.77268015794,29.1073914116488,636.213746298124
"50kmE465N510",0.641200001700782,4.19520010473207,45.3160004690289,16.824799857568,23.2056000968441,0,5.23639991879463,0.467200018465519,0.599199999123812,2.61760000139475,0.89680003002286,0.00167635778797495,10.5930904367191,1449.00587653099,26.491092416182,793.359346777187
"50kmE470N510",0.0216000000364147,0.846800014551263,17.1187999192626,29.2471988541366,48.3555999351665,0,1.08679998666048,0.0384000013582408,0.014000000373926,3.24399992823601,0.0268000003416091,-2.00955599652734,8.82689445615782,1012.54139898301,31.5426764231675,798.797370705695
"50kmE475N510",0,0,9.58000013488344,58.8828017615015,18.2775992900133,0,7.84759968519211,0,0.249200011603534,5.16280010342598,0,-1.95396864891765,9.34083105250063,779.672294103009,42.6688604130382,831.454180144313
"50kmE485N510",0,0.0307999987853691,28.9891988039017,18.8232000058633,17.3239995288896,0,29.7540009021759,0,0,5.07880002260208,0,-1.05718495297804,10.9843448275862,634.170620689656,49.4490282131662,881.971084639495
"50kmE490N510",0,0,46.0976010188461,14.4343998222212,12.0144001324661,0,26.1783987283707,0,0,1.27520002424717,0,-0.911253776435042,11.1962487411882,669.814086102719,47.9034869083586,886.529481369592
"50kmE500N510",0.338799989549443,0.0372000009519979,77.8359975665807,10.0948002189398,1.52640002488624,0,8.52480009198189,0,0.235199998132885,1.40680000185966,0,-0.33779372539054,11.6336910961512,744.936936364792,38.049625301664,888.91199034676
"50kmE505N510",0,0,75.3752576187253,14.0767782926559,7.5469831324881,0,2.31368970125914,0,0,0.687289005145431,0,-0.521371997956029,11.5562595809913,711.588221768013,39.0672202350537,896.624540112419
"50kmE460N515",0.0320078106597066,1.26350831706077,14.3090915633365,11.8548922240734,10.4457484558225,0,2.6762530207634,0.0224054674617946,0,1.20189329609275,58.1942021846771,3.18684146930883,10.017145964234,1559.64252054133,28.2795795070082,508.813943934267
"50kmE465N515",1.0128000365512,4.23319991023163,24.4612003210932,15.3124004602432,28.4608002286404,0,4.22840006649494,0.784400012344122,0,0.737199978902936,20.7696005702019,0.693618955278173,10.8728820749,1790.19289783057,25.806702217913,769.667870561145
"50kmE470N515",0.124800000048708,2.75080008432269,18.8395993318409,9.29679973851307,54.4835986569524,0,0.582800013944507,0.311599997803569,0.0151999993249774,0.821600016206503,12.7731993794441,-1.18447982498783,9.57041808458912,1137.8389523578,27.2756562955762,793.428378706854
"50kmE475N515",0,0.227200002700556,9.74000019486994,18.3831997215748,68.8804000616074,0,0.329999998211861,0,0.00280000003840541,2.43640001863241,0,-2.59268129189515,8.27394881170017,874.446825106642,31.3225228519195,789.111736745889
"50kmE495N515",0,0.011600000289036,70.0840016826987,11.2563999369741,2.42359996773303,0,11.2860001623631,0,0.182400003541261,4.75599989295006,0,-0.392497519841257,11.4296626984127,637.469109623016,47.5388764880956,876.961111111104
"50kmE500N515",0.213200005237013,0.097999999707099,61.2972007133067,0.776399986352771,0.0744000019039959,0.0331999995978549,3.26399989426136,0,0.300400005653501,33.9432001113892,0,0.212878504672919,11.6037943925234,669.173669781933,45.8699439252338,856.005669781934
"50kmE465N520",0.0312000003759749,0.674399994022679,13.9211997389793,20.1324000954628,21.1656005136319,0,2.60719992220402,0.0612000003457069,0,1.25679997727275,40.149998664856,2.12605266279207,9.95088957419043,1566.06250741311,26.0520934645949,588.039912228681
"50kmE480N520",0.0732000000425614,0.504799978807569,17.5168005749583,16.3580000400543,59.5440030097962,0,2.47479993849993,0,0.166399998124689,3.12159992754459,0.240399991162121,-1.58702061361455,9.46917545541709,854.007634228188,29.4741850431449,809.755920421861
"50kmE485N520",0,0.014000000373926,19.6511998772621,16.8096005916595,49.6112007531337,0,5.82120008766651,0,0.530399987474084,7.56239965558052,0,-1.13757973281983,10.0678842219279,718.087688049102,40.9908051510412,819.899638945725
"50kmE490N520",0.137599999288795,0.61119997408241,72.0943985506892,11.2424003481465,7.56639995379373,0,5.70759996771812,0,0.773600023239851,1.86679996550083,0,-0.932646027330983,10.9401197242714,628.666767444672,44.8177288668521,877.98922481558
"50kmE495N520",0,0,27.6903993915766,43.1975992425578,8.62840021436569,0,18.5864001512527,0,0,1.89720001071692,0,-0.915338838960396,10.9056473160068,641.629876123388,45.2524168083559,873.656752489677
"50kmE500N520",0,0,51.359200105071,3.69559987448156,0.687200017273426,0,23.8171994686127,0,0.0251999997999519,20.4155996441841,0,-0.0625977517106352,11.2880498533723,638.623851417398,39.9285923753666,848.854386608023
"50kmE505N520",0,0.272897724062204,70.0047648046165,1.74629793036729,2.94989449903368,0,8.4493100643158,0,0.329209957271814,16.2476256489754,0,0.155157804249077,11.3982623111874,673.23790986123,39.3336730934546,849.724450448235
"50kmE485N525",0.188799996976741,0.516000017523766,11.2376002129167,17.8591996431351,53.839198499918,0,5.67039996385574,1.31360003724694,0.0292000011540949,2.38680001348257,6.95919990539551,-0.988027339146828,9.9993518736744,825.34188074476,28.8256540183832,806.289300023568
"50kmE490N525",0,0.0552000012248755,14.1739996848628,6.38240035013951,72.659201004717,0,3.4171998500824,0.0199999994947575,0.189199997112155,1.30759999155998,1.79520007222891,-1.78944095700579,9.37384223617198,792.26993959493,38.9407911879664,816.999478858223
"50kmE495N525",0.0411999993957579,0.196800008416176,17.7135999547317,52.3511985134974,19.5464000920765,0,7.50799998641014,0,0.573199987411499,2.06959992647171,0,-0.931980480837896,10.3425017852892,689.214448940727,40.2280766484168,829.99329921447
"50kmE500N525",0,0,20.2080006769393,45.1760007184931,13.7512000277638,0,15.5195996165276,0,0.0211999999010004,5.32400012016296,0,-0.624841336366893,10.522518261286,702.573703748055,37.6203448688778,830.82088372651
"50kmE505N525",0.709477075724863,0.436852060374803,33.7684187106788,13.6968608363532,30.6807056069374,0,8.66246670484543,0.287702935747802,0.133663683664054,6.76998421549797,4.85386662185192,-0.0180067404910607,11.0123013962445,699.354959075591,34.9939455946075,835.164046701972
"50kmE510N525",0,1.40659341122955,39.0557035803795,14.9768859148026,24.3137553334236,0,7.47252777218819,0,0,10.1129218935966,2.66161430627108,-0.0556174334140123,10.4003268765133,864.708523002429,30.9045157384987,789.445205811135
"50kmE485N530",0.0448000006144866,0.307600011001341,7.03440010547638,23.5091999173164,39.2220012843608,0,3.70279997587204,0.220400001853704,0.0623999978415668,1.92639995366335,23.9700004458427,0.246157840083092,10.164607130495,988.942748355834,20.8656397830852,732.854367139728
"50kmE490N530",0,0.359199992089998,15.7628002343699,10.6604002416134,45.7975995494053,0,2.1959999576211,0.367200002074242,0,1.05320001021028,23.8036006689072,0.271464997681992,10.3430806675939,812.601506722298,27.1228674084377,740.902619378773
"50kmE495N530",0.011600000289036,0.138799997512251,18.6043992638588,15.7364000475354,50.4239989066264,0,6.53079971671104,0.0356000004103407,0.180800002999604,5.07639981806278,3.26119996607304,-0.550804570895502,9.98996035447766,817.239657182839,30.0095382462687,782.367105876864
"50kmE500N530",0.0756000008550472,2.69200004986487,32.620400050655,16.8304003531375,29.9080000724643,0,8.10839980840683,0.206799991428852,1.29760000854731,1.35080004110932,6.90999999642372,-0.614119095065044,10.1965361622319,781.896190364551,32.2279803071154,812.803305591375
"50kmE505N530",0.213199989229906,0.719199993181974,2.5475999340415,13.1395995616913,32.8508006408811,0,3.50559987127781,0.162800005637109,0.011600000289036,0.90319998562336,45.9464013576508,0.0120376914016679,9.98937573616025,712.37242638398,28.3550647820967,756.791495877502
"50kmE485N535",0.023999999393709,0,0.0468000012915581,13.6227995157242,36.4124007523059,0,0.5107999779284,0,0,1.17640001699328,48.2068002223969,2.05120781126537,9.05742747488428,1130.35310983181,23.9620611807202,514.789061970879
"50kmE490N535",0.0704000020050444,0.0323999993270263,0.643600011244416,7.83080011606216,18.0043999105692,0,1.25160003080964,0.287199998274446,0,0.06520000169985,71.8143999576569,1.79780388151177,9.49881398252188,883.689308818522,23.0386902735218,568.053206219498
